frame,label,patch,estimator,L,a,b,R,G,B,dE_to_reference,corrected_dE_medoid_insample,corrected_dE_geomedian_insample,corrected_within_tile_spread,corrected_dE_medoid_heldout_chipfit,n_all,n_core,ref_L,ref_a,ref_b,mc_spread_median,mc_spread_p95,medoid_seed_dE_mean,medoid_seed_dE_max,dE_mcGeoMedian_vs_mcMedoid,dE_coreGeoMedian_vs_coreMedoid,dE_shippedProfileGM_vs_convergedGM,dE_shippedProfileGM_vs_coreMean,dE_mcMedoid_vs_medoid5000px,shipped_gm_returned_a_raw_pixel,uncorrected_dE_medoid,uncorrected_dE_geomedian
chip,1,dark skin,core_geomed_lab,34.3647488926,7.86532977179,16.9231974226,0.398026973043,0.296656104595,0.212981440801,6.45983434817,2.81364284108,2.80138011532,2.83332556437,,24797,10005,37.3149072323,13.3705344523,14.5797859647,2.51425856099,7.55300518841,0.262549841327,0.422664407923,0.215877418592,0.0273026988123,0.237418332351,0.0617908057595,0.319808920925,True,7.63066911663,7.50685815927
chip,1,dark skin,core_mean_srgb,34.166935787,7.81143240854,16.884861498,0.395720964573,0.294967250486,0.211481365444,6.557806181,2.68967917728,2.67478891326,2.85341135645,,24797,10005,37.3149072323,13.3705344523,14.5797859647,2.51425856099,7.55300518841,0.262549841327,0.422664407923,0.215877418592,0.0273026988123,0.237418332351,0.0617908057595,0.319808920925,True,7.63066911663,7.50685815927
chip,1,dark skin,core_medoid_de2000,34.3423378317,7.85811400692,16.9488108191,0.397802379241,0.296463406302,0.212622312988,6.4827568098,2.80050842046,2.78893577355,2.8324392183,,24797,10005,37.3149072323,13.3705344523,14.5797859647,2.51425856099,7.55300518841,0.262549841327,0.422664407923,0.215877418592,0.0273026988123,0.237418332351,0.0617908057595,0.319808920925,True,7.63066911663,7.50685815927
chip,1,dark skin,geomed_lab_converged,32.018519724,7.30969012106,15.7950657921,0.370313171177,0.276783858112,0.199552290479,7.50680699722,,,,,24797,10005,37.3149072323,13.3705344523,14.5797859647,2.51425856099,7.55300518841,0.262549841327,0.422664407923,0.215877418592,0.0273026988123,0.237418332351,0.0617908057595,0.319808920925,True,7.63066911663,7.50685815927
chip,1,dark skin,mc_geomedian,32.0184136828,7.30967073047,15.7950156412,0.370311957955,0.276782952145,0.199551682387,7.50685815927,,,,,24797,10005,37.3149072323,13.3705344523,14.5797859647,2.51425856099,7.55300518841,0.262549841327,0.422664407923,0.215877418592,0.0273026988123,0.237418332351,0.0617908057595,0.319808920925,True,7.63066911663,7.50685815927
chip,1,dark skin,mc_medoid,32.1026011996,7.17061314487,15.9453022259,0.37061085244,0.277831447842,0.199316267834,7.63066911663,,,,,24797,10005,37.3149072323,13.3705344523,14.5797859647,2.51425856099,7.55300518841,0.262549841327,0.422664407923,0.215877418592,0.0273026988123,0.237418332351,0.0617908057595,0.319808920925,True,7.63066911663,7.50685815927
chip,1,dark skin,mean_lab,31.2538268949,6.96150423399,15.364622105,0.360376445692,0.270741623168,0.195562598208,8.04887791398,,,,,24797,10005,37.3149072323,13.3705344523,14.5797859647,2.51425856099,7.55300518841,0.262549841327,0.422664407923,0.215877418592,0.0273026988123,0.237418332351,0.0617908057595,0.319808920925,True,7.63066911663,7.50685815927
chip,1,dark skin,median_lab,32.0657198671,7.24617361179,15.6901011588,0.37028595571,0.277371188035,0.200602982652,7.51086747408,,,,,24797,10005,37.3149072323,13.3705344523,14.5797859647,2.51425856099,7.55300518841,0.262549841327,0.422664407923,0.215877418592,0.0273026988123,0.237418332351,0.0617908057595,0.319808920925,True,7.63066911663,7.50685815927
chip,1,dark skin,medoid_5000px,31.7658891226,7.2448716583,15.7426273295,0.367421721973,0.274657494065,0.197683515386,7.66432277012,,,,,24797,10005,37.3149072323,13.3705344523,14.5797859647,2.51425856099,7.55300518841,0.262549841327,0.422664407923,0.215877418592,0.0273026988123,0.237418332351,0.0617908057595,0.319808920925,True,7.63066911663,7.50685815927
chip,1,dark skin,prof_geomed_srgb,34.1679964742,7.75278252658,16.8033787347,0.395300221256,0.295124742504,0.211993591211,6.58179920042,2.6935162848,2.67772562333,2.86266807717,,24797,10005,37.3149072323,13.3705344523,14.5797859647,2.51425856099,7.55300518841,0.262549841327,0.422664407923,0.215877418592,0.0273026988123,0.237418332351,0.0617908057595,0.319808920925,True,7.63066911663,7.50685815927
chip,1,dark skin,prof_geomed_srgb_strict,34.4186823808,7.85097868665,16.9901777738,0.398581242561,0.297159590484,0.213023944423,6.48102726826,2.84314482701,2.83174905875,2.83342905391,,24797,10005,37.3149072323,13.3705344523,14.5797859647,2.51425856099,7.55300518841,0.262549841327,0.422664407923,0.215877418592,0.0273026988123,0.237418332351,0.0617908057595,0.319808920925,True,7.63066911663,7.50685815927
chip,2,light skin,core_geomed_lab,57.6427409019,13.1173276177,23.4604625255,0.680910258051,0.506555965665,0.385122212454,8.83472186068,3.85849994441,3.67086370301,3.69982504442,,24523,9845,64.3749744464,18.0235169593,17.0522039412,3.67199731892,11.8944642221,0.267548721984,0.484653555729,0.21979312563,0.135575330232,0.386208960891,0.0212524112756,0.0,True,11.441665104,11.2821066937
chip,2,light skin,core_mean_srgb,57.2965107046,12.9990352906,23.3941705673,0.676325732922,0.503376350368,0.3822167515,9.08016715803,3.50906028186,3.3205993136,3.69993702782,,24523,9845,64.3749744464,18.0235169593,17.0522039412,3.67199731892,11.8944642221,0.267548721984,0.484653555729,0.21979312563,0.135575330232,0.386208960891,0.0212524112756,0.0,True,11.441665104,11.2821066937
chip,2,light skin,core_medoid_de2000,57.7818121478,13.1257440692,23.5522990465,0.682627134056,0.50791468862,0.385829197388,8.78233478109,3.86590267627,3.67765346411,3.69804164183,,24523,9845,64.3749744464,18.0235169593,17.0522039412,3.67199731892,11.8944642221,0.267548721984,0.484653555729,0.21979312563,0.135575330232,0.386208960891,0.0212524112756,0.0,True,11.441665104,11.2821066937
chip,2,light skin,geomed_lab_converged,54.1310542412,12.2393028134,22.250410343,0.635698399221,0.473941896481,0.359618276154,11.2820074153,,,,,24523,9845,64.3749744464,18.0235169593,17.0522039412,3.67199731892,11.8944642221,0.267548721984,0.484653555729,0.21979312563,0.135575330232,0.386208960891,0.0212524112756,0.0,True,11.441665104,11.2821066937
chip,2,light skin,mc_geomedian,54.1309249158,12.2392744724,22.2503648637,0.635696766533,0.473940692666,0.359617349632,11.2821066937,,,,,24523,9845,64.3749744464,18.0235169593,17.0522039412,3.67199731892,11.8944642221,0.267548721984,0.484653555729,0.21979312563,0.135575330232,0.386208960891,0.0212524112756,0.0,True,11.441665104,11.2821066937
chip,2,light skin,mc_medoid,53.9080816004,12.2081789597,22.1538347835,0.632959072038,0.471825860212,0.358149013403,11.441665104,,,,,24523,9845,64.3749744464,18.0235169593,17.0522039412,3.67199731892,11.8944642221,0.267548721984,0.484653555729,0.21979312563,0.135575330232,0.386208960891,0.0212524112756,0.0,True,11.441665104,11.2821066937
chip,2,light skin,mean_lab,52.7141031594,11.9378139441,21.6297195014,0.617715897914,0.460785877225,0.350325029377,12.3777714141,,,,,24523,9845,64.3749744464,18.0235169593,17.0522039412,3.67199731892,11.8944642221,0.267548721984,0.484653555729,0.21979312563,0.135575330232,0.386208960891,0.0212524112756,0.0,True,11.441665104,11.2821066937
chip,2,light skin,median_lab,54.1966961108,12.2031586973,22.1915095431,0.636103700027,0.474696300432,0.360638264911,11.2309807945,,,,,24523,9845,64.3749744464,18.0235169593,17.0522039412,3.67199731892,11.8944642221,0.267548721984,0.484653555729,0.21979312563,0.135575330232,0.386208960891,0.0212524112756,0.0,True,11.441665104,11.2821066937
chip,2,light skin,medoid_5000px,53.9080816004,12.2081789597,22.1538347835,0.632959072038,0.471825860212,0.358149013403,11.441665104,,,,,24523,9845,64.3749744464,18.0235169593,17.0522039412,3.67199731892,11.8944642221,0.267548721984,0.484653555729,0.21979312563,0.135575330232,0.386208960891,0.0212524112756,0.0,True,11.441665104,11.2821066937
chip,2,light skin,prof_geomed_srgb,57.3055512512,12.9761834301,23.3587468662,0.676234073396,0.503532463569,0.38254367895,9.07306589698,3.53558992628,3.3480259468,3.70232231978,,24523,9845,64.3749744464,18.0235169593,17.0522039412,3.67199731892,11.8944642221,0.267548721984,0.484653555729,0.21979312563,0.135575330232,0.386208960891,0.0212524112756,0.0,True,11.441665104,11.2821066937
chip,2,light skin,prof_geomed_srgb_strict,57.7113168763,13.1327353136,23.4991726241,0.681812974909,0.507180116205,0.385513795328,8.80051804047,3.91116235294,3.72338393153,3.70007439215,,24523,9845,64.3749744464,18.0235169593,17.0522039412,3.67199731892,11.8944642221,0.267548721984,0.484653555729,0.21979312563,0.135575330232,0.386208960891,0.0212524112756,0.0,True,11.441665104,11.2821066937
chip,3,blue sky,core_geomed_lab,42.4235878073,-0.571383410923,-12.2877501016,0.343157825877,0.397253862344,0.471234479125,8.90511682794,4.05011759883,3.92722421757,3.28564437598,,24112,9634,49.6180419709,-1.18031118953,-22.1653639872,2.79180467637,7.67818801085,0.300383267952,0.447467285602,0.199372529067,0.0861998776189,0.320000591713,0.0216078392461,0.18428186939,True,11.2553965767,11.2132364675
chip,3,blue sky,core_mean_srgb,42.1519748753,-0.534300938869,-12.2485505104,0.341035114773,0.39455533422,0.468293665816,9.12234173453,3.67101959,3.54943027107,3.32105858334,,24112,9634,49.6180419709,-1.18031118953,-22.1653639872,2.79180467637,7.67818801085,0.300383267952,0.447467285602,0.199372529067,0.0861998776189,0.320000591713,0.0216078392461,0.18428186939,True,11.2553965767,11.2132364675
chip,3,blue sky,core_medoid_de2000,42.3483518103,-0.539824195914,-12.2365772329,0.342922102976,0.396453095826,0.470163616484,8.98617756658,4.02474533077,3.90252822594,3.28745528148,,24112,9634,49.6180419709,-1.18031118953,-22.1653639872,2.79180467637,7.67818801085,0.300383267952,0.447467285602,0.199372529067,0.0861998776189,0.320000591713,0.0216078392461,0.18428186939,True,11.2553965767,11.2132364675
chip,3,blue sky,geomed_lab_converged,39.6020657106,-0.545547278574,-11.5560596176,0.31986433404,0.370080141898,0.438784432811,11.2131454991,,,,,24112,9634,49.6180419709,-1.18031118953,-22.1653639872,2.79180467637,7.67818801085,0.300383267952,0.447467285602,0.199372529067,0.0861998776189,0.320000591713,0.0216078392461,0.18428186939,True,11.2553965767,11.2132364675
chip,3,blue sky,mc_geomedian,39.6019550985,-0.545545989179,-11.5560305543,0.319863430194,0.370079082586,0.43878316644,11.2132364675,,,,,24112,9634,49.6180419709,-1.18031118953,-22.1653639872,2.79180467637,7.67818801085,0.300383267952,0.447467285602,0.199372529067,0.0861998776189,0.320000591713,0.0216078392461,0.18428186939,True,11.2553965767,11.2132364675
chip,3,blue sky,mc_medoid,39.4554849914,-0.505614594657,-11.7780176141,0.317820685967,0.368681136119,0.438760384113,11.2553965767,,,,,24112,9634,49.6180419709,-1.18031118953,-22.1653639872,2.79180467637,7.67818801085,0.300383267952,0.447467285602,0.199372529067,0.0861998776189,0.320000591713,0.0216078392461,0.18428186939,True,11.2553965767,11.2132364675
chip,3,blue sky,mean_lab,38.6902636489,-0.558434256494,-11.2267628344,0.312635068687,0.361385065068,0.427799096051,11.9869932614,,,,,24112,9634,49.6180419709,-1.18031118953,-22.1653639872,2.79180467637,7.67818801085,0.300383267952,0.447467285602,0.199372529067,0.0861998776189,0.320000591713,0.0216078392461,0.18428186939,True,11.2553965767,11.2132364675
chip,3,blue sky,median_lab,39.6519543962,-0.555361679295,-11.4818419488,0.320582620154,0.370549495903,0.43880118656,11.1998944102,,,,,24112,9634,49.6180419709,-1.18031118953,-22.1653639872,2.79180467637,7.67818801085,0.300383267952,0.447467285602,0.199372529067,0.0861998776189,0.320000591713,0.0216078392461,0.18428186939,True,11.2553965767,11.2132364675
chip,3,blue sky,medoid_5000px,39.4165272114,-0.511385242004,-11.5009944343,0.318629317081,0.368238653885,0.436624124399,11.3746782712,,,,,24112,9634,49.6180419709,-1.18031118953,-22.1653639872,2.79180467637,7.67818801085,0.300383267952,0.447467285602,0.199372529067,0.0861998776189,0.320000591713,0.0216078392461,0.18428186939,True,11.2553965767,11.2132364675
chip,3,blue sky,prof_geomed_srgb,42.1450878577,-0.523929747177,-12.2242203974,0.341161211566,0.394460975051,0.468070496681,9.13915343525,3.67590235191,3.55106292861,3.31695186977,,24112,9634,49.6180419709,-1.18031118953,-22.1653639872,2.79180467637,7.67818801085,0.300383267952,0.447467285602,0.199372529067,0.0861998776189,0.320000591713,0.0216078392461,0.18428186939,True,11.2553965767,11.2132364675
chip,3,blue sky,prof_geomed_srgb_strict,42.4792580199,-0.585930623839,-12.3185427186,0.343428087466,0.39781820765,0.471979908394,8.85016893762,4.11960002585,3.99652127704,3.27846720028,,24112,9634,49.6180419709,-1.18031118953,-22.1653639872,2.79180467637,7.67818801085,0.300383267952,0.447467285602,0.199372529067,0.0861998776189,0.320000591713,0.0216078392461,0.18428186939,True,11.2553965767,11.2132364675
chip,4,foliage,core_geomed_lab,40.6792574719,-16.0477485076,26.5844323622,0.330552956235,0.400524419051,0.199797791108,2.9972428604,1.87223192161,1.80805972164,3.30633523782,,24797,10005,43.3546978928,-14.6439666211,22.8637467789,2.87602250426,8.66361505303,0.23829171797,0.302617254565,0.135830271962,0.0534256081455,0.23792163694,0.0270379483433,0.135525018815,True,5.01877070542,4.91198028774
chip,4,foliage,core_mean_srgb,40.5358002047,-15.9633418583,26.4118251719,0.329441320387,0.399014759806,0.199734033952,3.05614995901,1.74766399741,1.69420789699,3.33235187386,,24797,10005,43.3546978928,-14.6439666211,22.8637467789,2.87602250426,8.66361505303,0.23829171797,0.302617254565,0.135830271962,0.0534256081455,0.23792163694,0.0270379483433,0.135525018815,True,5.01877070542,4.91198028774
chip,4,foliage,core_medoid_de2000,40.7196033576,-15.9915830936,26.6037548495,0.331364965558,0.40081877924,0.200036108664,2.97158097789,1.82151121431,1.76417025996,3.3121890571,,24797,10005,43.3546978928,-14.6439666211,22.8637467789,2.87602250426,8.66361505303,0.23829171797,0.302617254565,0.135830271962,0.0534256081455,0.23792163694,0.0270379483433,0.135525018815,True,5.01877070542,4.91198028774
chip,4,foliage,geomed_lab_converged,37.9347582603,-15.1517893829,24.9226586108,0.307484181122,0.372974510262,0.187085867033,4.91192489231,,,,,24797,10005,43.3546978928,-14.6439666211,22.8637467789,2.87602250426,8.66361505303,0.23829171797,0.302617254565,0.135830271962,0.0534256081455,0.23792163694,0.0270379483433,0.135525018815,True,5.01877070542,4.91198028774
chip,4,foliage,mc_geomedian,37.934687469,-15.1517647318,24.9226175689,0.307483603615,0.372973801384,0.187085528346,4.91198028774,,,,,24797,10005,43.3546978928,-14.6439666211,22.8637467789,2.87602250426,8.66361505303,0.23829171797,0.302617254565,0.135830271962,0.0534256081455,0.23792163694,0.0270379483433,0.135525018815,True,5.01877070542,4.91198028774
chip,4,foliage,mc_medoid,37.8068720345,-15.2792874771,24.9279040057,0.305409405239,0.371963299809,0.185890586755,5.01877070542,,,,,24797,10005,43.3546978928,-14.6439666211,22.8637467789,2.87602250426,8.66361505303,0.23829171797,0.302617254565,0.135830271962,0.0534256081455,0.23792163694,0.0270379483433,0.135525018815,True,5.01877070542,4.91198028774
chip,4,foliage,mean_lab,37.0263880207,-14.6283216394,24.1989388427,0.301135020306,0.363586415333,0.184141129827,5.62484288502,,,,,24797,10005,43.3546978928,-14.6439666211,22.8637467789,2.87602250426,8.66361505303,0.23829171797,0.302617254565,0.135830271962,0.0534256081455,0.23792163694,0.0270379483433,0.135525018815,True,5.01877070542,4.91198028774
chip,4,foliage,median_lab,38.0102088004,-15.1208475852,24.8340071059,0.308246309483,0.373653465924,0.188372489093,4.84055281721,,,,,24797,10005,43.3546978928,-14.6439666211,22.8637467789,2.87602250426,8.66361505303,0.23829171797,0.302617254565,0.135830271962,0.0534256081455,0.23792163694,0.0270379483433,0.135525018815,True,5.01877070542,4.91198028774
chip,4,foliage,medoid_5000px,37.9478387599,-15.2088806645,24.9848567453,0.307332036971,0.373184063017,0.186760361611,4.90668030439,,,,,24797,10005,43.3546978928,-14.6439666211,22.8637467789,2.87602250426,8.66361505303,0.23829171797,0.302617254565,0.135830271962,0.0534256081455,0.23792163694,0.0270379483433,0.135525018815,True,5.01877070542,4.91198028774
chip,4,foliage,prof_geomed_srgb,40.5294293203,-15.9227122696,26.4170320365,0.329671168078,0.398886091402,0.199649042496,3.06095576755,1.57985209784,1.51457267198,3.33486675458,,24797,10005,43.3546978928,-14.6439666211,22.8637467789,2.87602250426,8.66361505303,0.23829171797,0.302617254565,0.135830271962,0.0534256081455,0.23792163694,0.0270379483433,0.135525018815,True,5.01877070542,4.91198028774
chip,4,foliage,prof_geomed_srgb_strict,40.7434522562,-16.1347103235,26.6751032405,0.330734163957,0.401264796266,0.199712947994,2.97834509663,1.88619951368,1.82268814271,3.30403902403,,24797,10005,43.3546978928,-14.6439666211,22.8637467789,2.87602250426,8.66361505303,0.23829171797,0.302617254565,0.135830271962,0.0534256081455,0.23792163694,0.0270379483433,0.135525018815,True,5.01877070542,4.91198028774
chip,5,blue flower,core_geomed_lab,48.9520376145,7.93380963762,-11.8854271772,0.472100895904,0.442008398263,0.534912928898,9.65867359609,3.03274436864,3.15654721945,3.55391602547,,24523,9845,55.1801131524,12.1421884056,-24.571222951,3.24569815666,10.3430487721,0.278519215434,0.480177872232,0.172968789602,0.0709337372564,0.508793443352,0.0782329940839,0.186175168078,True,12.2685662075,12.2979617648
chip,5,blue flower,core_mean_srgb,48.5300402529,7.89853560568,-11.8055362564,0.467944066114,0.437925960265,0.530107267669,9.97802765285,2.6134658327,2.73681659905,3.55727879414,,24523,9845,55.1801131524,12.1421884056,-24.571222951,3.24569815666,10.3430487721,0.278519215434,0.480177872232,0.172968789602,0.0709337372564,0.508793443352,0.0782329940839,0.186175168078,True,12.2685662075,12.2979617648
chip,5,blue flower,core_medoid_de2000,48.9870957937,7.92393319966,-11.9654082866,0.472088493968,0.442400593402,0.535792922329,9.59482687125,3.02170783941,3.14542127565,3.55449651036,,24523,9845,55.1801131524,12.1421884056,-24.571222951,3.24569815666,10.3430487721,0.278519215434,0.480177872232,0.172968789602,0.0709337372564,0.508793443352,0.0782329940839,0.186175168078,True,12.2685662075,12.2979617648
chip,5,blue flower,geomed_lab_converged,45.7297757853,7.58985432402,-11.2310110744,0.440199692851,0.411247074853,0.498145653847,12.297846735,,,,,24523,9845,55.1801131524,12.1421884056,-24.571222951,3.24569815666,10.3430487721,0.278519215434,0.480177872232,0.172968789602,0.0709337372564,0.508793443352,0.0782329940839,0.186175168078,True,12.2685662075,12.2979617648
chip,5,blue flower,mc_geomedian,45.729642936,7.58983689136,-11.230983652,0.440198364608,0.41124582204,0.4981441446,12.2979617648,,,,,24523,9845,55.1801131524,12.1421884056,-24.571222951,3.24569815666,10.3430487721,0.278519215434,0.480177872232,0.172968789602,0.0709337372564,0.508793443352,0.0782329940839,0.186175168078,True,12.2685662075,12.2979617648
chip,5,blue flower,mc_medoid,45.8568330393,7.49935052257,-11.06987439,0.441386976279,0.412629622239,0.498362375982,12.2685662075,,,,,24523,9845,55.1801131524,12.1421884056,-24.571222951,3.24569815666,10.3430487721,0.278519215434,0.480177872232,0.172968789602,0.0709337372564,0.508793443352,0.0782329940839,0.186175168078,True,12.2685662075,12.2979617648
chip,5,blue flower,mean_lab,44.391812455,7.29124077101,-10.8072831579,0.426523909336,0.39889562993,0.482023040041,13.5263827835,,,,,24523,9845,55.1801131524,12.1421884056,-24.571222951,3.24569815666,10.3430487721,0.278519215434,0.480177872232,0.172968789602,0.0709337372564,0.508793443352,0.0782329940839,0.186175168078,True,12.2685662075,12.2979617648
chip,5,blue flower,median_lab,45.7360630691,7.50824628436,-11.1807964237,0.439868078312,0.411477758989,0.49787439577,12.314386737,,,,,24523,9845,55.1801131524,12.1421884056,-24.571222951,3.24569815666,10.3430487721,0.278519215434,0.480177872232,0.172968789602,0.0709337372564,0.508793443352,0.0782329940839,0.186175168078,True,12.2685662075,12.2979617648
chip,5,blue flower,medoid_5000px,45.6874254183,7.43985476171,-11.1368863617,0.439067619512,0.411149441676,0.497095866694,12.3712240158,,,,,24523,9845,55.1801131524,12.1421884056,-24.571222951,3.24569815666,10.3430487721,0.278519215434,0.480177872232,0.172968789602,0.0709337372564,0.508793443352,0.0782329940839,0.186175168078,True,12.2685662075,12.2979617648
chip,5,blue flower,prof_geomed_srgb,48.5123142956,7.97826435546,-11.8488810592,0.468177309834,0.437582970932,0.530220492866,9.97034877905,2.68712448707,2.80440337084,3.55639955797,,24523,9845,55.1801131524,12.1421884056,-24.571222951,3.24569815666,10.3430487721,0.278519215434,0.480177872232,0.172968789602,0.0709337372564,0.508793443352,0.0782329940839,0.186175168078,True,12.2685662075,12.2979617648
chip,5,blue flower,prof_geomed_srgb_strict,49.0190594313,7.92341744728,-11.8809551131,0.472704508267,0.442675920984,0.535559092344,9.6172795977,3.09802953735,3.22141360684,3.55372043879,,24523,9845,55.1801131524,12.1421884056,-24.571222951,3.24569815666,10.3430487721,0.278519215434,0.480177872232,0.172968789602,0.0709337372564,0.508793443352,0.0782329940839,0.186175168078,True,12.2685662075,12.2979617648
chip,6,bluish green,core_geomed_lab,64.3669410724,-25.9133934864,9.29437887292,0.428014754295,0.660264034116,0.543884625108,8.57558640398,3.07917665158,3.32448738225,3.48674141957,,24660,9924,70.6705390714,-31.9379466806,0.084064595589,3.45856360372,14.8766250198,0.343358889289,0.612420666923,0.246684964484,0.0644011472712,0.442787463476,0.0605534978473,0.299227436294,True,10.6969571638,10.8902959123
chip,6,bluish green,core_mean_srgb,63.9017960069,-25.7806637416,9.27313982959,0.424490204289,0.655102808198,0.539319617988,8.82529441195,2.68798557732,2.93292995073,3.48153223279,,24660,9924,70.6705390714,-31.9379466806,0.084064595589,3.45856360372,14.8766250198,0.343358889289,0.612420666923,0.246684964484,0.0644011472712,0.442787463476,0.0605534978473,0.299227436294,True,10.6969571638,10.8902959123
chip,6,bluish green,core_medoid_de2000,64.315859763,-25.9916626402,9.3585059932,0.426999352352,0.659843599906,0.542906239886,8.61467892742,3.02267945539,3.26993339721,3.48610133005,,24660,9924,70.6705390714,-31.9379466806,0.084064595589,3.45856360372,14.8766250198,0.343358889289,0.612420666923,0.246684964484,0.0644011472712,0.442787463476,0.0605534978473,0.299227436294,True,10.6969571638,10.8902959123
chip,6,bluish green,geomed_lab_converged,60.4516979838,-24.5076227705,8.68262967514,0.399490906797,0.616765738531,0.508757201041,10.890194428,,,,,24660,9924,70.6705390714,-31.9379466806,0.084064595589,3.45856360372,14.8766250198,0.343358889289,0.612420666923,0.246684964484,0.0644011472712,0.442787463476,0.0605534978473,0.299227436294,True,10.6969571638,10.8902959123
chip,6,bluish green,mc_geomedian,60.45155047,-24.5075695141,8.682609387,0.399489853691,0.616764108914,0.508755866526,10.8902959123,,,,,24660,9924,70.6705390714,-31.9379466806,0.084064595589,3.45856360372,14.8766250198,0.343358889289,0.612420666923,0.246684964484,0.0644011472712,0.442787463476,0.0605534978473,0.299227436294,True,10.6969571638,10.8902959123
chip,6,bluish green,mc_medoid,60.6891699433,-24.7752307461,8.729437954,0.399456531041,0.619696369654,0.510785676216,10.6969571638,,,,,24660,9924,70.6705390714,-31.9379466806,0.084064595589,3.45856360372,14.8766250198,0.343358889289,0.612420666923,0.246684964484,0.0644011472712,0.442787463476,0.0605534978473,0.299227436294,True,10.6969571638,10.8902959123
chip,6,bluish green,mean_lab,58.630924589,-23.7261057525,8.46048653723,0.387862542248,0.5964956552,0.492154595154,12.2355676887,,,,,24660,9924,70.6705390714,-31.9379466806,0.084064595589,3.45856360372,14.8766250198,0.343358889289,0.612420666923,0.246684964484,0.0644011472712,0.442787463476,0.0605534978473,0.299227436294,True,10.6969571638,10.8902959123
chip,6,bluish green,median_lab,60.5581472605,-24.51242335,8.57096707358,0.400023586699,0.61791157233,0.510598545129,10.7768511301,,,,,24660,9924,70.6705390714,-31.9379466806,0.084064595589,3.45856360372,14.8766250198,0.343358889289,0.612420666923,0.246684964484,0.0644011472712,0.442787463476,0.0605534978473,0.299227436294,True,10.6969571638,10.8902959123
chip,6,bluish green,medoid_5000px,60.4253670038,-24.3999088798,8.60236652082,0.399929494218,0.616324092169,0.509061371441,10.8997870516,,,,,24660,9924,70.6705390714,-31.9379466806,0.084064595589,3.45856360372,14.8766250198,0.343358889289,0.612420666923,0.246684964484,0.0644011472712,0.442787463476,0.0605534978473,0.299227436294,True,10.6969571638,10.8902959123
chip,6,bluish green,prof_geomed_srgb,63.9291207348,-25.7504197571,9.18096867781,0.424658579385,0.655359731441,0.540245670253,8.77460847054,2.72236405043,2.96655367794,3.48985247873,,24660,9924,70.6705390714,-31.9379466806,0.084064595589,3.45856360372,14.8766250198,0.343358889289,0.612420666923,0.246684964484,0.0644011472712,0.442787463476,0.0605534978473,0.299227436294,True,10.6969571638,10.8902959123
chip,6,bluish green,prof_geomed_srgb_strict,64.4450416,-25.9572368864,9.29587879108,0.428375706404,0.661153713545,0.544657121734,8.52923613034,3.14333133214,3.38868184993,3.48634915938,,24660,9924,70.6705390714,-31.9379466806,0.084064595589,3.45856360372,14.8766250198,0.343358889289,0.612420666923,0.246684964484,0.0644011472712,0.442787463476,0.0605534978473,0.299227436294,True,10.6969571638,10.8902959123
chip,7,orange,core_geomed_lab,55.4436070591,22.6356973144,55.2815276894,0.741791796402,0.453919452566,0.115960976264,8.56791341805,4.17677148525,4.4784841661,5.08327061991,,27331,10773,62.1081508121,33.3696320444,55.7646303752,4.53625917481,19.9671465784,0.292463225766,0.480132259086,0.0754909682414,0.0512768439038,0.400400131324,0.0295691024395,0.150061096028,True,11.8277587466,11.8881581611
chip,7,orange,core_mean_srgb,55.0689179882,22.4820009351,55.1125437187,0.736464173582,0.450654992417,0.113444972349,8.85716919556,3.83230418752,4.18468419261,5.06984539349,,27331,10773,62.1081508121,33.3696320444,55.7646303752,4.53625917481,19.9671465784,0.292463225766,0.480132259086,0.0754909682414,0.0512768439038,0.400400131324,0.0295691024395,0.150061096028,True,11.8277587466,11.8881581611
chip,7,orange,core_medoid_de2000,55.4814594124,22.582082008,55.2995138985,0.741967388476,0.454450830439,0.116149407034,8.56988698561,4.25702187547,4.56783117144,5.08557059216,,27331,10773,62.1081508121,33.3696320444,55.7646303752,4.53625917481,19.9671465784,0.292463225766,0.480132259086,0.0754909682414,0.0512768439038,0.400400131324,0.0295691024395,0.150061096028,True,11.8277587466,11.8881581611
chip,7,orange,geomed_lab_converged,51.2858409543,20.9179161475,51.3173230836,0.681722765829,0.418400669191,0.111365135802,11.888067847,,,,,27331,10773,62.1081508121,33.3696320444,55.7646303752,4.53625917481,19.9671465784,0.292463225766,0.480132259086,0.0754909682414,0.0512768439038,0.400400131324,0.0295691024395,0.150061096028,True,11.8277587466,11.8881581611
chip,7,orange,mc_geomedian,51.2857388874,20.9178756425,51.317223573,0.681721309906,0.41839979894,0.111365042497,11.8881581611,,,,,27331,10773,62.1081508121,33.3696320444,55.7646303752,4.53625917481,19.9671465784,0.292463225766,0.480132259086,0.0754909682414,0.0512768439038,0.400400131324,0.0295691024395,0.150061096028,True,11.8277587466,11.8881581611
chip,7,orange,mc_medoid,51.3603588917,20.9231557476,51.3594266949,0.682640524477,0.419109240068,0.111737911121,11.8277587466,,,,,27331,10773,62.1081508121,33.3696320444,55.7646303752,4.53625917481,19.9671465784,0.292463225766,0.480132259086,0.0754909682414,0.0512768439038,0.400400131324,0.0295691024395,0.150061096028,True,11.8277587466,11.8881581611
chip,7,orange,mean_lab,48.8954037113,19.5131555879,48.2441531992,0.644954630737,0.399473804858,0.116204317125,14.1968549628,,,,,27331,10773,62.1081508121,33.3696320444,55.7646303752,4.53625917481,19.9671465784,0.292463225766,0.480132259086,0.0754909682414,0.0512768439038,0.400400131324,0.0295691024395,0.150061096028,True,11.8277587466,11.8881581611
chip,7,orange,median_lab,51.2062228166,21.0071380406,51.3166731452,0.681262038764,0.417365882934,0.110566942268,11.9247607625,,,,,27331,10773,62.1081508121,33.3696320444,55.7646303752,4.53625917481,19.9671465784,0.292463225766,0.480132259086,0.0754909682414,0.0512768439038,0.400400131324,0.0295691024395,0.150061096028,True,11.8277587466,11.8881581611
chip,7,orange,medoid_5000px,51.2212005382,20.9539239227,51.5411045594,0.681297725887,0.417644354549,0.108304872693,11.9506792152,,,,,27331,10773,62.1081508121,33.3696320444,55.7646303752,4.53625917481,19.9671465784,0.292463225766,0.480132259086,0.0754909682414,0.0512768439038,0.400400131324,0.0295691024395,0.150061096028,True,11.8277587466,11.8881581611
chip,7,orange,prof_geomed_srgb,55.0628727216,22.5275552453,55.1077115735,0.736629282063,0.450461585412,0.113466086824,8.84084516675,3.75282597208,4.03464079926,4.9788382483,,27331,10773,62.1081508121,33.3696320444,55.7646303752,4.53625917481,19.9671465784,0.292463225766,0.480132259086,0.0754909682414,0.0512768439038,0.400400131324,0.0295691024395,0.150061096028,True,11.8277587466,11.8881581611
chip,7,orange,prof_geomed_srgb_strict,55.4794355131,22.6479893243,55.3637176618,0.742332082712,0.454208618792,0.115445851247,8.55219913907,4.20698246111,4.5204944552,5.04629753258,,27331,10773,62.1081508121,33.3696320444,55.7646303752,4.53625917481,19.9671465784,0.292463225766,0.480132259086,0.0754909682414,0.0512768439038,0.400400131324,0.0295691024395,0.150061096028,True,11.8277587466,11.8881581611
chip,8,purplish blue,core_geomed_lab,31.6709493838,17.5194867444,-35.6719510266,0.261067361883,0.266521162499,0.512857849838,8.90773547988,2.54322897903,2.22554778599,3.24652467011,,27029,10653,40.055640693,16.2557324798,-44.3692721207,2.70116749626,10.8494858379,0.378421318565,0.778176672287,0.347778240427,0.045892047439,0.252485733328,0.0241354057894,0.224733998295,True,11.0765865863,10.875686269
chip,8,purplish blue,core_mean_srgb,31.4393506846,17.4687571214,-35.5129119467,0.259341980929,0.264485987286,0.50950152852,9.08933907038,2.28971196021,1.97046560547,3.27333334223,,27029,10653,40.055640693,16.2557324798,-44.3692721207,2.70116749626,10.8494858379,0.378421318565,0.778176672287,0.347778240427,0.045892047439,0.252485733328,0.0241354057894,0.224733998295,True,11.0765865863,10.875686269
chip,8,purplish blue,core_medoid_de2000,31.696422567,17.5987674739,-35.7026905828,0.26181037722,0.266563883949,0.51331507893,8.90951167476,2.55406995351,2.23211237712,3.24644458477,,27029,10653,40.055640693,16.2557324798,-44.3692721207,2.70116749626,10.8494858379,0.378421318565,0.778176672287,0.347778240427,0.045892047439,0.252485733328,0.0241354057894,0.224733998295,True,11.0765865863,10.875686269
chip,8,purplish blue,geomed_lab_converged,29.2540144772,15.9742622139,-32.8669873239,0.242068352338,0.247388535438,0.470891113265,10.8756410884,,,,,27029,10653,40.055640693,16.2557324798,-44.3692721207,2.70116749626,10.8494858379,0.378421318565,0.778176672287,0.347778240427,0.045892047439,0.252485733328,0.0241354057894,0.224733998295,True,11.0765865863,10.875686269
chip,8,purplish blue,mc_geomedian,29.2539600457,15.9742286515,-32.8669240935,0.24206793706,0.247388104017,0.470890175085,10.875686269,,,,,27029,10653,40.055640693,16.2557324798,-44.3692721207,2.70116749626,10.8494858379,0.378421318565,0.778176672287,0.347778240427,0.045892047439,0.252485733328,0.0241354057894,0.224733998295,True,11.0765865863,10.875686269
chip,8,purplish blue,mc_medoid,28.9363657698,15.4405693551,-32.3747134623,0.23756265363,0.245643629274,0.464638700164,11.0765865863,,,,,27029,10653,40.055640693,16.2557324798,-44.3692721207,2.70116749626,10.8494858379,0.378421318565,0.778176672287,0.347778240427,0.045892047439,0.252485733328,0.0241354057894,0.224733998295,True,11.0765865863,10.875686269
chip,8,purplish blue,mean_lab,28.4630449705,14.9626442017,-30.8078394692,0.238829767773,0.241833784519,0.450246976658,11.7781091109,,,,,27029,10653,40.055640693,16.2557324798,-44.3692721207,2.70116749626,10.8494858379,0.378421318565,0.778176672287,0.347778240427,0.045892047439,0.252485733328,0.0241354057894,0.224733998295,True,11.0765865863,10.875686269
chip,8,purplish blue,median_lab,29.1983486468,15.9401702761,-32.9629809016,0.240599897727,0.247031502538,0.470925191162,10.8660197703,,,,,27029,10653,40.055640693,16.2557324798,-44.3692721207,2.70116749626,10.8494858379,0.378421318565,0.778176672287,0.347778240427,0.045892047439,0.252485733328,0.0241354057894,0.224733998295,True,11.0765865863,10.875686269
chip,8,purplish blue,medoid_5000px,29.1440957653,15.7801242722,-32.6279616289,0.240873862302,0.246772828628,0.468300870616,10.9657298467,,,,,27029,10653,40.055640693,16.2557324798,-44.3692721207,2.70116749626,10.8494858379,0.378421318565,0.778176672287,0.347778240427,0.045892047439,0.252485733328,0.0241354057894,0.224733998295,True,11.0765865863,10.875686269
chip,8,purplish blue,prof_geomed_srgb,31.4318464874,17.4181960799,-35.4813348971,0.259037155718,0.264530403601,0.509224078737,9.08733499801,2.28933130695,1.97444118129,3.26663528767,,27029,10653,40.055640693,16.2557324798,-44.3692721207,2.70116749626,10.8494858379,0.378421318565,0.778176672287,0.347778240427,0.045892047439,0.252485733328,0.0241354057894,0.224733998295,True,11.0765865863,10.875686269
chip,8,purplish blue,prof_geomed_srgb_strict,31.7194232276,17.5904442673,-35.7689723893,0.261513535392,0.26682347604,0.513962923245,8.86855979852,2.60453551688,2.28467953333,3.24096335236,,27029,10653,40.055640693,16.2557324798,-44.3692721207,2.70116749626,10.8494858379,0.378421318565,0.778176672287,0.347778240427,0.045892047439,0.252485733328,0.0241354057894,0.224733998295,True,11.0765865863,10.875686269
chip,9,moderate red,core_geomed_lab,47.078663846,36.4204668737,22.2881933264,0.687989135755,0.330688911837,0.298778857682,7.8017626786,2.97144488264,2.88719280844,4.1605255474,,26576,10424,50.0579766452,48.095691371,15.6009692873,3.70302009994,15.0719505108,0.228506780477,0.31887080541,0.124109802691,0.0478546611507,0.373001543252,0.036701566223,0.0363764350045,True,9.93449428339,9.8899772014
chip,9,moderate red,core_mean_srgb,46.78170962,36.2657307223,22.1729680591,0.683693880424,0.328337748554,0.296766712215,7.91911506631,2.73176831278,2.63810250747,4.18578732338,,26576,10424,50.0579766452,48.095691371,15.6009692873,3.70302009994,15.0719505108,0.228506780477,0.31887080541,0.124109802691,0.0478546611507,0.373001543252,0.036701566223,0.0363764350045,True,9.93449428339,9.8899772014
chip,9,moderate red,core_medoid_de2000,47.0840285646,36.459320593,22.2279146643,0.688180541126,0.330608960977,0.299232431939,7.75633662518,3.05863770828,2.96889339771,4.15514122862,,26576,10424,50.0579766452,48.095691371,15.6009692873,3.70302009994,15.0719505108,0.228506780477,0.31887080541,0.124109802691,0.0478546611507,0.373001543252,0.036701566223,0.0363764350045,True,9.93449428339,9.8899772014
chip,9,moderate red,geomed_lab_converged,43.5075380038,33.8644777641,20.8373273877,0.633122879958,0.305462952106,0.275024056892,9.88991612745,,,,,26576,10424,50.0579766452,48.095691371,15.6009692873,3.70302009994,15.0719505108,0.228506780477,0.31887080541,0.124109802691,0.0478546611507,0.373001543252,0.036701566223,0.0363764350045,True,9.93449428339,9.8899772014
chip,9,moderate red,mc_geomedian,43.5074448164,33.8644154873,20.8372856722,0.633121477016,0.305462282605,0.275023467305,9.8899772014,,,,,26576,10424,50.0579766452,48.095691371,15.6009692873,3.70302009994,15.0719505108,0.228506780477,0.31887080541,0.124109802691,0.0478546611507,0.373001543252,0.036701566223,0.0363764350045,True,9.93449428339,9.8899772014
chip,9,moderate red,mc_medoid,43.550742104,33.5809994856,20.7681228333,0.632119023381,0.30694030288,0.27579439251,9.93449428339,,,,,26576,10424,50.0579766452,48.095691371,15.6009692873,3.70302009994,15.0719505108,0.228506780477,0.31887080541,0.124109802691,0.0478546611507,0.373001543252,0.036701566223,0.0363764350045,True,9.93449428339,9.8899772014
chip,9,moderate red,mean_lab,41.8279601391,32.0409591293,19.8986949914,0.604248112027,0.296011997035,0.265463233026,11.2067845006,,,,,26576,10424,50.0579766452,48.095691371,15.6009692873,3.70302009994,15.0719505108,0.228506780477,0.31887080541,0.124109802691,0.0478546611507,0.373001543252,0.036701566223,0.0363764350045,True,9.93449428339,9.8899772014
chip,9,moderate red,median_lab,43.4292014909,34.0189764584,20.803133634,0.632974812177,0.304136749664,0.274572432439,9.87269587838,,,,,26576,10424,50.0579766452,48.095691371,15.6009692873,3.70302009994,15.0719505108,0.228506780477,0.31887080541,0.124109802691,0.0478546611507,0.373001543252,0.036701566223,0.0363764350045,True,9.93449428339,9.8899772014
chip,9,moderate red,medoid_5000px,43.5176127529,33.628926417,20.7919488871,0.632012207164,0.306436771923,0.275351877685,9.94668489847,,,,,26576,10424,50.0579766452,48.095691371,15.6009692873,3.70302009994,15.0719505108,0.228506780477,0.31887080541,0.124109802691,0.0478546611507,0.373001543252,0.036701566223,0.0363764350045,True,9.93449428339,9.8899772014
chip,9,moderate red,prof_geomed_srgb,46.7650590601,36.3302325568,22.1627802507,0.683817807279,0.327931639582,0.296696421759,7.89721979456,2.68248481115,2.59658001961,4.17837434926,,26576,10424,50.0579766452,48.095691371,15.6009692873,3.70302009994,15.0719505108,0.228506780477,0.31887080541,0.124109802691,0.0478546611507,0.373001543252,0.036701566223,0.0363764350045,True,9.93449428339,9.8899772014
chip,9,moderate red,prof_geomed_srgb_strict,47.137953525,36.4668148544,22.3281993325,0.688945522477,0.331069711122,0.299069664436,7.78188132209,3.0134870316,2.93153059625,4.15680429076,,26576,10424,50.0579766452,48.095691371,15.6009692873,3.70302009994,15.0719505108,0.228506780477,0.31887080541,0.124109802691,0.0478546611507,0.373001543252,0.036701566223,0.0363764350045,True,9.93449428339,9.8899772014
chip,10,purple,core_geomed_lab,24.0341442903,18.9404452669,-13.5418056757,0.296773953952,0.184747669634,0.30468590913,6.3083873369,3.38245957198,3.15245690741,2.73730260356,,27331,10773,30.2103699882,24.3892386639,-20.8819504697,2.41376500461,12.9938205526,0.459925823417,0.613722631902,0.36390812183,0.0508424387396,0.205750252873,0.0145927338354,0.19667395432,True,8.13454881724,7.95005717643
chip,10,purple,core_mean_srgb,23.8467165637,18.7664129158,-13.4121753808,0.294429136202,0.183552974085,0.302187066274,6.47483962203,3.13688029529,2.90632345971,2.75602729315,,27331,10773,30.2103699882,24.3892386639,-20.8819504697,2.41376500461,12.9938205526,0.459925823417,0.613722631902,0.36390812183,0.0508424387396,0.205750252873,0.0145927338354,0.19667395432,True,8.13454881724,7.95005717643
chip,10,purple,core_medoid_de2000,23.972557167,18.9761398198,-13.5325309744,0.296424120854,0.184107457207,0.304067786507,6.33913435952,3.40189057258,3.16781320362,2.73299234083,,27331,10773,30.2103699882,24.3892386639,-20.8819504697,2.41376500461,12.9938205526,0.459925823417,0.613722631902,0.36390812183,0.0508424387396,0.205750252873,0.0145927338354,0.19667395432,True,8.13454881724,7.95005717643
chip,10,purple,geomed_lab_converged,22.2231803798,17.2473340488,-12.2515007255,0.274304151178,0.1733210981,0.280479535817,7.9500050479,,,,,27331,10773,30.2103699882,24.3892386639,-20.8819504697,2.41376500461,12.9938205526,0.459925823417,0.613722631902,0.36390812183,0.0508424387396,0.205750252873,0.0145927338354,0.19667395432,True,8.13454881724,7.95005717643
chip,10,purple,mc_geomedian,22.2231249704,17.2472788262,-12.2514591163,0.274303454992,0.173320758015,0.280478787672,7.95005717643,,,,,27331,10773,30.2103699882,24.3892386639,-20.8819504697,2.41376500461,12.9938205526,0.459925823417,0.613722631902,0.36390812183,0.0508424387396,0.205750252873,0.0145927338354,0.19667395432,True,8.13454881724,7.95005717643
chip,10,purple,mc_medoid,21.7598607082,17.4991205588,-12.3119526367,0.271261783971,0.168680078514,0.276647248051,8.13454881724,,,,,27331,10773,30.2103699882,24.3892386639,-20.8819504697,2.41376500461,12.9938205526,0.459925823417,0.613722631902,0.36390812183,0.0508424387396,0.205750252873,0.0145927338354,0.19667395432,True,8.13454881724,7.95005717643
chip,10,purple,mean_lab,21.9205629035,15.8923420507,-11.0657109053,0.267373684723,0.173935597592,0.270790610874,8.75937144835,,,,,27331,10773,30.2103699882,24.3892386639,-20.8819504697,2.41376500461,12.9938205526,0.459925823417,0.613722631902,0.36390812183,0.0508424387396,0.205750252873,0.0145927338354,0.19667395432,True,8.13454881724,7.95005717643
chip,10,purple,median_lab,22.1473686011,17.2344752474,-12.2995860103,0.273403078767,0.172724720363,0.280067001119,7.97751686566,,,,,27331,10773,30.2103699882,24.3892386639,-20.8819504697,2.41376500461,12.9938205526,0.459925823417,0.613722631902,0.36390812183,0.0508424387396,0.205750252873,0.0145927338354,0.19667395432,True,8.13454881724,7.95005717643
chip,10,purple,medoid_5000px,21.9009114807,17.237522831,-12.2954310776,0.271170259001,0.17060269158,0.277806945249,8.10909412161,,,,,27331,10773,30.2103699882,24.3892386639,-20.8819504697,2.41376500461,12.9938205526,0.459925823417,0.613722631902,0.36390812183,0.0508424387396,0.205750252873,0.0145927338354,0.19667395432,True,8.13454881724,7.95005717643
chip,10,purple,prof_geomed_srgb,23.8542675009,18.7547091453,-13.4270689407,0.294392309453,0.183657587549,0.302342259861,6.46767275499,3.19931199582,2.97922383066,2.75179761195,,27331,10773,30.2103699882,24.3892386639,-20.8819504697,2.41376500461,12.9938205526,0.459925823417,0.613722631902,0.36390812183,0.0508424387396,0.205750252873,0.0145927338354,0.19667395432,True,8.13454881724,7.95005717643
chip,10,purple,prof_geomed_srgb_strict,24.0578265131,18.9876144206,-13.5721772779,0.297167664393,0.184824579946,0.305084460105,6.27927857988,3.41408709828,3.1833777727,2.73015569175,,27331,10773,30.2103699882,24.3892386639,-20.8819504697,2.41376500461,12.9938205526,0.459925823417,0.613722631902,0.36390812183,0.0508424387396,0.205750252873,0.0145927338354,0.19667395432,True,8.13454881724,7.95005717643
chip,11,yellow green,core_geomed_lab,66.6634526984,-27.9619284872,58.7260044125,0.562045768778,0.68095825842,0.174980221778,3.80500746179,5.39389045416,4.52805844423,4.89058269499,,27029,10653,71.5229920181,-28.4163521473,58.8483467164,4.79034131709,23.8908805336,0.566183911165,0.806179128134,0.60840616308,0.0781162675786,0.461417398018,0.0396395610568,0.210016227424,True,8.4771289532,7.88774292983
chip,11,yellow green,core_mean_srgb,66.07368326,-27.7379545964,58.2296178,0.556627657614,0.674348579385,0.173791387313,4.28530709572,4.94676892317,4.02522103445,4.94452350302,,27029,10653,71.5229920181,-28.4163521473,58.8483467164,4.79034131709,23.8908805336,0.566183911165,0.806179128134,0.60840616308,0.0781162675786,0.461417398018,0.0396395610568,0.210016227424,True,8.4771289532,7.88774292983
chip,11,yellow green,core_medoid_de2000,66.7053090684,-27.9126935764,58.9028036932,0.563102105108,0.681301400564,0.173499369579,3.77423476006,5.41873279481,4.56448406792,4.87942203709,,27029,10653,71.5229920181,-28.4163521473,58.8483467164,4.79034131709,23.8908805336,0.566183911165,0.806179128134,0.60840616308,0.0781162675786,0.461417398018,0.0396395610568,0.210016227424,True,8.4771289532,7.88774292983
chip,11,yellow green,geomed_lab_converged,61.8641252732,-25.9819353765,54.4836201899,0.519098004977,0.627402399975,0.167632403801,7.88761767292,,,,,27029,10653,71.5229920181,-28.4163521473,58.8483467164,4.79034131709,23.8908805336,0.566183911165,0.806179128134,0.60840616308,0.0781162675786,0.461417398018,0.0396395610568,0.210016227424,True,8.4771289532,7.88774292983
chip,11,yellow green,mc_geomedian,61.8639839676,-25.9818768806,54.4834896347,0.519096743213,0.627400835286,0.167632241834,7.88774292983,,,,,27029,10653,71.5229920181,-28.4163521473,58.8483467164,4.79034131709,23.8908805336,0.566183911165,0.806179128134,0.60840616308,0.0781162675786,0.461417398018,0.0396395610568,0.210016227424,True,8.4771289532,7.88774292983
chip,11,yellow green,mc_medoid,61.1744552235,-25.7323998871,54.5397316006,0.513601988991,0.619775666667,0.159382581706,8.4771289532,,,,,27029,10653,71.5229920181,-28.4163521473,58.8483467164,4.79034131709,23.8908805336,0.566183911165,0.806179128134,0.60840616308,0.0781162675786,0.461417398018,0.0396395610568,0.210016227424,True,8.4771289532,7.88774292983
chip,11,yellow green,mean_lab,58.9596150149,-24.4207950072,51.3513967332,0.4952602508,0.594821565684,0.168911053457,10.5505743155,,,,,27029,10653,71.5229920181,-28.4163521473,58.8483467164,4.79034131709,23.8908805336,0.566183911165,0.806179128134,0.60840616308,0.0781162675786,0.461417398018,0.0396395610568,0.210016227424,True,8.4771289532,7.88774292983
chip,11,yellow green,median_lab,61.7585324749,-26.0581330432,54.5359806773,0.51747948495,0.626425687948,0.16585305566,7.97263466811,,,,,27029,10653,71.5229920181,-28.4163521473,58.8483467164,4.79034131709,23.8908805336,0.566183911165,0.806179128134,0.60840616308,0.0781162675786,0.461417398018,0.0396395610568,0.210016227424,True,8.4771289532,7.88774292983
chip,11,yellow green,medoid_5000px,61.3802441995,-25.938364178,54.4805041007,0.514227623011,0.622278174181,0.162251114976,8.2977716731,,,,,27029,10653,71.5229920181,-28.4163521473,58.8483467164,4.79034131709,23.8908805336,0.566183911165,0.806179128134,0.60840616308,0.0781162675786,0.461417398018,0.0396395610568,0.210016227424,True,8.4771289532,7.88774292983
chip,11,yellow green,prof_geomed_srgb,66.1010188186,-27.804560407,58.2213919174,0.556420233463,0.674753948272,0.174166475929,4.26172225666,4.93590230626,4.06913251741,4.89575527987,,27029,10653,71.5229920181,-28.4163521473,58.8483467164,4.79034131709,23.8908805336,0.566183911165,0.806179128134,0.60840616308,0.0781162675786,0.461417398018,0.0396395610568,0.210016227424,True,8.4771289532,7.88774292983
chip,11,yellow green,prof_geomed_srgb_strict,66.6393925694,-27.9841605573,58.777878268,0.561689191335,0.680720634275,0.174085143207,3.82413706883,5.37930653024,4.50587158275,4.90140929849,,27029,10653,71.5229920181,-28.4163521473,58.8483467164,4.79034131709,23.8908805336,0.566183911165,0.806179128134,0.60840616308,0.0781162675786,0.461417398018,0.0396395610568,0.210016227424,True,8.4771289532,7.88774292983
chip,12,orange yellow,core_geomed_lab,66.5207368235,3.48013562671,68.6805929041,0.774343741925,0.614887442839,0.045482777634,7.90239249249,3.73749647794,3.24779337481,5.60089819082,,27180,10708,70.9646413125,14.7507847582,67.2475837126,4.57535749465,28.0893156121,0.335239421593,0.516666304231,0.241091024684,0.0920261337513,0.549043222919,0.085711837959,0.224970519064,True,10.5928090206,10.3937461418
chip,12,orange yellow,core_mean_srgb,65.8297578914,3.42928134991,68.1277466942,0.765562934074,0.607911747278,0.0437237810374,8.16313080657,3.20732648138,2.86710745211,5.57247207809,,27180,10708,70.9646413125,14.7507847582,67.2475837126,4.57535749465,28.0893156121,0.335239421593,0.516666304231,0.241091024684,0.0920261337513,0.549043222919,0.085711837959,0.224970519064,True,10.5928090206,10.3937461418
chip,12,orange yellow,core_medoid_de2000,66.5834870088,3.39993341947,68.8998290152,0.774758766782,0.615707613614,0.0406427750366,7.93707628877,3.90064852483,3.41542183228,5.57128780044,,27180,10708,70.9646413125,14.7507847582,67.2475837126,4.57535749465,28.0893156121,0.335239421593,0.516666304231,0.241091024684,0.0920261337513,0.549043222919,0.085711837959,0.224970519064,True,10.5928090206,10.3937461418
chip,12,orange yellow,geomed_lab_converged,61.5482666241,3.16974601424,63.0130387333,0.710724701879,0.56516817736,0.0714789131935,10.393673255,,,,,27180,10708,70.9646413125,14.7507847582,67.2475837126,4.57535749465,28.0893156121,0.335239421593,0.516666304231,0.241091024684,0.0920261337513,0.549043222919,0.085711837959,0.224970519064,True,10.5928090206,10.3937461418
chip,12,orange yellow,mc_geomedian,61.5481551203,3.16973733337,63.0129274755,0.710723287258,0.565167073928,0.0714790623958,10.3937461418,,,,,27180,10708,70.9646413125,14.7507847582,67.2475837126,4.57535749465,28.0893156121,0.335239421593,0.516666304231,0.241091024684,0.0920261337513,0.549043222919,0.085711837959,0.224970519064,True,10.5928090206,10.3937461418
chip,12,orange yellow,mc_medoid,61.3342174655,3.03366711719,63.4742167605,0.707787181223,0.563275869032,0.0583854146499,10.5928090206,,,,,27180,10708,70.9646413125,14.7507847582,67.2475837126,4.57535749465,28.0893156121,0.335239421593,0.516666304231,0.241091024684,0.0920261337513,0.549043222919,0.085711837959,0.224970519064,True,10.5928090206,10.3937461418
chip,12,orange yellow,mean_lab,58.6223715841,2.81316752486,58.7809220892,0.672094859192,0.536751928289,0.0949481202568,12.5419555934,,,,,27180,10708,70.9646413125,14.7507847582,67.2475837126,4.57535749465,28.0893156121,0.335239421593,0.516666304231,0.241091024684,0.0920261337513,0.549043222919,0.085711837959,0.224970519064,True,10.5928090206,10.3937461418
chip,12,orange yellow,median_lab,61.6521480248,3.11771512105,62.940787135,0.711570726941,0.566350080717,0.0744800414466,10.3507746611,,,,,27180,10708,70.9646413125,14.7507847582,67.2475837126,4.57535749465,28.0893156121,0.335239421593,0.516666304231,0.241091024684,0.0920261337513,0.549043222919,0.085711837959,0.224970519064,True,10.5928090206,10.3937461418
chip,12,orange yellow,medoid_5000px,61.4380406211,3.18106320055,62.8066149978,0.709374140148,0.564038851067,0.0734101059539,10.4565820055,,,,,27180,10708,70.9646413125,14.7507847582,67.2475837126,4.57535749465,28.0893156121,0.335239421593,0.516666304231,0.241091024684,0.0920261337513,0.549043222919,0.085711837959,0.224970519064,True,10.5928090206,10.3937461418
chip,12,orange yellow,prof_geomed_srgb,65.7953252345,3.5602035955,68.1285983666,0.765926604105,0.607248035401,0.0431067368582,8.10693000123,2.32308571136,2.76666839525,5.09811827316,,27180,10708,70.9646413125,14.7507847582,67.2475837126,4.57535749465,28.0893156121,0.335239421593,0.516666304231,0.241091024684,0.0920261337513,0.549043222919,0.085711837959,0.224970519064,True,10.5928090206,10.3937461418
chip,12,orange yellow,prof_geomed_srgb_strict,66.4457231904,3.4691101902,68.6781661239,0.773398838024,0.614119078968,0.0436254296843,7.93523454548,3.69969574982,3.27439952249,5.4060838779,,27180,10708,70.9646413125,14.7507847582,67.2475837126,4.57535749465,28.0893156121,0.335239421593,0.516666304231,0.241091024684,0.0920261337513,0.549043222919,0.085711837959,0.224970519064,True,10.5928090206,10.3937461418
chip,13,blue,core_geomed_lab,19.9324439618,23.1327752972,-38.5705886789,0.16941631622,0.15141645277,0.413445646586,9.12530865223,2.53518605748,2.55983668861,2.45494299522,,26788,10600,29.1495129498,21.6670229957,-48.7421271756,2.25778516096,10.5638338718,0.199452794974,0.374371001081,0.185158828792,0.0666260555296,0.148350000489,0.0403611429497,0.253320178526,True,10.3049726088,10.3247908235
chip,13,blue,core_mean_srgb,19.7754098072,23.0466470436,-38.4181445385,0.168186459489,0.150255306469,0.410984022652,9.23210814801,2.41333352813,2.44476846173,2.47972395757,,26788,10600,29.1495129498,21.6670229957,-48.7421271756,2.25778516096,10.5638338718,0.199452794974,0.374371001081,0.185158828792,0.0666260555296,0.148350000489,0.0403611429497,0.253320178526,True,10.3049726088,10.3247908235
chip,13,blue,core_medoid_de2000,19.9697592173,23.2459285262,-38.5920782022,0.170653466777,0.151400896364,0.413947777426,9.13743465155,2.55471942682,2.58119159367,2.44287570775,,26788,10600,29.1495129498,21.6670229957,-48.7421271756,2.25778516096,10.5638338718,0.199452794974,0.374371001081,0.185158828792,0.0666260555296,0.148350000489,0.0403611429497,0.253320178526,True,10.3049726088,10.3247908235
chip,13,blue,geomed_lab_converged,18.4624651667,21.0734376277,-35.5741696829,0.159081497395,0.143181753744,0.381177209739,10.3247637355,,,,,26788,10600,29.1495129498,21.6670229957,-48.7421271756,2.25778516096,10.5638338718,0.199452794974,0.374371001081,0.185158828792,0.0666260555296,0.148350000489,0.0403611429497,0.253320178526,True,10.3049726088,10.3247908235
chip,13,blue,mc_geomedian,18.4624369024,21.0733791386,-35.5740882521,0.159081312281,0.143181633751,0.381176452174,10.3247908235,,,,,26788,10600,29.1495129498,21.6670229957,-48.7421271756,2.25778516096,10.5638338718,0.199452794974,0.374371001081,0.185158828792,0.0666260555296,0.148350000489,0.0403611429497,0.253320178526,True,10.3049726088,10.3247908235
chip,13,blue,mc_medoid,18.3137053074,21.1764329581,-35.9127472613,0.155881862104,0.141894640633,0.381735929405,10.3049726088,,,,,26788,10600,29.1495129498,21.6670229957,-48.7421271756,2.25778516096,10.5638338718,0.199452794974,0.374371001081,0.185158828792,0.0666260555296,0.148350000489,0.0403611429497,0.253320178526,True,10.3049726088,10.3247908235
chip,13,blue,mean_lab,18.1331865727,19.77997889,-33.4597010875,0.160132858891,0.142734875767,0.365493148687,10.9178566208,,,,,26788,10600,29.1495129498,21.6670229957,-48.7421271756,2.25778516096,10.5638338718,0.199452794974,0.374371001081,0.185158828792,0.0666260555296,0.148350000489,0.0403611429497,0.253320178526,True,10.3049726088,10.3247908235
chip,13,blue,median_lab,18.3351699004,21.0480097026,-35.7011922365,0.15659249803,0.142295851337,0.380689948156,10.3335807582,,,,,26788,10600,29.1495129498,21.6670229957,-48.7421271756,2.25778516096,10.5638338718,0.199452794974,0.374371001081,0.185158828792,0.0666260555296,0.148350000489,0.0403611429497,0.253320178526,True,10.3049726088,10.3247908235
chip,13,blue,medoid_5000px,18.4974391918,20.9298484605,-35.3875986006,0.159589427149,0.14375642287,0.380408401827,10.3336440995,,,,,26788,10600,29.1495129498,21.6670229957,-48.7421271756,2.25778516096,10.5638338718,0.199452794974,0.374371001081,0.185158828792,0.0666260555296,0.148350000489,0.0403611429497,0.253320178526,True,10.3049726088,10.3247908235
chip,13,blue,prof_geomed_srgb,19.815133456,22.9784918239,-38.3741812202,0.168337529564,0.150759136339,0.411108567941,9.20509693053,2.46444859967,2.49509308159,2.47252734812,,26788,10600,29.1495129498,21.6670229957,-48.7421271756,2.25778516096,10.5638338718,0.199452794974,0.374371001081,0.185158828792,0.0666260555296,0.148350000489,0.0403611429497,0.253320178526,True,10.3049726088,10.3247908235
chip,13,blue,prof_geomed_srgb_strict,19.9646127815,23.1946616404,-38.6432619836,0.169724517401,0.151550298371,0.414199142749,9.10326688537,2.58602570183,2.61119095701,2.44635155706,,26788,10600,29.1495129498,21.6670229957,-48.7421271756,2.25778516096,10.5638338718,0.199452794974,0.374371001081,0.185158828792,0.0666260555296,0.148350000489,0.0403611429497,0.253320178526,True,10.3049726088,10.3247908235
chip,14,green,core_geomed_lab,50.5183441624,-34.1633140677,34.5664604373,0.297813102298,0.525016858204,0.227590686942,5.29970840473,4.27394837085,4.17197780821,4.49872938401,,26492,10452,54.3538637158,-42.6786194261,32.8714488287,4.22993211922,14.5271956237,0.273014224579,0.618296910641,0.132452082724,0.0416424864815,0.422636384279,0.014011136722,0.0,True,9.01094705911,8.94461860229
chip,14,green,core_mean_srgb,50.1482567949,-33.9322766042,34.3806218269,0.295770228912,0.520915656063,0.225577815741,5.60590327701,3.89919139537,3.79159747817,4.51164633879,,26492,10452,54.3538637158,-42.6786194261,32.8714488287,4.22993211922,14.5271956237,0.273014224579,0.618296910641,0.132452082724,0.0416424864815,0.422636384279,0.014011136722,0.0,True,9.01094705911,8.94461860229
chip,14,green,core_medoid_de2000,50.4851680058,-34.096855859,34.5388997585,0.298039995939,0.524585642203,0.227505123943,5.33818911934,4.25480216943,4.15152562458,4.50093510713,,26492,10452,54.3538637158,-42.6786194261,32.8714488287,4.22993211922,14.5271956237,0.273014224579,0.618296910641,0.132452082724,0.0416424864815,0.422636384279,0.014011136722,0.0,True,9.01094705911,8.94461860229
chip,14,green,geomed_lab_converged,46.5319700705,-31.5235203353,32.0208742711,0.275910579234,0.481111350245,0.210295254717,8.94449025018,,,,,26492,10452,54.3538637158,-42.6786194261,32.8714488287,4.22993211922,14.5271956237,0.273014224579,0.618296910641,0.132452082724,0.0416424864815,0.422636384279,0.014011136722,0.0,True,9.01094705911,8.94461860229
chip,14,green,mc_geomedian,46.5318371966,-31.5234373437,32.0207864934,0.275909798225,0.481109905719,0.210294702174,8.94461860229,,,,,26492,10452,54.3538637158,-42.6786194261,32.8714488287,4.22993211922,14.5271956237,0.273014224579,0.618296910641,0.132452082724,0.0416424864815,0.422636384279,0.014011136722,0.0,True,9.01094705911,8.94461860229
chip,14,green,mc_medoid,46.5075661628,-31.2261594524,31.7683929863,0.277775982682,0.480471028356,0.212031620136,9.01094705911,,,,,26492,10452,54.3538637158,-42.6786194261,32.8714488287,4.22993211922,14.5271956237,0.273014224579,0.618296910641,0.132452082724,0.0416424864815,0.422636384279,0.014011136722,0.0,True,9.01094705911,8.94461860229
chip,14,green,mean_lab,44.8231411152,-30.1006223562,30.6518639332,0.268540966716,0.462121435476,0.205065418704,10.6616509299,,,,,26492,10452,54.3538637158,-42.6786194261,32.8714488287,4.22993211922,14.5271956237,0.273014224579,0.618296910641,0.132452082724,0.0416424864815,0.422636384279,0.014011136722,0.0,True,9.01094705911,8.94461860229
chip,14,green,median_lab,46.5118749892,-31.605366934,32.0763185953,0.275089943735,0.481019269738,0.209673394791,8.94914031712,,,,,26492,10452,54.3538637158,-42.6786194261,32.8714488287,4.22993211922,14.5271956237,0.273014224579,0.618296910641,0.132452082724,0.0416424864815,0.422636384279,0.014011136722,0.0,True,9.01094705911,8.94461860229
chip,14,green,medoid_5000px,46.5075661628,-31.2261594524,31.7683929863,0.277775982682,0.480471028356,0.212031620136,9.01094705911,,,,,26492,10452,54.3538637158,-42.6786194261,32.8714488287,4.22993211922,14.5271956237,0.273014224579,0.618296910641,0.132452082724,0.0416424864815,0.422636384279,0.014011136722,0.0,True,9.01094705911,8.94461860229
chip,14,green,prof_geomed_srgb,50.1432836444,-33.9667237766,34.3958253913,0.295429922942,0.520912489509,0.225406271458,5.60235070244,3.9130228945,3.81042432949,4.51075817167,,26492,10452,54.3538637158,-42.6786194261,32.8714488287,4.22993211922,14.5271956237,0.273014224579,0.618296910641,0.132452082724,0.0416424864815,0.422636384279,0.014011136722,0.0,True,9.01094705911,8.94461860229
chip,14,green,prof_geomed_srgb_strict,50.5535305248,-34.204947679,34.6165548145,0.297903935226,0.525419626246,0.22751875592,5.27104140706,4.32078415068,4.21622584661,4.49960953695,,26492,10452,54.3538637158,-42.6786194261,32.8714488287,4.22993211922,14.5271956237,0.273014224579,0.618296910641,0.132452082724,0.0416424864815,0.422636384279,0.014011136722,0.0,True,9.01094705911,8.94461860229
chip,15,red,core_geomed_lab,39.2243255679,36.0317068003,27.9281486425,0.601848545635,0.253913466762,0.191579645297,6.66334664096,3.57364621316,3.59076037806,3.50920368187,,26048,10272,41.8159677202,50.323734474,27.3622600889,3.06116492088,10.5017960947,0.314385691839,0.499644199477,0.181418367605,0.0579018244422,0.281013925452,0.0266738273293,0.198738571409,True,8.40014874797,8.3325665941
chip,15,red,core_mean_srgb,38.9242177362,35.8013129726,27.791385526,0.597239433187,0.251932790129,0.189793290463,6.81372786159,3.27482608321,3.31528588058,3.51220305654,,26048,10272,41.8159677202,50.323734474,27.3622600889,3.06116492088,10.5017960947,0.314385691839,0.499644199477,0.181418367605,0.0579018244422,0.281013925452,0.0266738273293,0.198738571409,True,8.40014874797,8.3325665941
chip,15,red,core_medoid_de2000,39.2853072486,36.0616632875,27.9081302039,0.602668671855,0.254389562428,0.192251295118,6.62457917423,3.4968317297,3.54367431813,3.47161813488,,26048,10272,41.8159677202,50.323734474,27.3622600889,3.06116492088,10.5017960947,0.314385691839,0.499644199477,0.181418367605,0.0579018244422,0.281013925452,0.0266738273293,0.198738571409,True,8.40014874797,8.3325665941
chip,15,red,geomed_lab_converged,36.3071134783,33.5344785386,26.027622887,0.555653525654,0.236098112436,0.177975420644,8.33252670213,,,,,26048,10272,41.8159677202,50.323734474,27.3622600889,3.06116492088,10.5017960947,0.314385691839,0.499644199477,0.181418367605,0.0579018244422,0.281013925452,0.0266738273293,0.198738571409,True,8.40014874797,8.3325665941
chip,15,red,mc_geomedian,36.3070515048,33.5344274794,26.0275821134,0.55565256032,0.236097727947,0.177975136392,8.3325665941,,,,,26048,10272,41.8159677202,50.323734474,27.3622600889,3.06116492088,10.5017960947,0.314385691839,0.499644199477,0.181418367605,0.0579018244422,0.281013925452,0.0266738273293,0.198738571409,True,8.40014874797,8.3325665941
chip,15,red,mc_medoid,36.2460420648,33.2146385846,25.6678786882,0.553183824679,0.236839701534,0.17967766167,8.40014874797,,,,,26048,10272,41.8159677202,50.323734474,27.3622600889,3.06116492088,10.5017960947,0.314385691839,0.499644199477,0.181418367605,0.0579018244422,0.281013925452,0.0266738273293,0.198738571409,True,8.40014874797,8.3325665941
chip,15,red,mean_lab,35.1780226844,31.9577836822,25.0224725822,0.534886004009,0.231660771651,0.174296683987,9.27992172141,,,,,26048,10272,41.8159677202,50.323734474,27.3622600889,3.06116492088,10.5017960947,0.314385691839,0.499644199477,0.181418367605,0.0579018244422,0.281013925452,0.0266738273293,0.198738571409,True,8.40014874797,8.3325665941
chip,15,red,median_lab,36.2613306837,33.6592849321,25.8975729716,0.555622644166,0.235189157946,0.178461972839,8.27050415552,,,,,26048,10272,41.8159677202,50.323734474,27.3622600889,3.06116492088,10.5017960947,0.314385691839,0.499644199477,0.181418367605,0.0579018244422,0.281013925452,0.0266738273293,0.198738571409,True,8.40014874797,8.3325665941
chip,15,red,medoid_5000px,36.1562807255,33.2939686593,26.0197971771,0.55283285057,0.235603784319,0.176656392741,8.50115900271,,,,,26048,10272,41.8159677202,50.323734474,27.3622600889,3.06116492088,10.5017960947,0.314385691839,0.499644199477,0.181418367605,0.0579018244422,0.281013925452,0.0266738273293,0.198738571409,True,8.40014874797,8.3325665941
chip,15,red,prof_geomed_srgb,38.9489763542,35.806979526,27.7665557958,0.597528038453,0.252155336843,0.190173189899,6.7946324004,3.33219485352,3.37030310825,3.49662857276,,26048,10272,41.8159677202,50.323734474,27.3622600889,3.06116492088,10.5017960947,0.314385691839,0.499644199477,0.181418367605,0.0579018244422,0.281013925452,0.0266738273293,0.198738571409,True,8.40014874797,8.3325665941
chip,15,red,prof_geomed_srgb_strict,39.249337392,36.0633230311,27.9536886197,0.60230472326,0.254001937806,0.191636521289,6.65050979668,3.55221307378,3.59804916742,3.47923854805,,26048,10272,41.8159677202,50.323734474,27.3622600889,3.06116492088,10.5017960947,0.314385691839,0.499644199477,0.181418367605,0.0579018244422,0.281013925452,0.0266738273293,0.198738571409,True,8.40014874797,8.3325665941
chip,16,yellow,core_geomed_lab,75.6828701841,-9.1497577034,77.1093231991,0.810934103679,0.738850035977,0.000168546592267,5.83823833809,4.42689403715,5.11148210102,5.13350139516,,26788,10600,81.2952417117,-1.87406763019,80.91564034,4.12229639707,23.7685881464,0.308429463526,0.58233419878,0.281467078545,0.0339750628598,0.481640636782,0.0157729655512,0.171870671003,True,9.01619346892,9.26717145256
chip,16,yellow,core_mean_srgb,75.0782880529,-9.11266241521,76.5897633851,0.803648482519,0.732340697971,0.000429640793987,6.1622669105,3.69096314712,4.50837036362,5.14684770352,,26788,10600,81.2952417117,-1.87406763019,80.91564034,4.12229639707,23.7685881464,0.308429463526,0.58233419878,0.281467078545,0.0339750628598,0.481640636782,0.0157729655512,0.171870671003,True,9.01619346892,9.26717145256
chip,16,yellow,core_medoid_de2000,75.7276267655,-9.16255488258,77.1488071928,0.811410766464,0.739352307854,8.09959244371e-05,5.81905250319,4.50571878202,5.32243088207,5.15686924325,,26788,10600,81.2952417117,-1.87406763019,80.91564034,4.12229639707,23.7685881464,0.308429463526,0.58233419878,0.281467078545,0.0339750628598,0.481640636782,0.0157729655512,0.171870671003,True,9.01619346892,9.26717145256
chip,16,yellow,geomed_lab_converged,70.2616621987,-8.62602557433,71.4361112719,0.746440365453,0.680732511085,0.0366780896468,9.26705067615,,,,,26788,10600,81.2952417117,-1.87406763019,80.91564034,4.12229639707,23.7685881464,0.308429463526,0.58233419878,0.281467078545,0.0339750628598,0.481640636782,0.0157729655512,0.171870671003,True,9.01619346892,9.26717145256
chip,16,yellow,mc_geomedian,70.26149295,-8.62601266651,71.4359512366,0.746438358969,0.680730716658,0.0366785272444,9.26717145256,,,,,26788,10600,81.2952417117,-1.87406763019,80.91564034,4.12229639707,23.7685881464,0.308429463526,0.58233419878,0.281467078545,0.0339750628598,0.481640636782,0.0157729655512,0.171870671003,True,9.01619346892,9.26717145256
chip,16,yellow,mc_medoid,70.6236489863,-8.62506754078,71.597415646,0.750771670199,0.684525072285,0.0418450968954,9.01619346892,,,,,26788,10600,81.2952417117,-1.87406763019,80.91564034,4.12229639707,23.7685881464,0.308429463526,0.58233419878,0.281467078545,0.0339750628598,0.481640636782,0.0157729655512,0.171870671003,True,9.01619346892,9.26717145256
chip,16,yellow,mean_lab,67.3615123846,-8.3669364511,67.5774053419,0.711550143342,0.650117676521,0.0713303908935,11.5012283825,,,,,26788,10600,81.2952417117,-1.87406763019,80.91564034,4.12229639707,23.7685881464,0.308429463526,0.58233419878,0.281467078545,0.0339750628598,0.481640636782,0.0157729655512,0.171870671003,True,9.01619346892,9.26717145256
chip,16,yellow,median_lab,70.2883214529,-8.58074260782,71.3238356611,0.746946249659,0.680924859507,0.0412834622992,9.24594262975,,,,,26788,10600,81.2952417117,-1.87406763019,80.91564034,4.12229639707,23.7685881464,0.308429463526,0.58233419878,0.281467078545,0.0339750628598,0.481640636782,0.0157729655512,0.171870671003,True,9.01619346892,9.26717145256
chip,16,yellow,medoid_5000px,70.4037144673,-8.5720838694,71.603927834,0.748559112267,0.682098833503,0.0353314068445,9.14608813802,,,,,26788,10600,81.2952417117,-1.87406763019,80.91564034,4.12229639707,23.7685881464,0.308429463526,0.58233419878,0.281467078545,0.0339750628598,0.481640636782,0.0157729655512,0.171870671003,True,9.01619346892,9.26717145256
chip,16,yellow,prof_geomed_srgb,75.0640234038,-9.0915020105,76.5909932705,0.80361638819,0.732143129625,0.0,6.16143594621,4.41438100075,5.21733622694,4.73045580315,,26788,10600,81.2952417117,-1.87406763019,80.91564034,4.12229639707,23.7685881464,0.308429463526,0.58233419878,0.281467078545,0.0339750628598,0.481640636782,0.0157729655512,0.171870671003,True,9.01619346892,9.26717145256
chip,16,yellow,prof_geomed_srgb_strict,75.7051472404,-9.15218318343,77.1285848374,0.811199213192,0.739069379463,6.80141250335e-05,5.82709291747,4.6172798372,5.26443011419,5.11977348336,,26788,10600,81.2952417117,-1.87406763019,80.91564034,4.12229639707,23.7685881464,0.308429463526,0.58233419878,0.281467078545,0.0339750628598,0.481640636782,0.0157729655512,0.171870671003,True,9.01619346892,9.26717145256
chip,17,magenta,core_geomed_lab,44.8706240125,40.7422202762,-4.13955953495,0.646856616634,0.299921416547,0.448113166304,8.03713082041,4.56045646441,4.39234405789,4.24970676886,,26492,10452,50.4032815274,52.48562976,-14.8215971057,3.60301994297,12.6532153153,0.30352795068,0.575804799673,0.188500630098,0.0558777814661,0.418942403066,0.0200193563228,0.187985435186,True,11.123106391,10.9390694132
chip,17,magenta,core_mean_srgb,44.4862791709,40.4197434856,-4.08916490101,0.641022473012,0.297359933727,0.443979775694,8.34831474847,4.20592324827,4.02597664018,4.28648493689,,26492,10452,50.4032815274,52.48562976,-14.8215971057,3.60301994297,12.6532153153,0.30352795068,0.575804799673,0.188500630098,0.0558777814661,0.418942403066,0.0200193563228,0.187985435186,True,11.123106391,10.9390694132
chip,17,magenta,core_medoid_de2000,44.8684196576,40.7844962487,-4.24272016163,0.646861096283,0.299767934739,0.448754575257,8.00137504404,4.58503503179,4.41415824611,4.24651816183,,26492,10452,50.4032815274,52.48562976,-14.8215971057,3.60301994297,12.6532153153,0.30352795068,0.575804799673,0.188500630098,0.0558777814661,0.418942403066,0.0200193563228,0.187985435186,True,11.123106391,10.9390694132
chip,17,magenta,geomed_lab_converged,41.3690838761,37.8171305445,-3.83537518201,0.593851118213,0.2768944824,0.411703300517,10.9389795124,,,,,26492,10452,50.4032815274,52.48562976,-14.8215971057,3.60301994297,12.6532153153,0.30352795068,0.575804799673,0.188500630098,0.0558777814661,0.418942403066,0.0200193563228,0.187985435186,True,11.123106391,10.9390694132
chip,17,magenta,mc_geomedian,41.3689779148,37.8170431189,-3.83536616083,0.593849532103,0.276893785439,0.411702208354,10.9390694132,,,,,26492,10452,50.4032815274,52.48562976,-14.8215971057,3.60301994297,12.6532153153,0.30352795068,0.575804799673,0.188500630098,0.0558777814661,0.418942403066,0.0200193563228,0.187985435186,True,11.123106391,10.9390694132
chip,17,magenta,mc_medoid,41.220954203,37.5241715288,-3.67863513987,0.591013033644,0.276541945303,0.409248844073,11.123106391,,,,,26492,10452,50.4032815274,52.48562976,-14.8215971057,3.60301994297,12.6532153153,0.30352795068,0.575804799673,0.188500630098,0.0558777814661,0.418942403066,0.0200193563228,0.187985435186,True,11.123106391,10.9390694132
chip,17,magenta,mean_lab,39.8836521005,35.8856300906,-3.49288012094,0.56842831541,0.269821746944,0.394996605968,12.355239728,,,,,26492,10452,50.4032815274,52.48562976,-14.8215971057,3.60301994297,12.6532153153,0.30352795068,0.575804799673,0.188500630098,0.0558777814661,0.418942403066,0.0200193563228,0.187985435186,True,11.123106391,10.9390694132
chip,17,magenta,median_lab,41.2671955053,37.9328689807,-3.76343124996,0.593485378737,0.275401485819,0.410284949153,11.0115542399,,,,,26492,10452,50.4032815274,52.48562976,-14.8215971057,3.60301994297,12.6532153153,0.30352795068,0.575804799673,0.188500630098,0.0558777814661,0.418942403066,0.0200193563228,0.187985435186,True,11.123106391,10.9390694132
chip,17,magenta,medoid_5000px,41.397394755,37.7799435864,-3.75654873045,0.59411061798,0.277289753432,0.411476664012,10.9427993862,,,,,26492,10452,50.4032815274,52.48562976,-14.8215971057,3.60301994297,12.6532153153,0.30352795068,0.575804799673,0.188500630098,0.0558777814661,0.418942403066,0.0200193563228,0.187985435186,True,11.123106391,10.9390694132
chip,17,magenta,prof_geomed_srgb,44.5049782859,40.4012346561,-4.10108905889,0.64110780499,0.297627222095,0.444235904479,8.33519604586,4.1759922003,4.00459287306,4.2765436996,,26492,10452,50.4032815274,52.48562976,-14.8215971057,3.60301994297,12.6532153153,0.30352795068,0.575804799673,0.188500630098,0.0558777814661,0.418942403066,0.0200193563228,0.187985435186,True,11.123106391,10.9390694132
chip,17,magenta,prof_geomed_srgb_strict,44.9247184221,40.7867929238,-4.14789733641,0.647671146404,0.300263555632,0.448700990808,7.99345669775,4.61331860341,4.44305730225,4.24165972568,,26492,10452,50.4032815274,52.48562976,-14.8215971057,3.60301994297,12.6532153153,0.30352795068,0.575804799673,0.188500630098,0.0558777814661,0.418942403066,0.0200193563228,0.187985435186,True,11.123106391,10.9390694132
chip,18,cyan,core_geomed_lab,43.1716525133,-13.710092654,-18.3346713862,0.168029026446,0.430509895625,0.51660471302,9.32811729079,5.7362423537,5.12292640385,4.30885885749,,26640,10540,50.0976007177,-24.9810885068,-27.5185652256,3.15048510831,12.2580353217,0.288748651019,0.582097632619,0.31529221318,0.0616602613655,0.405557482861,0.0229292117756,0.242944430342,True,11.962461085,12.0648798235
chip,18,cyan,core_mean_srgb,42.7645768996,-13.6215537653,-18.2171673475,0.165898348855,0.426344401626,0.51174611275,9.64870948511,5.38229514253,4.78478035663,4.36875461097,,26640,10540,50.0976007177,-24.9810885068,-27.5185652256,3.15048510831,12.2580353217,0.288748651019,0.582097632619,0.31529221318,0.0616602613655,0.405557482861,0.0229292117756,0.242944430342,True,11.962461085,12.0648798235
chip,18,cyan,core_medoid_de2000,43.1796584238,-13.6732938346,-18.4241503527,0.167716582572,0.430555011231,0.517268355111,9.32135136773,5.73016562955,5.12262270686,4.30171969766,,26640,10540,50.0976007177,-24.9810885068,-27.5185652256,3.15048510831,12.2580353217,0.288748651019,0.582097632619,0.31529221318,0.0616602613655,0.405557482861,0.0229292117756,0.242944430342,True,11.962461085,12.0648798235
chip,18,cyan,geomed_lab_converged,39.8965804901,-12.8807896972,-16.8830958686,0.158644412481,0.396901317603,0.474549708152,12.0647816124,,,,,26640,10540,50.0976007177,-24.9810885068,-27.5185652256,3.15048510831,12.2580353217,0.288748651019,0.582097632619,0.31529221318,0.0616602613655,0.405557482861,0.0229292117756,0.242944430342,True,11.962461085,12.0648798235
chip,18,cyan,mc_geomedian,39.8964632984,-12.8807608305,-16.8830455797,0.158644041931,0.396900125547,0.474548225348,12.0648798235,,,,,26640,10540,50.0976007177,-24.9810885068,-27.5185652256,3.15048510831,12.2580353217,0.288748651019,0.582097632619,0.31529221318,0.0616602613655,0.405557482861,0.0229292117756,0.242944430342,True,11.962461085,12.0648798235
chip,18,cyan,mc_medoid,40.148028701,-12.5973352336,-16.9604568551,0.165150079775,0.398876975203,0.477564208282,11.962461085,,,,,26640,10540,50.0976007177,-24.9810885068,-27.5185652256,3.15048510831,12.2580353217,0.288748651019,0.582097632619,0.31529221318,0.0616602613655,0.405557482861,0.0229292117756,0.242944430342,True,11.962461085,12.0648798235
chip,18,cyan,mean_lab,38.5262667085,-12.3029947923,-15.835038933,0.162595090794,0.382467399616,0.454366946249,13.3541963419,,,,,26640,10540,50.0976007177,-24.9810885068,-27.5185652256,3.15048510831,12.2580353217,0.288748651019,0.582097632619,0.31529221318,0.0616602613655,0.405557482861,0.0229292117756,0.242944430342,True,11.962461085,12.0648798235
chip,18,cyan,median_lab,39.8255369539,-12.8023714341,-16.9410939794,0.158432105538,0.396105630662,0.474220727542,12.1283009697,,,,,26640,10540,50.0976007177,-24.9810885068,-27.5185652256,3.15048510831,12.2580353217,0.288748651019,0.582097632619,0.31529221318,0.0616602613655,0.405557482861,0.0229292117756,0.242944430342,True,11.962461085,12.0648798235
chip,18,cyan,medoid_5000px,39.9648881237,-12.7509143052,-16.759989874,0.162769700946,0.397305274589,0.474451362818,12.0746965676,,,,,26640,10540,50.0976007177,-24.9810885068,-27.5185652256,3.15048510831,12.2580353217,0.288748651019,0.582097632619,0.31529221318,0.0616602613655,0.405557482861,0.0229292117756,0.242944430342,True,11.962461085,12.0648798235
chip,18,cyan,prof_geomed_srgb,42.7804693023,-13.6275551023,-18.2507966698,0.165606164645,0.426520180056,0.512123292897,9.63078018989,5.00044997104,4.79741257279,4.22255732207,,26640,10540,50.0976007177,-24.9810885068,-27.5185652256,3.15048510831,12.2580353217,0.288748651019,0.582097632619,0.31529221318,0.0616602613655,0.405557482861,0.0229292117756,0.242944430342,True,11.962461085,12.0648798235
chip,18,cyan,prof_geomed_srgb_strict,43.2111611296,-13.7402522349,-18.3792847499,0.167473588785,0.430954279125,0.51728732432,9.28458546825,5.78506202611,5.12531479145,4.30781300554,,26640,10540,50.0976007177,-24.9810885068,-27.5185652256,3.15048510831,12.2580353217,0.288748651019,0.582097632619,0.31529221318,0.0616602613655,0.405557482861,0.0229292117756,0.242944430342,True,11.962461085,12.0648798235
chip,19,white 9.5 (.05 D),core_geomed_lab,87.28560354,-3.07071770304,15.1752064107,0.881340612242,0.860689085706,0.744924889854,10.0702470568,3.01305459772,3.17782535931,3.70994247683,,25702,10270,95.1674415299,-1.29945577469,2.91936760367,3.64729435212,15.0567806356,0.260143875309,0.522881300949,0.164662862101,0.109906657567,0.415592525145,0.0232210693506,0.140330574483,True,11.7534621138,11.8037923722
chip,19,white 9.5 (.05 D),core_mean_srgb,86.7277800262,-3.08289874378,15.0923580465,0.87480255576,0.854556424914,0.739523419293,10.2103672036,2.67316779617,2.83964732599,3.71225980906,,25702,10270,95.1674415299,-1.29945577469,2.91936760367,3.64729435212,15.0567806356,0.260143875309,0.522881300949,0.164662862101,0.109906657567,0.415592525145,0.0232210693506,0.140330574483,True,11.7534621138,11.8037923722
chip,19,white 9.5 (.05 D),core_medoid_de2000,87.1320806489,-3.11243109361,15.175966488,0.879319359964,0.859089544,0.743258550713,10.1229334282,2.96107215805,3.12667793059,3.70901795091,,25702,10270,95.1674415299,-1.29945577469,2.91936760367,3.64729435212,15.0567806356,0.260143875309,0.522881300949,0.164662862101,0.109906657567,0.415592525145,0.0232210693506,0.140330574483,True,11.7534621138,11.8037923722
chip,19,white 9.5 (.05 D),geomed_lab_converged,81.958106991,-2.96142051727,14.3095045008,0.820770288047,0.802167333363,0.694285999892,11.8036848082,,,,,25702,10270,95.1674415299,-1.29945577469,2.91936760367,3.64729435212,15.0567806356,0.260143875309,0.522881300949,0.164662862101,0.109906657567,0.415592525145,0.0232210693506,0.140330574483,True,11.7534621138,11.8037923722
chip,19,white 9.5 (.05 D),mc_geomedian,81.9578449801,-2.96141458611,14.3094608408,0.820767330291,0.802164473333,0.694283533842,11.8037923722,,,,,25702,10270,95.1674415299,-1.29945577469,2.91936760367,3.64729435212,15.0567806356,0.260143875309,0.522881300949,0.164662862101,0.109906657567,0.415592525145,0.0232210693506,0.140330574483,True,11.7534621138,11.8037923722
chip,19,white 9.5 (.05 D),mc_medoid,82.1717805121,-2.9977738133,14.4286728399,0.823181247461,0.804552485783,0.695680510967,11.7534621138,,,,,25702,10270,95.1674415299,-1.29945577469,2.91936760367,3.64729435212,15.0567806356,0.260143875309,0.522881300949,0.164662862101,0.109906657567,0.415592525145,0.0232210693506,0.140330574483,True,11.7534621138,11.8037923722
chip,19,white 9.5 (.05 D),mean_lab,79.3784244728,-2.78286755985,13.8302671862,0.79249505022,0.773840412765,0.670463097019,12.9290132415,,,,,25702,10270,95.1674415299,-1.29945577469,2.91936760367,3.64729435212,15.0567806356,0.260143875309,0.522881300949,0.164662862101,0.109906657567,0.415592525145,0.0232210693506,0.140330574483,True,11.7534621138,11.8037923722
chip,19,white 9.5 (.05 D),median_lab,81.9474625738,-2.86276226782,14.3130213595,0.821394115317,0.801825000339,0.694162689167,11.8024989404,,,,,25702,10270,95.1674415299,-1.29945577469,2.91936760367,3.64729435212,15.0567806356,0.260143875309,0.522881300949,0.164662862101,0.109906657567,0.415592525145,0.0232210693506,0.140330574483,True,11.7534621138,11.8037923722
chip,19,white 9.5 (.05 D),medoid_5000px,82.0719822558,-2.946664175,14.2368836759,0.821930030133,0.803392761933,0.696031448227,11.7183873378,,,,,25702,10270,95.1674415299,-1.29945577469,2.91936760367,3.64729435212,15.0567806356,0.260143875309,0.522881300949,0.164662862101,0.109906657567,0.415592525145,0.0232210693506,0.140330574483,True,11.7534621138,11.8037923722
chip,19,white 9.5 (.05 D),prof_geomed_srgb,86.7249279609,-3.09893888178,15.0748254022,0.874601358053,0.854566262303,0.739620050355,10.204456168,2.66438355438,2.82970374049,3.71084367973,,25702,10270,95.1674415299,-1.29945577469,2.91936760367,3.64729435212,15.0567806356,0.260143875309,0.522881300949,0.164662862101,0.109906657567,0.415592525145,0.0232210693506,0.140330574483,True,11.7534621138,11.8037923722
chip,19,white 9.5 (.05 D),prof_geomed_srgb_strict,87.3558180883,-3.07644963149,15.2015479299,0.882151005125,0.861449911332,0.745478325261,10.0619846125,3.06621751194,3.23172644233,3.70984465518,,25702,10270,95.1674415299,-1.29945577469,2.91936760367,3.64729435212,15.0567806356,0.260143875309,0.522881300949,0.164662862101,0.109906657567,0.415592525145,0.0232210693506,0.140330574483,True,11.7534621138,11.8037923722
chip,20,neutral 8 (.23 D),core_geomed_lab,72.7556309492,-2.97886312844,11.376441889,0.712639885208,0.703752848224,0.618653409845,10.8083930178,4.43722184829,4.35642104954,3.89355361659,,25418,10114,81.2891860096,-0.609436302439,0.444598310633,3.82821518125,15.5768605555,0.28166248874,0.568780369135,0.105832361046,0.0665740789033,0.477448881446,0.0916790606466,0.0,True,12.9107218502,12.869317898
chip,20,neutral 8 (.23 D),core_mean_srgb,72.2575316132,-2.95979013098,11.3248459819,0.707307365145,0.698408001533,0.613838553906,10.9943415932,4.07741272808,3.99639902511,3.89477680305,,25418,10114,81.2891860096,-0.609436302439,0.444598310633,3.82821518125,15.5768605555,0.28166248874,0.568780369135,0.105832361046,0.0665740789033,0.477448881446,0.0916790606466,0.0,True,12.9107218502,12.869317898
chip,20,neutral 8 (.23 D),core_medoid_de2000,72.6757328781,-3.00307968741,11.381489796,0.711622514332,0.702955244263,0.617782349363,10.8497287322,4.36165665459,4.28096529185,3.89240117777,,25418,10114,81.2891860096,-0.609436302439,0.444598310633,3.82821518125,15.5768605555,0.28166248874,0.568780369135,0.105832361046,0.0665740789033,0.477448881446,0.0916790606466,0.0,True,12.9107218502,12.869317898
chip,20,neutral 8 (.23 D),geomed_lab_converged,68.1014592014,-2.81723560785,10.7379765206,0.662580356134,0.654346753618,0.575086190331,12.869187012,,,,,25418,10114,81.2891860096,-0.609436302439,0.444598310633,3.82821518125,15.5768605555,0.28166248874,0.568780369135,0.105832361046,0.0665740789033,0.477448881446,0.0916790606466,0.0,True,12.9107218502,12.869317898
chip,20,neutral 8 (.23 D),mc_geomedian,68.1012111403,-2.81722594004,10.7379418127,0.662577711857,0.654344136041,0.575083888817,12.869317898,,,,,25418,10114,81.2891860096,-0.609436302439,0.444598310633,3.82821518125,15.5768605555,0.28166248874,0.568780369135,0.105832361046,0.0665740789033,0.477448881446,0.0916790606466,0.0,True,12.9107218502,12.869317898
chip,20,neutral 8 (.23 D),mc_medoid,67.9932035321,-2.84454796745,10.670377978,0.661053953241,0.653285943786,0.57444635472,12.9107218502,,,,,25418,10114,81.2891860096,-0.609436302439,0.444598310633,3.82821518125,15.5768605555,0.28166248874,0.568780369135,0.105832361046,0.0665740789033,0.477448881446,0.0916790606466,0.0,True,12.9107218502,12.869317898
chip,20,neutral 8 (.23 D),mean_lab,65.8445281661,-2.69552851667,10.4357803818,0.638882166365,0.630535148593,0.554126401128,14.1408634871,,,,,25418,10114,81.2891860096,-0.609436302439,0.444598310633,3.82821518125,15.5768605555,0.28166248874,0.568780369135,0.105832361046,0.0665740789033,0.477448881446,0.0916790606466,0.0,True,12.9107218502,12.869317898
chip,20,neutral 8 (.23 D),median_lab,68.1601410296,-2.74280198127,10.6616679498,0.663525181133,0.654817639148,0.576237105847,12.7911293418,,,,,25418,10114,81.2891860096,-0.609436302439,0.444598310633,3.82821518125,15.5768605555,0.28166248874,0.568780369135,0.105832361046,0.0665740789033,0.477448881446,0.0916790606466,0.0,True,12.9107218502,12.869317898
chip,20,neutral 8 (.23 D),medoid_5000px,67.9932035321,-2.84454796745,10.670377978,0.661053953241,0.653285943786,0.57444635472,12.9107218502,,,,,25418,10114,81.2891860096,-0.609436302439,0.444598310633,3.82821518125,15.5768605555,0.28166248874,0.568780369135,0.105832361046,0.0665740789033,0.477448881446,0.0916790606466,0.0,True,12.9107218502,12.869317898
chip,20,neutral 8 (.23 D),prof_geomed_srgb,72.234172883,-2.88635939289,11.2749973063,0.707454032197,0.698008697642,0.613962005035,10.9657806194,4.06728937492,3.98627784709,3.89402758391,,25418,10114,81.2891860096,-0.609436302439,0.444598310633,3.82821518125,15.5768605555,0.28166248874,0.568780369135,0.105832361046,0.0665740789033,0.477448881446,0.0916790606466,0.0,True,12.9107218502,12.869317898
chip,20,neutral 8 (.23 D),prof_geomed_srgb_strict,72.8474037667,-2.98193782604,11.3838529827,0.713617242278,0.704716750346,0.619549673781,10.774193041,4.48576473722,4.40507255185,3.89332522976,,25418,10114,81.2891860096,-0.609436302439,0.444598310633,3.82821518125,15.5768605555,0.28166248874,0.568780369135,0.105832361046,0.0665740789033,0.477448881446,0.0916790606466,0.0,True,12.9107218502,12.869317898
chip,21,neutral 6.5 (.44 D),core_geomed_lab,59.1152916612,-2.55687066778,9.68943794123,0.56803594758,0.560970373419,0.491404461362,10.4969021946,4.78560318579,4.77198807364,3.8265564961,,24992,9928,66.8953464077,-0.741716456682,-0.0479932850446,3.77117836804,13.6955434314,0.198356359754,0.510369073872,0.0946959359105,0.0859606960037,0.437040006613,0.0624942571272,0.0453326872393,True,12.7597591526,12.770130689
chip,21,neutral 6.5 (.44 D),core_mean_srgb,58.6672804322,-2.54259062994,9.60430342235,0.563312048781,0.556375343228,0.487516042107,10.7066494452,4.42122137878,4.40787665116,3.82754124282,,24992,9928,66.8953464077,-0.741716456682,-0.0479932850446,3.77117836804,13.6955434314,0.198356359754,0.510369073872,0.0946959359105,0.0859606960037,0.437040006613,0.0624942571272,0.0453326872393,True,12.7597591526,12.770130689
chip,21,neutral 6.5 (.44 D),core_medoid_de2000,59.0727598346,-2.60202568042,9.62844531967,0.567119063178,0.560646236556,0.491390822004,10.497745972,4.71347191749,4.70056396848,3.82519910755,,24992,9928,66.8953464077,-0.741716456682,-0.0479932850446,3.77117836804,13.6955434314,0.198356359754,0.510369073872,0.0946959359105,0.0859606960037,0.437040006613,0.0624942571272,0.0453326872393,True,12.7597591526,12.770130689
chip,21,neutral 6.5 (.44 D),geomed_lab_converged,55.1759311472,-2.34616872532,9.06947125036,0.527697195082,0.520722642937,0.456588607629,12.770001233,,,,,24992,9928,66.8953464077,-0.741716456682,-0.0479932850446,3.77117836804,13.6955434314,0.198356359754,0.510369073872,0.0946959359105,0.0859606960037,0.437040006613,0.0624942571272,0.0453326872393,True,12.7597591526,12.770130689
chip,21,neutral 6.5 (.44 D),mc_geomedian,55.1757413707,-2.34615838198,9.0694447698,0.527695275188,0.520720716046,0.456586918669,12.770130689,,,,,24992,9928,66.8953464077,-0.741716456682,-0.0479932850446,3.77117836804,13.6955434314,0.198356359754,0.510369073872,0.0946959359105,0.0859606960037,0.437040006613,0.0624942571272,0.0453326872393,True,12.7597591526,12.770130689
chip,21,neutral 6.5 (.44 D),mc_medoid,55.150083878,-2.39041711439,8.98167637046,0.526896152195,0.520575099005,0.456920387364,12.7597591526,,,,,24992,9928,66.8953464077,-0.741716456682,-0.0479932850446,3.77117836804,13.6955434314,0.198356359754,0.510369073872,0.0946959359105,0.0859606960037,0.437040006613,0.0624942571272,0.0453326872393,True,12.7597591526,12.770130689
chip,21,neutral 6.5 (.44 D),mean_lab,53.6095662887,-2.28673982699,8.86601377311,0.511755709762,0.504913641144,0.442581469428,13.8978127637,,,,,24992,9928,66.8953464077,-0.741716456682,-0.0479932850446,3.77117836804,13.6955434314,0.198356359754,0.510369073872,0.0946959359105,0.0859606960037,0.437040006613,0.0624942571272,0.0453326872393,True,12.7597591526,12.770130689
chip,21,neutral 6.5 (.44 D),median_lab,55.2424313634,-2.29448925299,9.01328059515,0.528578632463,0.521296314504,0.457630483944,12.6912070002,,,,,24992,9928,66.8953464077,-0.741716456682,-0.0479932850446,3.77117836804,13.6955434314,0.198356359754,0.510369073872,0.0946959359105,0.0859606960037,0.437040006613,0.0624942571272,0.0453326872393,True,12.7597591526,12.770130689
chip,21,neutral 6.5 (.44 D),medoid_5000px,55.1405432119,-2.36788907665,9.02248217404,0.527063992109,0.520422513833,0.456554171715,12.7803073464,,,,,24992,9928,66.8953464077,-0.741716456682,-0.0479932850446,3.77117836804,13.6955434314,0.198356359754,0.510369073872,0.0946959359105,0.0859606960037,0.437040006613,0.0624942571272,0.0453326872393,True,12.7597591526,12.770130689
chip,21,neutral 6.5 (.44 D),prof_geomed_srgb,58.6818265597,-2.59071821651,9.63647625348,0.563210498207,0.556618600748,0.487434195468,10.7222504817,4.41358410795,4.40080915425,3.82616674368,,24992,9928,66.8953464077,-0.741716456682,-0.0479932850446,3.77117836804,13.6955434314,0.198356359754,0.510369073872,0.0946959359105,0.0859606960037,0.437040006613,0.0624942571272,0.0453326872393,True,12.7597591526,12.770130689
chip,21,neutral 6.5 (.44 D),prof_geomed_srgb_strict,59.1639826946,-2.58279574411,9.73819860187,0.568482567693,0.561496994017,0.491548396332,10.499075654,4.83580727455,4.82203739239,3.82552314841,,24992,9928,66.8953464077,-0.741716456682,-0.0479932850446,3.77117836804,13.6955434314,0.198356359754,0.510369073872,0.0946959359105,0.0859606960037,0.437040006613,0.0624942571272,0.0453326872393,True,12.7597591526,12.770130689
chip,22,neutral 5 (.70 D),core_geomed_lab,44.9800735149,-1.7518444546,7.94191044246,0.427449058205,0.418989418197,0.365606878998,8.91175055313,4.00732379329,3.95017806059,3.68196518554,,25702,10270,50.7594147632,-0.142714357614,0.14067277892,3.08958406379,10.1580472024,0.340612873313,0.670893995089,0.185525525287,0.108673999399,0.353305483532,0.0285469652359,0.279054619838,True,10.7244923934,10.7415215358
chip,22,neutral 5 (.70 D),core_mean_srgb,44.6442860844,-1.73926145735,7.90027142323,0.424153615708,0.415711553672,0.362697132411,9.09515706085,3.66877619518,3.61196998568,3.71292157955,,25702,10270,50.7594147632,-0.142714357614,0.14067277892,3.08958406379,10.1580472024,0.340612873313,0.670893995089,0.185525525287,0.108673999399,0.353305483532,0.0285469652359,0.279054619838,True,10.7244923934,10.7415215358
chip,22,neutral 5 (.70 D),core_medoid_de2000,45.0770889567,-1.7269405832,7.87210938769,0.428383483906,0.419893774375,0.366982976026,8.8102320067,3.94353299979,3.88404766629,3.68629045687,,25702,10270,50.7594147632,-0.142714357614,0.14067277892,3.08958406379,10.1580472024,0.340612873313,0.670893995089,0.185525525287,0.108673999399,0.353305483532,0.0285469652359,0.279054619838,True,10.7244923934,10.7415215358
chip,22,neutral 5 (.70 D),geomed_lab_converged,41.925284076,-1.65241714409,7.50328605886,0.397404843096,0.389482400136,0.339699164367,10.7414100582,,,,,25702,10270,50.7594147632,-0.142714357614,0.14067277892,3.08958406379,10.1580472024,0.340612873313,0.670893995089,0.185525525287,0.108673999399,0.353305483532,0.0285469652359,0.279054619838,True,10.7244923934,10.7415215358
chip,22,neutral 5 (.70 D),mc_geomedian,41.9251148301,-1.65241602348,7.50326251404,0.397403162501,0.389480784555,0.339697732724,10.7415215358,,,,,25702,10270,50.7594147632,-0.142714357614,0.14067277892,3.08958406379,10.1580472024,0.340612873313,0.670893995089,0.185525525287,0.108673999399,0.353305483532,0.0285469652359,0.279054619838,True,10.7244923934,10.7415215358
chip,22,neutral 5 (.70 D),mc_medoid,41.8391464344,-1.54539434602,7.36078377604,0.396919275761,0.388474709122,0.339821679679,10.7244923934,,,,,25702,10270,50.7594147632,-0.142714357614,0.14067277892,3.08958406379,10.1580472024,0.340612873313,0.670893995089,0.185525525287,0.108673999399,0.353305483532,0.0285469652359,0.279054619838,True,10.7244923934,10.7415215358
chip,22,neutral 5 (.70 D),mean_lab,40.5620843577,-1.64719831771,7.34546096616,0.383963396642,0.376508765316,0.327998468514,11.6711097704,,,,,25702,10270,50.7594147632,-0.142714357614,0.14067277892,3.08958406379,10.1580472024,0.340612873313,0.670893995089,0.185525525287,0.108673999399,0.353305483532,0.0285469652359,0.279054619838,True,10.7244923934,10.7415215358
chip,22,neutral 5 (.70 D),median_lab,41.9930394745,-1.64140931927,7.42656366553,0.397937151424,0.390124686688,0.340826497531,10.6583707899,,,,,25702,10270,50.7594147632,-0.142714357614,0.14067277892,3.08958406379,10.1580472024,0.340612873313,0.670893995089,0.185525525287,0.108673999399,0.353305483532,0.0285469652359,0.279054619838,True,10.7244923934,10.7415215358
chip,22,neutral 5 (.70 D),medoid_5000px,42.0616758497,-1.66015982788,7.54257024862,0.398765610293,0.390794131865,0.340721988169,10.66170871,,,,,25702,10270,50.7594147632,-0.142714357614,0.14067277892,3.08958406379,10.1580472024,0.340612873313,0.670893995089,0.185525525287,0.108673999399,0.353305483532,0.0285469652359,0.279054619838,True,10.7244923934,10.7415215358
chip,22,neutral 5 (.70 D),prof_geomed_srgb,44.6444518053,-1.75216663074,7.93400958503,0.424155031662,0.415732051575,0.362478065156,9.11523280315,3.6621183059,3.605402606,3.7127344111,,25702,10270,50.7594147632,-0.142714357614,0.14067277892,3.08958406379,10.1580472024,0.340612873313,0.670893995089,0.185525525287,0.108673999399,0.353305483532,0.0285469652359,0.279054619838,True,10.7244923934,10.7415215358
chip,22,neutral 5 (.70 D),prof_geomed_srgb_strict,45.0105700387,-1.80191519182,7.98763867263,0.427528624102,0.419365336333,0.365588259719,8.92899519092,4.05441363935,3.99564310912,3.67738666754,,25702,10270,50.7594147632,-0.142714357614,0.14067277892,3.08958406379,10.1580472024,0.340612873313,0.670893995089,0.185525525287,0.108673999399,0.353305483532,0.0285469652359,0.279054619838,True,10.7244923934,10.7415215358
chip,23,neutral 3.5 (1.05 D),core_geomed_lab,32.0569573679,-1.62386301992,5.75179290759,0.300482625549,0.297516353345,0.2603816538,6.43656825346,1.71238580267,1.51903751314,2.70119739457,,25418,10114,35.6377687286,-0.412811499754,-0.468413957925,2.24433614883,6.25684761735,0.31337362651,0.538569386373,0.187986310387,0.107290405293,0.224049370365,0.115891885681,0.112224726163,True,7.28334819641,7.14818648271
chip,23,neutral 3.5 (1.05 D),core_mean_srgb,31.863786241,-1.63870476491,5.75798313854,0.298633122647,0.295772401535,0.2586133867,6.51498024829,1.49482522572,1.30107158778,2.72203997676,,25418,10114,35.6377687286,-0.412811499754,-0.468413957925,2.24433614883,6.25684761735,0.31337362651,0.538569386373,0.187986310387,0.107290405293,0.224049370365,0.115891885681,0.112224726163,True,7.28334819641,7.14818648271
chip,23,neutral 3.5 (1.05 D),core_medoid_de2000,32.0206082695,-1.69806792927,5.72940726275,0.299627512116,0.297330299712,0.260184159977,6.45502192716,1.66705621981,1.47253514885,2.70262302756,,25418,10114,35.6377687286,-0.412811499754,-0.468413957925,2.24433614883,6.25684761735,0.31337362651,0.538569386373,0.187986310387,0.107290405293,0.224049370365,0.115891885681,0.112224726163,True,7.28334819641,7.14818648271
chip,23,neutral 3.5 (1.05 D),geomed_lab_converged,29.9544593338,-1.52108951646,5.48761480173,0.281316808769,0.278287454172,0.243309389441,7.14814332441,,,,,25418,10114,35.6377687286,-0.412811499754,-0.468413957925,2.24433614883,6.25684761735,0.31337362651,0.538569386373,0.187986310387,0.107290405293,0.224049370365,0.115891885681,0.112224726163,True,7.28334819641,7.14818648271
chip,23,neutral 3.5 (1.05 D),mc_geomedian,29.9543512206,-1.52108531065,5.4875994577,0.28131581777,0.278286473364,0.243308526984,7.14818648271,,,,,25418,10114,35.6377687286,-0.412811499754,-0.468413957925,2.24433614883,6.25684761735,0.31337362651,0.538569386373,0.187986310387,0.107290405293,0.224049370365,0.115891885681,0.112224726163,True,7.28334819641,7.14818648271
chip,23,neutral 3.5 (1.05 D),mc_medoid,29.7177163208,-1.50021850408,5.52607225317,0.279393947842,0.276104528951,0.240988157299,7.28334819641,,,,,25418,10114,35.6377687286,-0.412811499754,-0.468413957925,2.24433614883,6.25684761735,0.31337362651,0.538569386373,0.187986310387,0.107290405293,0.224049370365,0.115891885681,0.112224726163,True,7.28334819641,7.14818648271
chip,23,neutral 3.5 (1.05 D),mean_lab,29.3145607358,-1.48867149726,5.40960644668,0.27553900609,0.272475683718,0.238137183728,7.42023272122,,,,,25418,10114,35.6377687286,-0.412811499754,-0.468413957925,2.24433614883,6.25684761735,0.31337362651,0.538569386373,0.187986310387,0.107290405293,0.224049370365,0.115891885681,0.112224726163,True,7.28334819641,7.14818648271
chip,23,neutral 3.5 (1.05 D),median_lab,30.0368440165,-1.50073619085,5.37414855593,0.281916186932,0.279016116919,0.244727067908,7.03635096007,,,,,25418,10114,35.6377687286,-0.412811499754,-0.468413957925,2.24433614883,6.25684761735,0.31337362651,0.538569386373,0.187986310387,0.107290405293,0.224049370365,0.115891885681,0.112224726163,True,7.28334819641,7.14818648271
chip,23,neutral 3.5 (1.05 D),medoid_5000px,29.8420515864,-1.51346335968,5.4600496081,0.280278988363,0.277264232488,0.242483546184,7.18589026036,,,,,25418,10114,35.6377687286,-0.412811499754,-0.468413957925,2.24433614883,6.25684761735,0.31337362651,0.538569386373,0.187986310387,0.107290405293,0.224049370365,0.115891885681,0.112224726163,True,7.28334819641,7.14818648271
chip,23,neutral 3.5 (1.05 D),prof_geomed_srgb,31.8621807291,-1.55221001643,5.73554464656,0.299107347219,0.295597772183,0.258747234302,6.47844612382,1.49295692176,1.2985817736,2.71928252087,,25418,10114,35.6377687286,-0.412811499754,-0.468413957925,2.24433614883,6.25684761735,0.31337362651,0.538569386373,0.187986310387,0.107290405293,0.224049370365,0.115891885681,0.112224726163,True,7.28334819641,7.14818648271
chip,23,neutral 3.5 (1.05 D),prof_geomed_srgb_strict,32.1068132817,-1.63358867203,5.78579396869,0.300960108121,0.297974816402,0.260615543697,6.44424483127,1.74036676728,1.54714737022,2.69692592913,,25418,10114,35.6377687286,-0.412811499754,-0.468413957925,2.24433614883,6.25684761735,0.31337362651,0.538569386373,0.187986310387,0.107290405293,0.224049370365,0.115891885681,0.112224726163,True,7.28334819641,7.14818648271
chip,24,black 2 (1.5 D),core_geomed_lab,19.3018827156,-1.32443646348,4.54171498261,0.186697325732,0.184906646027,0.157671966212,5.05839673054,1.25303862817,1.22608141288,2.32505071079,,25560,10200,20.6442233442,0.113218723005,-0.456645905619,1.88447832173,4.39256338035,0.184996940611,0.254630806381,0.101375822067,0.0656572658897,0.256757437733,0.147682927545,0.136584568405,True,5.2025884077,5.21435599156
chip,24,black 2 (1.5 D),core_mean_srgb,19.1564680842,-1.34296476449,4.57018066982,0.185418438284,0.183699654578,0.156305793791,5.10723370979,1.26800319007,1.23098870338,2.34051468798,,25560,10200,20.6442233442,0.113218723005,-0.456645905619,1.88447832173,4.39256338035,0.184996940611,0.254630806381,0.101375822067,0.0656572658897,0.256757437733,0.147682927545,0.136584568405,True,5.2025884077,5.21435599156
chip,24,black 2 (1.5 D),core_medoid_de2000,19.2162985077,-1.32873735366,4.50816306961,0.185871030635,0.184197274531,0.157154431099,5.04677995279,1.23449393259,1.20709708094,2.32252297639,,25560,10200,20.6442233442,0.113218723005,-0.456645905619,1.88447832173,4.39256338035,0.184996940611,0.254630806381,0.101375822067,0.0656572658897,0.256757437733,0.147682927545,0.136584568405,True,5.2025884077,5.21435599156
chip,24,black 2 (1.5 D),geomed_lab_converged,17.8204348568,-1.23884044506,4.42052637117,0.174411719884,0.172323611921,0.146189530903,5.21433404924,,,,,25560,10200,20.6442233442,0.113218723005,-0.456645905619,1.88447832173,4.39256338035,0.184996940611,0.254630806381,0.101375822067,0.0656572658897,0.256757437733,0.147682927545,0.136584568405,True,5.2025884077,5.21435599156
chip,24,black 2 (1.5 D),mc_geomedian,17.8203425375,-1.23883913695,4.42052536634,0.174410949534,0.172322837824,0.146188782152,5.21435599156,,,,,25560,10200,20.6442233442,0.113218723005,-0.456645905619,1.88447832173,4.39256338035,0.184996940611,0.254630806381,0.101375822067,0.0656572658897,0.256757437733,0.147682927545,0.136584568405,True,5.2025884077,5.21435599156
chip,24,black 2 (1.5 D),mc_medoid,17.9628905678,-1.25869070894,4.44122169286,0.175540619012,0.173546238762,0.147235992302,5.2025884077,,,,,25560,10200,20.6442233442,0.113218723005,-0.456645905619,1.88447832173,4.39256338035,0.184996940611,0.254630806381,0.101375822067,0.0656572658897,0.256757437733,0.147682927545,0.136584568405,True,5.2025884077,5.21435599156
chip,24,black 2 (1.5 D),mean_lab,17.613039716,-1.24442009681,4.40813598381,0.172611278348,0.170602614867,0.144564578771,5.2617537975,,,,,25560,10200,20.6442233442,0.113218723005,-0.456645905619,1.88447832173,4.39256338035,0.184996940611,0.254630806381,0.101375822067,0.0656572658897,0.256757437733,0.147682927545,0.136584568405,True,5.2025884077,5.21435599156
chip,24,black 2 (1.5 D),median_lab,17.8396076516,-1.24830820227,4.36105423778,0.174387227378,0.172511480664,0.146678610295,5.17161798757,,,,,25560,10200,20.6442233442,0.113218723005,-0.456645905619,1.88447832173,4.39256338035,0.184996940611,0.254630806381,0.101375822067,0.0656572658897,0.256757437733,0.147682927545,0.136584568405,True,5.2025884077,5.21435599156
chip,24,black 2 (1.5 D),medoid_5000px,17.7726667518,-1.22764946763,4.45571705981,0.174152035031,0.171898232761,0.145603266321,5.24648935255,,,,,25560,10200,20.6442233442,0.113218723005,-0.456645905619,1.88447832173,4.39256338035,0.184996940611,0.254630806381,0.101375822067,0.0656572658897,0.256757437733,0.147682927545,0.136584568405,True,5.2025884077,5.21435599156
chip,24,black 2 (1.5 D),prof_geomed_srgb,19.1225342759,-1.24066922707,4.50533939147,0.185580224308,0.183245593957,0.156404974441,5.01744623575,1.2735654126,1.23464192893,2.33639808023,,25560,10200,20.6442233442,0.113218723005,-0.456645905619,1.88447832173,4.39256338035,0.184996940611,0.254630806381,0.101375822067,0.0656572658897,0.256757437733,0.147682927545,0.136584568405,True,5.2025884077,5.21435599156
chip,24,black 2 (1.5 D),prof_geomed_srgb_strict,19.3636820463,-1.37710356876,4.5998174459,0.187044400874,0.185505158147,0.157845295931,5.11845047768,1.24241485887,1.21639028752,2.3214903811,,25560,10200,20.6442233442,0.113218723005,-0.456645905619,1.88447832173,4.39256338035,0.184996940611,0.254630806381,0.101375822067,0.0656572658897,0.256757437733,0.147682927545,0.136584568405,True,5.2025884077,5.21435599156
d000220_300_021,1,dark skin,core_geomed_lab,21.8736327964,8.74392746934,10.1941089633,0.272842982,0.185444191997,0.147918927979,12.5855126761,1.99871233742,1.89809616808,1.14352239653,10.9648873962,4752,2352,37.3149072323,13.3705344523,14.5797859647,0.666791913373,1.59440593777,0.0610471175938,0.0962171141584,0.0551758530245,0.0620843562763,0.136221735808,0.0746001748859,0.0,True,12.8195404517,12.7711045604
d000220_300_021,1,dark skin,core_mean_srgb,21.8608571407,8.69449617801,10.256914033,0.272567807927,0.185428711043,0.147439961718,12.6002520689,2.37056774006,2.27134239024,1.0816592508,10.8380793062,4752,2352,37.3149072323,13.3705344523,14.5797859647,0.666791913373,1.59440593777,0.0610471175938,0.0962171141584,0.0551758530245,0.0620843562763,0.136221735808,0.0746001748859,0.0,True,12.8195404517,12.7711045604
d000220_300_021,1,dark skin,core_medoid_de2000,21.920355939,8.72714106274,10.1196456838,0.273090594648,0.185893483941,0.148731601623,12.5656962928,1.98654784195,1.88409275488,1.11993434728,10.9713244051,4752,2352,37.3149072323,13.3705344523,14.5797859647,0.666791913373,1.59440593777,0.0610471175938,0.0962171141584,0.0551758530245,0.0620843562763,0.136221735808,0.0746001748859,0.0,True,12.8195404517,12.7711045604
d000220_300_021,1,dark skin,geomed_lab_converged,21.6495406519,8.55247066862,10.3057793087,0.269970393597,0.183953825135,0.145400800141,12.771075174,,,,,4752,2352,37.3149072323,13.3705344523,14.5797859647,0.666791913373,1.59440593777,0.0610471175938,0.0962171141584,0.0551758530245,0.0620843562763,0.136221735808,0.0746001748859,0.0,True,12.8195404517,12.7711045604
d000220_300_021,1,dark skin,mc_geomedian,21.6495129502,8.5524148497,10.305818341,0.269969915197,0.183953709379,0.145400337722,12.7711045604,,,,,4752,2352,37.3149072323,13.3705344523,14.5797859647,0.666791913373,1.59440593777,0.0610471175938,0.0962171141584,0.0551758530245,0.0620843562763,0.136221735808,0.0746001748859,0.0,True,12.8195404517,12.7711045604
d000220_300_021,1,dark skin,mc_medoid,21.5829245514,8.52977331106,10.3207504429,0.269260562773,0.183436694663,0.144764254434,12.8195404517,,,,,4752,2352,37.3149072323,13.3705344523,14.5797859647,0.666791913373,1.59440593777,0.0610471175938,0.0962171141584,0.0551758530245,0.0620843562763,0.136221735808,0.0746001748859,0.0,True,12.8195404517,12.7711045604
d000220_300_021,1,dark skin,mean_lab,21.5187627657,8.45476430613,10.305610152,0.268274320556,0.183064352665,0.144313623109,12.8824489212,,,,,4752,2352,37.3149072323,13.3705344523,14.5797859647,0.666791913373,1.59440593777,0.0610471175938,0.0962171141584,0.0551758530245,0.0620843562763,0.136221735808,0.0746001748859,0.0,True,12.8195404517,12.7711045604
d000220_300_021,1,dark skin,median_lab,21.7104494213,8.48447485294,10.1898780179,0.270038946565,0.184646166672,0.146560133598,12.7582390115,,,,,4752,2352,37.3149072323,13.3705344523,14.5797859647,0.666791913373,1.59440593777,0.0610471175938,0.0962171141584,0.0551758530245,0.0620843562763,0.136221735808,0.0746001748859,0.0,True,12.8195404517,12.7711045604
d000220_300_021,1,dark skin,medoid_5000px,21.5829245514,8.52977331106,10.3207504429,0.269260562773,0.183436694663,0.144764254434,12.8195404517,,,,,4752,2352,37.3149072323,13.3705344523,14.5797859647,0.666791913373,1.59440593777,0.0610471175938,0.0962171141584,0.0551758530245,0.0620843562763,0.136221735808,0.0746001748859,0.0,True,12.8195404517,12.7711045604
d000220_300_021,1,dark skin,prof_geomed_srgb,21.8942580712,8.64222107056,10.2987540025,0.272678721294,0.185824368658,0.14746318761,12.5875611825,2.07003217985,1.96862736692,1.11140850393,10.8580972899,4752,2352,37.3149072323,13.3705344523,14.5797859647,0.666791913373,1.59440593777,0.0610471175938,0.0962171141584,0.0551758530245,0.0620843562763,0.136221735808,0.0746001748859,0.0,True,12.8195404517,12.7711045604
d000220_300_021,1,dark skin,prof_geomed_srgb_strict,21.8819804207,8.75646284537,10.2442344201,0.273052570758,0.185469596646,0.147697292747,12.5724028031,1.98388639948,1.88266446302,1.1399122963,11.001959389,4752,2352,37.3149072323,13.3705344523,14.5797859647,0.666791913373,1.59440593777,0.0610471175938,0.0962171141584,0.0551758530245,0.0620843562763,0.136221735808,0.0746001748859,0.0,True,12.8195404517,12.7711045604
d000220_300_021,2,light skin,core_geomed_lab,40.5924344707,13.9792384636,13.6707201099,0.489157492527,0.340227925078,0.29038092173,23.5319508731,0.683096751667,0.657947052847,0.771003917182,18.6524568638,4833,2387,64.3749744464,18.0235169593,17.0522039412,0.497914601712,4.07402225353,0.0610780238036,0.106724970404,0.0507289569081,0.0156747568144,0.114798144224,0.0626632092006,0.0,True,23.7624237498,23.8219593229
d000220_300_021,2,light skin,core_mean_srgb,40.5766123794,13.9437799866,13.7682835455,0.488956383585,0.340136018806,0.289604907997,23.5493988763,0.619839363169,0.660392320678,0.724676802175,18.3577442929,4833,2387,64.3749744464,18.0235169593,17.0522039412,0.497914601712,4.07402225353,0.0610780238036,0.106724970404,0.0507289569081,0.0156747568144,0.114798144224,0.0626632092006,0.0,True,23.7624237498,23.8219593229
d000220_300_021,2,light skin,core_medoid_de2000,40.5761726625,13.9736092723,13.6614462355,0.488944730098,0.340091196651,0.290290675469,23.5508390758,0.648811464816,0.621671565852,0.766636584493,18.6915077877,4833,2387,64.3749744464,18.0235169593,17.0522039412,0.497914601712,4.07402225353,0.0610780238036,0.106724970404,0.0507289569081,0.0156747568144,0.114798144224,0.0626632092006,0.0,True,23.7624237498,23.8219593229
d000220_300_021,2,light skin,geomed_lab_converged,40.3425449792,13.8213953749,13.7138539165,0.485795759683,0.338271376394,0.287799125258,23.8218740213,,,,,4833,2387,64.3749744464,18.0235169593,17.0522039412,0.497914601712,4.07402225353,0.0610780238036,0.106724970404,0.0507289569081,0.0156747568144,0.114798144224,0.0626632092006,0.0,True,23.7624237498,23.8219593229
d000220_300_021,2,light skin,mc_geomedian,40.3424701971,13.821366266,13.7138757787,0.485794867337,0.338270743078,0.287798299292,23.8219593229,,,,,4833,2387,64.3749744464,18.0235169593,17.0522039412,0.497914601712,4.07402225353,0.0610780238036,0.106724970404,0.0507289569081,0.0156747568144,0.114798144224,0.0626632092006,0.0,True,23.7624237498,23.8219593229
d000220_300_021,2,light skin,mc_medoid,40.3971732356,13.8005936125,13.704526258,0.486228622123,0.338839886398,0.288352776781,23.7624237498,,,,,4833,2387,64.3749744464,18.0235169593,17.0522039412,0.497914601712,4.07402225353,0.0610780238036,0.106724970404,0.0507289569081,0.0156747568144,0.114798144224,0.0626632092006,0.0,True,23.7624237498,23.8219593229
d000220_300_021,2,light skin,mean_lab,39.7457845024,13.6297422769,13.6311655825,0.478498083309,0.333173663266,0.282860944592,24.5055088034,,,,,4833,2387,64.3749744464,18.0235169593,17.0522039412,0.497914601712,4.07402225353,0.0610780238036,0.106724970404,0.0507289569081,0.0156747568144,0.114798144224,0.0626632092006,0.0,True,23.7624237498,23.8219593229
d000220_300_021,2,light skin,median_lab,40.4479593189,13.7537569718,13.6347654834,0.486383413919,0.339451142255,0.289252217397,23.7108325369,,,,,4833,2387,64.3749744464,18.0235169593,17.0522039412,0.497914601712,4.07402225353,0.0610780238036,0.106724970404,0.0507289569081,0.0156747568144,0.114798144224,0.0626632092006,0.0,True,23.7624237498,23.8219593229
d000220_300_021,2,light skin,medoid_5000px,40.3971732356,13.8005936125,13.704526258,0.486228622123,0.338839886398,0.288352776781,23.7624237498,,,,,4833,2387,64.3749744464,18.0235169593,17.0522039412,0.497914601712,4.07402225353,0.0610780238036,0.106724970404,0.0507289569081,0.0156747568144,0.114798144224,0.0626632092006,0.0,True,23.7624237498,23.8219593229
d000220_300_021,2,light skin,prof_geomed_srgb,40.5956657622,13.8744721938,13.7798626005,0.488792248417,0.340489814603,0.289692530709,23.5326429516,0.834013337069,0.797040865762,0.77018690555,18.3999685659,4833,2387,64.3749744464,18.0235169593,17.0522039412,0.497914601712,4.07402225353,0.0610780238036,0.106724970404,0.0507289569081,0.0156747568144,0.114798144224,0.0626632092006,0.0,True,23.7624237498,23.8219593229
d000220_300_021,2,light skin,prof_geomed_srgb_strict,40.6177420983,13.9796662913,13.7148230791,0.489490453642,0.340442479805,0.290327581195,23.5022704943,0.706498012075,0.680077744803,0.769924044934,18.7361190801,4833,2387,64.3749744464,18.0235169593,17.0522039412,0.497914601712,4.07402225353,0.0610780238036,0.106724970404,0.0507289569081,0.0156747568144,0.114798144224,0.0626632092006,0.0,True,23.7624237498,23.8219593229
d000220_300_021,3,blue sky,core_geomed_lab,28.5942689942,3.48306732053,-11.3875546202,0.249445007584,0.260646342401,0.332834317423,20.7108648863,1.45488229754,1.39841798588,0.552356502756,15.9265990354,4212,2074,49.6180419709,-1.18031118953,-22.1653639872,0.487895832883,1.26841475731,0.0838119236341,0.122022531428,0.0377779536201,0.057328194676,0.0785604487224,0.0844076819073,0.0,True,20.7665807888,20.7575686382
d000220_300_021,3,blue sky,core_mean_srgb,28.5201554955,3.52663797952,-11.3967721051,0.249046417812,0.25989392699,0.332200141275,20.7811093514,2.04191340936,1.9872522925,0.528061368112,15.6738848931,4212,2074,49.6180419709,-1.18031118953,-22.1653639872,0.487895832883,1.26841475731,0.0838119236341,0.122022531428,0.0377779536201,0.057328194676,0.0785604487224,0.0844076819073,0.0,True,20.7665807888,20.7575686382
d000220_300_021,3,blue sky,core_medoid_de2000,28.5490234794,3.50366416873,-11.3452650719,0.249351862207,0.260187785733,0.332160169444,20.7636546178,1.49234029554,1.43506667628,0.548377338556,15.9124938323,4212,2074,49.6180419709,-1.18031118953,-22.1653639872,0.487895832883,1.26841475731,0.0838119236341,0.122022531428,0.0377779536201,0.057328194676,0.0785604487224,0.0844076819073,0.0,True,20.7665807888,20.7575686382
d000220_300_021,3,blue sky,geomed_lab_converged,28.4558474234,3.42292317838,-11.4270452611,0.247616449194,0.259544912734,0.331774686054,20.7575377942,,,,,4212,2074,49.6180419709,-1.18031118953,-22.1653639872,0.487895832883,1.26841475731,0.0838119236341,0.122022531428,0.0377779536201,0.057328194676,0.0785604487224,0.0844076819073,0.0,True,20.7665807888,20.7575686382
d000220_300_021,3,blue sky,mc_geomedian,28.4558017507,3.42293066155,-11.4270570987,0.247616044634,0.25954449408,0.331774331726,20.7575686382,,,,,4212,2074,49.6180419709,-1.18031118953,-22.1653639872,0.487895832883,1.26841475731,0.0838119236341,0.122022531428,0.0377779536201,0.057328194676,0.0785604487224,0.0844076819073,0.0,True,20.7665807888,20.7575686382
d000220_300_021,3,blue sky,mc_medoid,28.432446133,3.39715365865,-11.3983234142,0.247337701676,0.259379014001,0.331381953804,20.7665807888,,,,,4212,2074,49.6180419709,-1.18031118953,-22.1653639872,0.487895832883,1.26841475731,0.0838119236341,0.122022531428,0.0377779536201,0.057328194676,0.0785604487224,0.0844076819073,0.0,True,20.7665807888,20.7575686382
d000220_300_021,3,blue sky,mean_lab,28.2323621344,3.42874215142,-11.400146565,0.245757626429,0.257532915243,0.329530741788,20.9145118222,,,,,4212,2074,49.6180419709,-1.18031118953,-22.1653639872,0.487895832883,1.26841475731,0.0838119236341,0.122022531428,0.0377779536201,0.057328194676,0.0785604487224,0.0844076819073,0.0,True,20.7665807888,20.7575686382
d000220_300_021,3,blue sky,median_lab,28.4785007461,3.42568719209,-11.3718796568,0.248059472728,0.259724053371,0.331655297905,20.7592562007,,,,,4212,2074,49.6180419709,-1.18031118953,-22.1653639872,0.487895832883,1.26841475731,0.0838119236341,0.122022531428,0.0377779536201,0.057328194676,0.0785604487224,0.0844076819073,0.0,True,20.7665807888,20.7575686382
d000220_300_021,3,blue sky,medoid_5000px,28.432446133,3.39715365865,-11.3983234142,0.247337701676,0.259379014001,0.331381953804,20.7665807888,,,,,4212,2074,49.6180419709,-1.18031118953,-22.1653639872,0.487895832883,1.26841475731,0.0838119236341,0.122022531428,0.0377779536201,0.057328194676,0.0785604487224,0.0844076819073,0.0,True,20.7665807888,20.7575686382
d000220_300_021,3,blue sky,prof_geomed_srgb,28.5392507922,3.45968653759,-11.3407500632,0.248966201266,0.260181582361,0.332036316472,20.7468115584,1.84899336281,1.7855480553,0.524648323158,15.6397763091,4212,2074,49.6180419709,-1.18031118953,-22.1653639872,0.487895832883,1.26841475731,0.0838119236341,0.122022531428,0.0377779536201,0.057328194676,0.0785604487224,0.0844076819073,0.0,True,20.7665807888,20.7575686382
d000220_300_021,3,blue sky,prof_geomed_srgb_strict,28.6174180136,3.48953893458,-11.4076325821,0.249615115689,0.260840021463,0.333169655801,20.6937655267,1.42580357628,1.36775248403,0.551169241243,15.962036406,4212,2074,49.6180419709,-1.18031118953,-22.1653639872,0.487895832883,1.26841475731,0.0838119236341,0.122022531428,0.0377779536201,0.057328194676,0.0785604487224,0.0844076819073,0.0,True,20.7665807888,20.7575686382
d000220_300_021,4,foliage,core_geomed_lab,25.9871462125,-9.29542271575,16.7532302637,0.221214607717,0.254375140701,0.139360564534,14.8605386583,4.11731850072,4.01316086743,0.536140507852,13.3700737464,4644,2294,43.3546978928,-14.6439666211,22.8637467789,0.419184306819,2.15716681351,0.0644281154156,0.13733970606,0.0814093974075,0.0342683578902,0.0748256253729,0.0242174684029,0.0,True,15.1675130438,15.091471957
d000220_300_021,4,foliage,core_mean_srgb,25.8836229649,-9.2993345378,16.7634293559,0.220288765349,0.25345112979,0.138430751279,14.9312034866,3.86517449796,3.81488061645,0.555600416047,13.2030818659,4644,2294,43.3546978928,-14.6439666211,22.8637467789,0.419184306819,2.15716681351,0.0644281154156,0.13733970606,0.0814093974075,0.0342683578902,0.0748256253729,0.0242174684029,0.0,True,15.1675130438,15.091471957
d000220_300_021,4,foliage,core_medoid_de2000,25.9886897376,-9.33432131256,16.7512169751,0.220981353527,0.254451176266,0.139379211746,14.8534106831,3.99752371142,3.97679581478,0.558109542738,13.3431534417,4644,2294,43.3546978928,-14.6439666211,22.8637467789,0.419184306819,2.15716681351,0.0644281154156,0.13733970606,0.0814093974075,0.0342683578902,0.0748256253729,0.0242174684029,0.0,True,15.1675130438,15.091471957
d000220_300_021,4,foliage,geomed_lab_converged,25.7287334885,-9.10920087571,16.525152619,0.21967024161,0.251807241472,0.138671213929,15.091398951,,,,,4644,2294,43.3546978928,-14.6439666211,22.8637467789,0.419184306819,2.15716681351,0.0644281154156,0.13733970606,0.0814093974075,0.0342683578902,0.0748256253729,0.0242174684029,0.0,True,15.1675130438,15.091471957
d000220_300_021,4,foliage,mc_geomedian,25.7286480838,-9.10914135511,16.5251108692,0.219669779406,0.251806392322,0.138670775189,15.091471957,,,,,4644,2294,43.3546978928,-14.6439666211,22.8637467789,0.419184306819,2.15716681351,0.0644281154156,0.13733970606,0.0814093974075,0.0342683578902,0.0748256253729,0.0242174684029,0.0,True,15.1675130438,15.091471957
d000220_300_021,4,foliage,mc_medoid,25.6188533453,-9.10330522692,16.5368795844,0.218753532961,0.250819463342,0.137685410291,15.1675130438,,,,,4644,2294,43.3546978928,-14.6439666211,22.8637467789,0.419184306819,2.15716681351,0.0644281154156,0.13733970606,0.0814093974075,0.0342683578902,0.0748256253729,0.0242174684029,0.0,True,15.1675130438,15.091471957
d000220_300_021,4,foliage,mean_lab,25.3257337313,-8.99502672229,16.3200024002,0.216439105785,0.248072072149,0.136624796647,15.4083316406,,,,,4644,2294,43.3546978928,-14.6439666211,22.8637467789,0.419184306819,2.15716681351,0.0644281154156,0.13733970606,0.0814093974075,0.0342683578902,0.0748256253729,0.0242174684029,0.0,True,15.1675130438,15.091471957
d000220_300_021,4,foliage,median_lab,25.7899688771,-9.059602957,16.5133083286,0.220501361483,0.252274173406,0.139263335758,15.0583515606,,,,,4644,2294,43.3546978928,-14.6439666211,22.8637467789,0.419184306819,2.15716681351,0.0644281154156,0.13733970606,0.0814093974075,0.0342683578902,0.0748256253729,0.0242174684029,0.0,True,15.1675130438,15.091471957
d000220_300_021,4,foliage,medoid_5000px,25.6188533453,-9.10330522692,16.5368795844,0.218753532961,0.250819463342,0.137685410291,15.1675130438,,,,,4644,2294,43.3546978928,-14.6439666211,22.8637467789,0.419184306819,2.15716681351,0.0644281154156,0.13733970606,0.0814093974075,0.0342683578902,0.0748256253729,0.0242174684029,0.0,True,15.1675130438,15.091471957
d000220_300_021,4,foliage,prof_geomed_srgb,25.9078122086,-9.31816330349,16.763516865,0.220386053254,0.253696498054,0.138628213931,14.9113196708,3.49819410529,3.46332932601,0.556969570599,13.1754025673,4644,2294,43.3546978928,-14.6439666211,22.8637467789,0.419184306819,2.15716681351,0.0644281154156,0.13733970606,0.0814093974075,0.0342683578902,0.0748256253729,0.0242174684029,0.0,True,15.1675130438,15.091471957
d000220_300_021,4,foliage,prof_geomed_srgb_strict,26.0087353277,-9.31026228962,16.7636317967,0.221332270608,0.254582822613,0.139469205367,14.8421656386,4.09583181029,3.99163504813,0.535893522319,13.3937192208,4644,2294,43.3546978928,-14.6439666211,22.8637467789,0.419184306819,2.15716681351,0.0644281154156,0.13733970606,0.0814093974075,0.0342683578902,0.0748256253729,0.0242174684029,0.0,True,15.1675130438,15.091471957
d000220_300_021,5,blue flower,core_geomed_lab,31.5897848973,10.1951672228,-11.7379586607,0.320588210465,0.273140862438,0.363733760628,23.1694445914,2.40201966941,2.42520805971,0.84648495995,18.0586688263,4860,2406,55.1801131524,12.1421884056,-24.571222951,0.536606902993,4.13577222726,0.049803481189,0.070901540484,0.109988522715,0.0160085676205,0.166977888673,0.0243094966505,0.0666499522235,True,23.3587066508,23.4493013319
d000220_300_021,5,blue flower,core_mean_srgb,31.3923435972,10.1504633025,-11.6923937716,0.318612176103,0.271438986015,0.361580332377,23.3172783312,1.33656958787,1.42430391857,0.794233687494,17.753121138,4860,2406,55.1801131524,12.1421884056,-24.571222951,0.536606902993,4.13577222726,0.049803481189,0.070901540484,0.109988522715,0.0160085676205,0.166977888673,0.0243094966505,0.0666499522235,True,23.3587066508,23.4493013319
d000220_300_021,5,blue flower,core_medoid_de2000,31.5988537936,10.2112342524,-11.750733915,0.32073279526,0.273189932062,0.363898983114,23.1613052179,2.30103379163,2.31928892437,0.846727260476,18.0614613099,4860,2406,55.1801131524,12.1421884056,-24.571222951,0.536606902993,4.13577222726,0.049803481189,0.070901540484,0.109988522715,0.0160085676205,0.166977888673,0.0243094966505,0.0666499522235,True,23.3587066508,23.4493013319
d000220_300_021,5,blue flower,geomed_lab_converged,31.1999043298,10.2868988839,-11.7616052508,0.317464352699,0.269419453422,0.360194269751,23.4492194753,,,,,4860,2406,55.1801131524,12.1421884056,-24.571222951,0.536606902993,4.13577222726,0.049803481189,0.070901540484,0.109988522715,0.0160085676205,0.166977888673,0.0243094966505,0.0666499522235,True,23.3587066508,23.4493013319
d000220_300_021,5,blue flower,mc_geomedian,31.1997928221,10.2868963531,-11.7615931311,0.317463339358,0.269418450304,0.360193140864,23.4493013319,,,,,4860,2406,55.1801131524,12.1421884056,-24.571222951,0.536606902993,4.13577222726,0.049803481189,0.070901540484,0.109988522715,0.0160085676205,0.166977888673,0.0243094966505,0.0666499522235,True,23.3587066508,23.4493013319
d000220_300_021,5,blue flower,mc_medoid,31.2972937215,10.2419916158,-11.8411060874,0.317818321127,0.270427977421,0.361594852384,23.3587066508,,,,,4860,2406,55.1801131524,12.1421884056,-24.571222951,0.536606902993,4.13577222726,0.049803481189,0.070901540484,0.109988522715,0.0160085676205,0.166977888673,0.0243094966505,0.0666499522235,True,23.3587066508,23.4493013319
d000220_300_021,5,blue flower,mean_lab,30.4273382896,10.1225355826,-11.5338906764,0.310001741444,0.26277443627,0.351504315697,24.0345093897,,,,,4860,2406,55.1801131524,12.1421884056,-24.571222951,0.536606902993,4.13577222726,0.049803481189,0.070901540484,0.109988522715,0.0160085676205,0.166977888673,0.0243094966505,0.0666499522235,True,23.3587066508,23.4493013319
d000220_300_021,5,blue flower,median_lab,31.2343360371,10.2147502267,-11.6964333401,0.317541930989,0.269874640777,0.360117355079,23.4337555188,,,,,4860,2406,55.1801131524,12.1421884056,-24.571222951,0.536606902993,4.13577222726,0.049803481189,0.070901540484,0.109988522715,0.0160085676205,0.166977888673,0.0243094966505,0.0666499522235,True,23.3587066508,23.4493013319
d000220_300_021,5,blue flower,medoid_5000px,31.2237400399,10.271797603,-11.8849281856,0.317177444159,0.26971078589,0.361167594598,23.4037062613,,,,,4860,2406,55.1801131524,12.1421884056,-24.571222951,0.536606902993,4.13577222726,0.049803481189,0.070901540484,0.109988522715,0.0160085676205,0.166977888673,0.0243094966505,0.0666499522235,True,23.3587066508,23.4493013319
d000220_300_021,5,blue flower,prof_geomed_srgb,31.418571101,10.1402917738,-11.7014833357,0.318760967422,0.271702143893,0.361882963302,23.2957724477,1.48457475923,1.58784999217,0.788772418423,17.7652638633,4860,2406,55.1801131524,12.1421884056,-24.571222951,0.536606902993,4.13577222726,0.049803481189,0.070901540484,0.109988522715,0.0160085676205,0.166977888673,0.0243094966505,0.0666499522235,True,23.3587066508,23.4493013319
d000220_300_021,5,blue flower,prof_geomed_srgb_strict,31.616451943,10.208999775,-11.7471163573,0.320891208117,0.27334515736,0.364041722409,23.1493706761,2.44476217108,2.46940974788,0.844858429928,18.0965349537,4860,2406,55.1801131524,12.1421884056,-24.571222951,0.536606902993,4.13577222726,0.049803481189,0.070901540484,0.109988522715,0.0160085676205,0.166977888673,0.0243094966505,0.0666499522235,True,23.3587066508,23.4493013319
d000220_300_021,6,bluish green,core_geomed_lab,42.544839261,-14.1925434687,2.86098534335,0.29581417036,0.419518606548,0.373815316549,27.775211404,0.794364243476,0.845173781711,0.939686446925,22.6670007263,4914,2436,70.6705390714,-31.9379466806,0.084064595589,0.694047859549,7.04144351251,0.0785424095803,0.108975462227,0.0865667673423,0.0749421193389,0.356897880544,0.0393215599649,0.0682416760323,True,28.2502689792,28.3486801112
d000220_300_021,6,bluish green,core_mean_srgb,42.2293095059,-14.1165622631,2.87917863102,0.293578670343,0.416308706049,0.370708847965,28.1267006012,0.514769787533,0.589475058171,0.967449647891,22.3040003018,4914,2436,70.6705390714,-31.9379466806,0.084064595589,0.694047859549,7.04144351251,0.0785424095803,0.108975462227,0.0865667673423,0.0749421193389,0.356897880544,0.0393215599649,0.0682416760323,True,28.2502689792,28.3486801112
d000220_300_021,6,bluish green,core_medoid_de2000,42.591202186,-14.2688348328,2.90142598531,0.295754642857,0.42008969476,0.373986766094,27.7111918313,0.841161417565,0.895036596947,0.939548822403,22.6235141855,4914,2436,70.6705390714,-31.9379466806,0.084064595589,0.694047859549,7.04144351251,0.0785424095803,0.108975462227,0.0865667673423,0.0749421193389,0.356897880544,0.0393215599649,0.0682416760323,True,28.2502689792,28.3486801112
d000220_300_021,6,bluish green,geomed_lab_converged,42.0249760421,-14.0911114863,2.87635608203,0.291876897344,0.414289920407,0.36879624158,28.3484977725,,,,,4914,2436,70.6705390714,-31.9379466806,0.084064595589,0.694047859549,7.04144351251,0.0785424095803,0.108975462227,0.0865667673423,0.0749421193389,0.356897880544,0.0393215599649,0.0682416760323,True,28.2502689792,28.3486801112
d000220_300_021,6,bluish green,mc_geomedian,42.0248142777,-14.0910539085,2.87631890831,0.291875728765,0.414288260625,0.36879495405,28.3486801112,,,,,4914,2436,70.6705390714,-31.9379466806,0.084064595589,0.694047859549,7.04144351251,0.0785424095803,0.108975462227,0.0865667673423,0.0749421193389,0.356897880544,0.0393215599649,0.0682416760323,True,28.2502689792,28.3486801112
d000220_300_021,6,bluish green,mc_medoid,42.1034505203,-14.156709048,2.88371531569,0.292077173587,0.415160938969,0.369485319751,28.2502689792,,,,,4914,2436,70.6705390714,-31.9379466806,0.084064595589,0.694047859549,7.04144351251,0.0785424095803,0.108975462227,0.0865667673423,0.0749421193389,0.356897880544,0.0393215599649,0.0682416760323,True,28.2502689792,28.3486801112
d000220_300_021,6,bluish green,mean_lab,40.7849662485,-13.6751809332,2.81241168531,0.283605214323,0.40159582714,0.357534401948,29.7705431568,,,,,4914,2436,70.6705390714,-31.9379466806,0.084064595589,0.694047859549,7.04144351251,0.0785424095803,0.108975462227,0.0865667673423,0.0749421193389,0.356897880544,0.0393215599649,0.0682416760323,True,28.2502689792,28.3486801112
d000220_300_021,6,bluish green,median_lab,42.1145739795,-13.9893087394,2.77072800097,0.293166035397,0.415011905064,0.370335428433,28.2707176748,,,,,4914,2436,70.6705390714,-31.9379466806,0.084064595589,0.694047859549,7.04144351251,0.0785424095803,0.108975462227,0.0865667673423,0.0749421193389,0.356897880544,0.0393215599649,0.0682416760323,True,28.2502689792,28.3486801112
d000220_300_021,6,bluish green,medoid_5000px,42.03948016,-14.1090390593,2.88518573769,0.291894051234,0.414459015517,0.368874953774,28.329489498,,,,,4914,2436,70.6705390714,-31.9379466806,0.084064595589,0.694047859549,7.04144351251,0.0785424095803,0.108975462227,0.0865667673423,0.0749421193389,0.356897880544,0.0393215599649,0.0682416760323,True,28.2502689792,28.3486801112
d000220_300_021,6,bluish green,prof_geomed_srgb,42.2096312816,-14.1081359424,2.83226592357,0.293278400855,0.416113527123,0.370824750134,28.146026275,0.432709720869,0.501835958143,0.957751513861,22.326683386,4914,2436,70.6705390714,-31.9379466806,0.084064595589,0.694047859549,7.04144351251,0.0785424095803,0.108975462227,0.0865667673423,0.0749421193389,0.356897880544,0.0393215599649,0.0682416760323,True,28.2502689792,28.3486801112
d000220_300_021,6,bluish green,prof_geomed_srgb_strict,42.5863045552,-14.2307087785,2.89424551162,0.296004040716,0.419970489616,0.373987347319,27.7250005584,0.830118823172,0.880396738434,0.940099070277,22.7421006789,4914,2436,70.6705390714,-31.9379466806,0.084064595589,0.694047859549,7.04144351251,0.0785424095803,0.108975462227,0.0865667673423,0.0749421193389,0.356897880544,0.0393215599649,0.0682416760323,True,28.2502689792,28.3486801112
d000220_300_021,7,orange,core_geomed_lab,34.8211223017,18.6148303384,32.8588394379,0.473576962726,0.271157092112,0.113022248779,28.3158994293,0.854081955021,0.996294625792,1.93259957481,25.4759450877,13200,6288,62.1081508121,33.3696320444,55.7646303752,0.999205067438,17.7740232687,0.141523468791,0.304260597221,0.132003389527,0.0252009908751,0.919918680911,0.903867948749,0.0928468510293,True,28.7142934586,28.8506675366
d000220_300_021,7,orange,core_mean_srgb,32.9051349159,17.5888458946,30.9021571692,0.446723450224,0.256837395902,0.110260146424,30.0750580964,3.34609964814,3.21506610241,2.29321754491,25.1897646959,13200,6288,62.1081508121,33.3696320444,55.7646303752,0.999205067438,17.7740232687,0.141523468791,0.304260597221,0.132003389527,0.0252009908751,0.919918680911,0.903867948749,0.0928468510293,True,28.7142934586,28.8506675366
d000220_300_021,7,orange,core_medoid_de2000,34.8437507511,18.5875109499,32.8525110393,0.473684324033,0.271442120989,0.113257225332,28.2995905629,0.839590075891,0.978304105928,1.94303767083,25.5201068618,13200,6288,62.1081508121,33.3696320444,55.7646303752,0.999205067438,17.7740232687,0.141523468791,0.304260597221,0.132003389527,0.0252009908751,0.919918680911,0.903867948749,0.0928468510293,True,28.7142934586,28.8506675366
d000220_300_021,7,orange,geomed_lab_converged,34.2453132261,18.357985601,32.3014690411,0.465749357516,0.2666957816,0.111999144079,28.8505562466,,,,,13200,6288,62.1081508121,33.3696320444,55.7646303752,0.999205067438,17.7740232687,0.141523468791,0.304260597221,0.132003389527,0.0252009908751,0.919918680911,0.903867948749,0.0928468510293,True,28.7142934586,28.8506675366
d000220_300_021,7,orange,mc_geomedian,34.2451946466,18.3579146536,32.3013412225,0.465747651561,0.266694916692,0.111999021728,28.8506675366,,,,,13200,6288,62.1081508121,33.3696320444,55.7646303752,0.999205067438,17.7740232687,0.141523468791,0.304260597221,0.132003389527,0.0252009908751,0.919918680911,0.903867948749,0.0928468510293,True,28.7142934586,28.8506675366
d000220_300_021,7,orange,mc_medoid,34.3983938288,18.4210270728,32.3946092623,0.467763846368,0.267901857262,0.112677285958,28.7142934586,,,,,13200,6288,62.1081508121,33.3696320444,55.7646303752,0.999205067438,17.7740232687,0.141523468791,0.304260597221,0.132003389527,0.0252009908751,0.919918680911,0.903867948749,0.0928468510293,True,28.7142934586,28.8506675366
d000220_300_021,7,orange,mean_lab,31.6757606745,16.8969620037,29.4318487258,0.429308268771,0.247855412797,0.109953735925,31.17330225,,,,,13200,6288,62.1081508121,33.3696320444,55.7646303752,0.999205067438,17.7740232687,0.141523468791,0.304260597221,0.132003389527,0.0252009908751,0.919918680911,0.903867948749,0.0928468510293,True,28.7142934586,28.8506675366
d000220_300_021,7,orange,median_lab,34.2643342353,18.4266652325,32.3048336255,0.466286973585,0.266674344012,0.112168848989,28.8299548322,,,,,13200,6288,62.1081508121,33.3696320444,55.7646303752,0.999205067438,17.7740232687,0.141523468791,0.304260597221,0.132003389527,0.0252009908751,0.919918680911,0.903867948749,0.0928468510293,True,28.7142934586,28.8506675366
d000220_300_021,7,orange,medoid_5000px,34.2895648744,18.3736914723,32.3641332953,0.466344759944,0.267047313193,0.111929592257,28.8085834184,,,,,13200,6288,62.1081508121,33.3696320444,55.7646303752,0.999205067438,17.7740232687,0.141523468791,0.304260597221,0.132003389527,0.0252009908751,0.919918680911,0.903867948749,0.0928468510293,True,28.7142934586,28.8506675366
d000220_300_021,7,orange,prof_geomed_srgb,33.860568172,17.8259688349,31.9869661963,0.458838788434,0.264713511864,0.110734721904,29.2244268773,1.4329145823,1.62740871638,2.41360216256,25.185019183,13200,6288,62.1081508121,33.3696320444,55.7646303752,0.999205067438,17.7740232687,0.141523468791,0.304260597221,0.132003389527,0.0252009908751,0.919918680911,0.903867948749,0.0928468510293,True,28.7142934586,28.8506675366
d000220_300_021,7,orange,prof_geomed_srgb_strict,34.8210943662,18.6155551332,32.9140800829,0.473620639529,0.271133754895,0.112605624325,28.3115924749,0.926708425582,1.0771290513,1.92902329865,25.5007043912,13200,6288,62.1081508121,33.3696320444,55.7646303752,0.999205067438,17.7740232687,0.141523468791,0.304260597221,0.132003389527,0.0252009908751,0.919918680911,0.903867948749,0.0928468510293,True,28.7142934586,28.8506675366
d000220_300_021,8,purplish blue,core_geomed_lab,17.6594607066,17.129571011,-29.1193863886,0.162845665798,0.143385389286,0.335525807438,19.4208292589,2.34679084254,2.48150439107,1.32588629113,13.8174347702,13425,6419,40.055640693,16.2557324798,-44.3692721207,0.5940284157,9.34254294602,0.125672037408,0.175334235997,0.092117882603,0.0404442460769,0.328284276219,0.399817163866,0.107502002687,True,19.7489273102,19.6896529085
d000220_300_021,8,purplish blue,core_mean_srgb,16.9609106277,16.426693944,-28.0232874076,0.157527797408,0.138877690263,0.322566682538,19.9741199714,1.46115793631,1.74867146224,1.50777634269,13.6587420079,13425,6419,40.055640693,16.2557324798,-44.3692721207,0.5940284157,9.34254294602,0.125672037408,0.175334235997,0.092117882603,0.0404442460769,0.328284276219,0.399817163866,0.107502002687,True,19.7489273102,19.6896529085
d000220_300_021,8,purplish blue,core_medoid_de2000,17.6692205477,17.1684803946,-29.0908893729,0.163416611625,0.14334550653,0.335455311908,19.4329840865,2.29368728394,2.41368856236,1.31829774273,13.7994913208,13425,6419,40.055640693,16.2557324798,-44.3692721207,0.5940284157,9.34254294602,0.125672037408,0.175334235997,0.092117882603,0.0404442460769,0.328284276219,0.399817163866,0.107502002687,True,19.7489273102,19.6896529085
d000220_300_021,8,purplish blue,geomed_lab_converged,17.2709880416,16.7009477231,-28.6098373537,0.158984587049,0.141035131316,0.328884301698,19.689572748,,,,,13425,6419,40.055640693,16.2557324798,-44.3692721207,0.5940284157,9.34254294602,0.125672037408,0.175334235997,0.092117882603,0.0404442460769,0.328284276219,0.399817163866,0.107502002687,True,19.7489273102,19.6896529085
d000220_300_021,8,purplish blue,mc_geomedian,17.2708766176,16.7009036661,-28.6097475131,0.158983746692,0.141034282936,0.328882729871,19.6896529085,,,,,13425,6419,40.055640693,16.2557324798,-44.3692721207,0.5940284157,9.34254294602,0.125672037408,0.175334235997,0.092117882603,0.0404442460769,0.328284276219,0.399817163866,0.107502002687,True,19.7489273102,19.6896529085
d000220_300_021,8,purplish blue,mc_medoid,17.234122379,16.7995344256,-28.5623264738,0.159693250529,0.140446276515,0.328268298187,19.7489273102,,,,,13425,6419,40.055640693,16.2557324798,-44.3692721207,0.5940284157,9.34254294602,0.125672037408,0.175334235997,0.092117882603,0.0404442460769,0.328284276219,0.399817163866,0.107502002687,True,19.7489273102,19.6896529085
d000220_300_021,8,purplish blue,mean_lab,16.346059739,15.6208364652,-26.6418949239,0.153910196208,0.135177062478,0.308838211381,20.5460449034,,,,,13425,6419,40.055640693,16.2557324798,-44.3692721207,0.5940284157,9.34254294602,0.125672037408,0.175334235997,0.092117882603,0.0404442460769,0.328284276219,0.399817163866,0.107502002687,True,19.7489273102,19.6896529085
d000220_300_021,8,purplish blue,median_lab,17.2330186412,16.5974730804,-28.6771633257,0.157400402766,0.141035026325,0.328909124493,19.6670580609,,,,,13425,6419,40.055640693,16.2557324798,-44.3692721207,0.5940284157,9.34254294602,0.125672037408,0.175334235997,0.092117882603,0.0404442460769,0.328284276219,0.399817163866,0.107502002687,True,19.7489273102,19.6896529085
d000220_300_021,8,purplish blue,medoid_5000px,17.2697361038,16.7245547379,-28.6661413021,0.158808327477,0.140995573973,0.329199100965,19.6797416753,,,,,13425,6419,40.055640693,16.2557324798,-44.3692721207,0.5940284157,9.34254294602,0.125672037408,0.175334235997,0.092117882603,0.0404442460769,0.328284276219,0.399817163866,0.107502002687,True,19.7489273102,19.6896529085
d000220_300_021,8,purplish blue,prof_geomed_srgb,17.228238879,16.9338645079,-28.7819422041,0.159319447623,0.140169375143,0.329488059815,19.7215063548,1.44030691848,1.59645390778,1.34577629574,13.6773234482,13425,6419,40.055640693,16.2557324798,-44.3692721207,0.5940284157,9.34254294602,0.125672037408,0.175334235997,0.092117882603,0.0404442460769,0.328284276219,0.399817163866,0.107502002687,True,19.7489273102,19.6896529085
d000220_300_021,8,purplish blue,prof_geomed_srgb_strict,17.6466883589,17.1407937243,-29.1444320339,0.162649008098,0.143263249644,0.335549790877,19.4238303043,2.42820950929,2.56380481071,1.32894866114,13.8378989983,13425,6419,40.055640693,16.2557324798,-44.3692721207,0.5940284157,9.34254294602,0.125672037408,0.175334235997,0.092117882603,0.0404442460769,0.328284276219,0.399817163866,0.107502002687,True,19.7489273102,19.6896529085
d000220_300_021,9,moderate red,core_geomed_lab,28.8700626812,28.9158955735,13.1247739665,0.441465864217,0.186681036054,0.193078336185,19.850238197,1.82197947098,1.85023621415,0.977529459967,17.3554924983,11700,5494,50.0579766452,48.095691371,15.6009692873,0.667926762834,6.64234774028,0.049095318443,0.096457736612,0.0213085150524,0.00586976495046,0.61980310528,0.0222906237931,0.0326329436585,True,20.0825329024,20.099787914
d000220_300_021,9,moderate red,core_mean_srgb,28.2168252103,28.2909090747,12.7722296139,0.431338503681,0.183080522114,0.189483712077,20.3886625801,1.5889913765,1.59445904935,0.909582910115,17.1640680877,11700,5494,50.0579766452,48.095691371,15.6009692873,0.667926762834,6.64234774028,0.049095318443,0.096457736612,0.0213085150524,0.00586976495046,0.61980310528,0.0222906237931,0.0326329436585,True,20.0825329024,20.099787914
d000220_300_021,9,moderate red,core_medoid_de2000,28.8629075242,28.9111568104,13.1227656462,0.441366406178,0.186633324985,0.193028358295,19.8558884137,1.87490722337,1.90245043967,0.959565227843,17.3522539641,11700,5494,50.0579766452,48.095691371,15.6009692873,0.667926762834,6.64234774028,0.049095318443,0.096457736612,0.0213085150524,0.00586976495046,0.61980310528,0.0222906237931,0.0326329436585,True,20.0825329024,20.099787914
d000220_300_021,9,moderate red,geomed_lab_converged,28.5520367441,28.6380549378,12.7784203825,0.436465717464,0.184877755685,0.192369347437,20.099716096,,,,,11700,5494,50.0579766452,48.095691371,15.6009692873,0.667926762834,6.64234774028,0.049095318443,0.096457736612,0.0213085150524,0.00586976495046,0.61980310528,0.0222906237931,0.0326329436585,True,20.0825329024,20.099787914
d000220_300_021,9,moderate red,mc_geomedian,28.5519496619,28.6379667506,12.7783538343,0.436464323704,0.184877300908,0.192368982807,20.099787914,,,,,11700,5494,50.0579766452,48.095691371,15.6009692873,0.667926762834,6.64234774028,0.049095318443,0.096457736612,0.0213085150524,0.00586976495046,0.61980310528,0.0222906237931,0.0326329436585,True,20.0825329024,20.099787914
d000220_300_021,9,moderate red,mc_medoid,28.5736906244,28.6571527712,12.7993864193,0.436803980847,0.185000424447,0.192433236857,20.0825329024,,,,,11700,5494,50.0579766452,48.095691371,15.6009692873,0.667926762834,6.64234774028,0.049095318443,0.096457736612,0.0213085150524,0.00586976495046,0.61980310528,0.0222906237931,0.0326329436585,True,20.0825329024,20.099787914
d000220_300_021,9,moderate red,mean_lab,27.5872584689,27.7692276631,12.3299306348,0.421873763029,0.17937056534,0.186653174805,20.8884692542,,,,,11700,5494,50.0579766452,48.095691371,15.6009692873,0.667926762834,6.64234774028,0.049095318443,0.096457736612,0.0213085150524,0.00586976495046,0.61980310528,0.0222906237931,0.0326329436585,True,20.0825329024,20.099787914
d000220_300_021,9,moderate red,median_lab,28.5947294511,28.7087383174,12.6862328473,0.437142028717,0.18502770897,0.193293773038,20.0544057428,,,,,11700,5494,50.0579766452,48.095691371,15.6009692873,0.667926762834,6.64234774028,0.049095318443,0.096457736612,0.0213085150524,0.00586976495046,0.61980310528,0.0222906237931,0.0326329436585,True,20.0825329024,20.099787914
d000220_300_021,9,moderate red,medoid_5000px,28.5353024314,28.6245766416,12.7894909201,0.436239398015,0.184771519194,0.192158572972,20.1140299873,,,,,11700,5494,50.0579766452,48.095691371,15.6009692873,0.667926762834,6.64234774028,0.049095318443,0.096457736612,0.0213085150524,0.00586976495046,0.61980310528,0.0222906237931,0.0326329436585,True,20.0825329024,20.099787914
d000220_300_021,9,moderate red,prof_geomed_srgb,28.2071590797,28.247508045,12.7718389927,0.431036850538,0.183154039826,0.189394979782,20.4026365129,1.14217748679,1.16853689389,0.938687810741,17.1901720766,11700,5494,50.0579766452,48.095691371,15.6009692873,0.667926762834,6.64234774028,0.049095318443,0.096457736612,0.0213085150524,0.00586976495046,0.61980310528,0.0222906237931,0.0326329436585,True,20.0825329024,20.099787914
d000220_300_021,9,moderate red,prof_geomed_srgb_strict,28.8969389408,28.9437313181,13.1326005898,0.441886900573,0.186806746854,0.193264770247,19.8273476168,1.84503506556,1.87379680537,0.983913469086,17.3851179072,11700,5494,50.0579766452,48.095691371,15.6009692873,0.667926762834,6.64234774028,0.049095318443,0.096457736612,0.0213085150524,0.00586976495046,0.61980310528,0.0222906237931,0.0326329436585,True,20.0825329024,20.099787914
d000220_300_021,10,purple,core_geomed_lab,13.548905539,15.1147113101,-11.1093225203,0.188528908195,0.106407409675,0.197199965452,13.4415183976,2.08309763036,2.13797072088,0.667784922057,10.0328252232,12900,6138,30.2103699882,24.3892386639,-20.8819504697,0.480605052238,4.7207384379,0.0982799774946,0.1459655136,0.079831508098,0.0124491575815,0.145922169335,0.196737636596,0.124644921575,True,13.5543867569,13.6315232216
d000220_300_021,10,purple,core_mean_srgb,13.2988437206,14.7563834853,-10.9042614361,0.185069248439,0.105278458132,0.193914397285,13.6897040789,2.08107255423,2.00967721985,0.806890780414,9.83972926066,12900,6138,30.2103699882,24.3892386639,-20.8819504697,0.480605052238,4.7207384379,0.0982799774946,0.1459655136,0.079831508098,0.0124491575815,0.145922169335,0.196737636596,0.124644921575,True,13.5543867569,13.6315232216
d000220_300_021,10,purple,core_medoid_de2000,13.5548112211,15.1254475919,-11.0985426013,0.188664261874,0.106421487876,0.197193179024,13.4385192754,2.32437566639,2.25905649182,0.741540474777,10.0445424945,12900,6138,30.2103699882,24.3892386639,-20.8819504697,0.480605052238,4.7207384379,0.0982799774946,0.1459655136,0.079831508098,0.0124491575815,0.145922169335,0.196737636596,0.124644921575,True,13.5543867569,13.6315232216
d000220_300_021,10,purple,geomed_lab_converged,13.3707315589,14.7852176233,-10.9653394004,0.185677356884,0.105808626262,0.194863950964,13.6314688648,,,,,12900,6138,30.2103699882,24.3892386639,-20.8819504697,0.480605052238,4.7207384379,0.0982799774946,0.1459655136,0.079831508098,0.0124491575815,0.145922169335,0.196737636596,0.124644921575,True,13.5543867569,13.6315232216
d000220_300_021,10,purple,mc_geomedian,13.3706750101,14.7851324731,-10.9653067496,0.185676517203,0.105808387967,0.194863282443,13.6315232216,,,,,12900,6138,30.2103699882,24.3892386639,-20.8819504697,0.480605052238,4.7207384379,0.0982799774946,0.1459655136,0.079831508098,0.0124491575815,0.145922169335,0.196737636596,0.124644921575,True,13.5543867569,13.6315232216
d000220_300_021,10,purple,mc_medoid,13.4668336828,14.8277133017,-11.0397624373,0.18652801089,0.106497717109,0.196094530396,13.5543867569,,,,,12900,6138,30.2103699882,24.3892386639,-20.8819504697,0.480605052238,4.7207384379,0.0982799774946,0.1459655136,0.079831508098,0.0124491575815,0.145922169335,0.196737636596,0.124644921575,True,13.5543867569,13.6315232216
d000220_300_021,10,purple,mean_lab,12.9769433424,14.1147540362,-10.4521883323,0.180207879866,0.104237993125,0.188670338806,14.0895316458,,,,,12900,6138,30.2103699882,24.3892386639,-20.8819504697,0.480605052238,4.7207384379,0.0982799774946,0.1459655136,0.079831508098,0.0124491575815,0.145922169335,0.196737636596,0.124644921575,True,13.5543867569,13.6315232216
d000220_300_021,10,purple,median_lab,13.3945924502,14.7880165199,-10.9179541735,0.186025664031,0.105974713079,0.194812352971,13.6274405956,,,,,12900,6138,30.2103699882,24.3892386639,-20.8819504697,0.480605052238,4.7207384379,0.0982799774946,0.1459655136,0.079831508098,0.0124491575815,0.145922169335,0.196737636596,0.124644921575,True,13.5543867569,13.6315232216
d000220_300_021,10,purple,medoid_5000px,13.3550601992,14.7276339306,-10.8969727171,0.185429338873,0.105811046998,0.194354999069,13.665257761,,,,,12900,6138,30.2103699882,24.3892386639,-20.8819504697,0.480605052238,4.7207384379,0.0982799774946,0.1459655136,0.079831508098,0.0124491575815,0.145922169335,0.196737636596,0.124644921575,True,13.5543867569,13.6315232216
d000220_300_021,10,purple,prof_geomed_srgb,13.4547186435,14.9770213922,-11.0763765968,0.187090867475,0.106004425116,0.196200503548,13.5260394222,1.97887731417,1.90768619289,0.789366786299,9.88628052725,12900,6138,30.2103699882,24.3892386639,-20.8819504697,0.480605052238,4.7207384379,0.0982799774946,0.1459655136,0.079831508098,0.0124491575815,0.145922169335,0.196737636596,0.124644921575,True,13.5543867569,13.6315232216
d000220_300_021,10,purple,prof_geomed_srgb_strict,13.5639924576,15.1597974269,-11.1507391672,0.188778616655,0.106417420253,0.197556945975,13.4164806135,2.12890606935,2.18222580407,0.666894697861,10.053802855,12900,6138,30.2103699882,24.3892386639,-20.8819504697,0.480605052238,4.7207384379,0.0982799774946,0.1459655136,0.079831508098,0.0124491575815,0.145922169335,0.196737636596,0.124644921575,True,13.5543867569,13.6315232216
d000220_300_021,11,yellow green,core_geomed_lab,43.2302657362,-17.395815879,35.5170985537,0.36091107746,0.426470163531,0.156200504789,26.9641564174,1.26885737154,1.50366921122,0.739700803481,23.7738563545,13500,6440,71.5229920181,-28.4163521473,58.8483467164,0.906424784907,9.40278958623,0.177738334698,0.334295305987,0.20498705454,0.0559476405246,0.209733640812,0.732496202389,0.201650948347,True,27.5552563846,27.793983888
d000220_300_021,11,yellow green,core_mean_srgb,42.3481374508,-17.0469398283,34.7435937238,0.353431694789,0.417389532027,0.154238676692,27.9903856328,0.297325776895,0.507724376626,0.847639517085,23.4188587327,13500,6440,71.5229920181,-28.4163521473,58.8483467164,0.906424784907,9.40278958623,0.177738334698,0.334295305987,0.20498705454,0.0559476405246,0.209733640812,0.732496202389,0.201650948347,True,27.5552563846,27.793983888
d000220_300_021,11,yellow green,core_medoid_de2000,43.2685677298,-17.4623278797,35.6146777284,0.360982034315,0.42694310759,0.155756938742,26.912047002,1.28032899096,1.51033946629,0.749381131942,23.7436692786,13500,6440,71.5229920181,-28.4163521473,58.8483467164,0.906424784907,9.40278958623,0.177738334698,0.334295305987,0.20498705454,0.0559476405246,0.209733640812,0.732496202389,0.201650948347,True,27.5552563846,27.793983888
d000220_300_021,11,yellow green,geomed_lab_converged,42.5217518228,-17.0778986205,34.8416118168,0.355076255819,0.419125935004,0.155073406181,27.7938449739,,,,,13500,6440,71.5229920181,-28.4163521473,58.8483467164,0.906424784907,9.40278958623,0.177738334698,0.334295305987,0.20498705454,0.0559476405246,0.209733640812,0.732496202389,0.201650948347,True,27.5552563846,27.793983888
d000220_300_021,11,yellow green,mc_geomedian,42.5216323533,-17.0778531837,34.8415132573,0.35507524049,0.419124710446,0.155073090779,27.793983888,,,,,13500,6440,71.5229920181,-28.4163521473,58.8483467164,0.906424784907,9.40278958623,0.177738334698,0.334295305987,0.20498705454,0.0559476405246,0.209733640812,0.732496202389,0.201650948347,True,27.5552563846,27.793983888
d000220_300_021,11,yellow green,mc_medoid,42.7207740269,-17.1633111985,35.0834192722,0.356816339776,0.421175076432,0.154978545669,27.5552563846,,,,,13500,6440,71.5229920181,-28.4163521473,58.8483467164,0.906424784907,9.40278958623,0.177738334698,0.334295305987,0.20498705454,0.0559476405246,0.209733640812,0.732496202389,0.201650948347,True,27.5552563846,27.793983888
d000220_300_021,11,yellow green,mean_lab,40.993817131,-16.4026814787,33.6066261967,0.342797345159,0.40335989062,0.150859506789,29.5926200978,,,,,13500,6440,71.5229920181,-28.4163521473,58.8483467164,0.906424784907,9.40278958623,0.177738334698,0.334295305987,0.20498705454,0.0559476405246,0.209733640812,0.732496202389,0.201650948347,True,27.5552563846,27.793983888
d000220_300_021,11,yellow green,median_lab,42.628054885,-17.0773997515,34.7839609331,0.356042619705,0.420162871473,0.156517983235,27.6854651224,,,,,13500,6440,71.5229920181,-28.4163521473,58.8483467164,0.906424784907,9.40278958623,0.177738334698,0.334295305987,0.20498705454,0.0559476405246,0.209733640812,0.732496202389,0.201650948347,True,27.5552563846,27.793983888
d000220_300_021,11,yellow green,medoid_5000px,42.5306539907,-17.0639808346,34.8222001747,0.355229414285,0.419191357748,0.155314152094,27.7866685476,,,,,13500,6440,71.5229920181,-28.4163521473,58.8483467164,0.906424784907,9.40278958623,0.177738334698,0.334295305987,0.20498705454,0.0559476405246,0.209733640812,0.732496202389,0.201650948347,True,27.5552563846,27.793983888
d000220_300_021,11,yellow green,prof_geomed_srgb,43.0837802904,-17.5191479707,35.3433875291,0.358373388266,0.425253681239,0.156176089113,27.1307671736,1.06806059468,1.24089774247,0.925859470331,23.3400575432,13500,6440,71.5229920181,-28.4163521473,58.8483467164,0.906424784907,9.40278958623,0.177738334698,0.334295305987,0.20498705454,0.0559476405246,0.209733640812,0.732496202389,0.201650948347,True,27.5552563846,27.793983888
d000220_300_021,11,yellow green,prof_geomed_srgb_strict,43.2525589354,-17.4043226812,35.5753812908,0.361159748965,0.426684542782,0.155931587969,26.9348902341,1.28986014874,1.52479428641,0.739983431462,23.7799667949,13500,6440,71.5229920181,-28.4163521473,58.8483467164,0.906424784907,9.40278958623,0.177738334698,0.334295305987,0.20498705454,0.0559476405246,0.209733640812,0.732496202389,0.201650948347,True,27.5552563846,27.793983888
d000220_300_021,12,orange yellow,core_geomed_lab,41.7347499986,5.59250791539,40.7808890825,0.487475999399,0.367234339791,0.106255938151,28.4094718421,2.65347282602,2.76661060553,2.07775449686,26.0728551712,13650,6538,70.9646413125,14.7507847582,67.2475837126,0.956044618102,7.03848538428,0.118246568422,0.188540625727,0.0844602615007,0.0143103938287,0.612422954599,0.14377652952,0.0792894458768,True,29.1853481238,29.1382796106
d000220_300_021,12,orange yellow,core_mean_srgb,41.1736371901,5.51723065812,40.0923221892,0.480553935636,0.362171813459,0.106912381263,29.081861093,1.21591826975,1.58461500859,2.51139323191,25.5781912931,13650,6538,70.9646413125,14.7507847582,67.2475837126,0.956044618102,7.03848538428,0.118246568422,0.188540625727,0.0844602615007,0.0143103938287,0.612422954599,0.14377652952,0.0792894458768,True,29.1853481238,29.1382796106
d000220_300_021,12,orange yellow,core_medoid_de2000,41.7321942464,5.59233982928,40.8198917648,0.487478388577,0.367207015089,0.105875897938,28.4091505106,2.49631385558,2.79564686899,2.06978691922,26.0980172051,13650,6538,70.9646413125,14.7507847582,67.2475837126,0.956044618102,7.03848538428,0.118246568422,0.188540625727,0.0844602615007,0.0143103938287,0.612422954599,0.14377652952,0.0792894458768,True,29.1853481238,29.1382796106
d000220_300_021,12,orange yellow,geomed_lab_converged,41.1256408211,5.46026193682,40.1132978765,0.479754735639,0.361860949593,0.10623588912,29.1381533743,,,,,13650,6538,70.9646413125,14.7507847582,67.2475837126,0.956044618102,7.03848538428,0.118246568422,0.188540625727,0.0844602615007,0.0143103938287,0.612422954599,0.14377652952,0.0792894458768,True,29.1853481238,29.1382796106
d000220_300_021,12,orange yellow,mc_geomedian,41.1255370442,5.46024229534,40.1131620004,0.479753419739,0.361860030808,0.106236083401,29.1382796106,,,,,13650,6538,70.9646413125,14.7507847582,67.2475837126,0.956044618102,7.03848538428,0.118246568422,0.188540625727,0.0844602615007,0.0143103938287,0.612422954599,0.14377652952,0.0792894458768,True,29.1853481238,29.1382796106
d000220_300_021,12,orange yellow,mc_medoid,41.1012716863,5.44027542702,39.8850053935,0.479208042699,0.361698281116,0.108027002086,29.1853481238,,,,,13650,6538,70.9646413125,14.7507847582,67.2475837126,0.956044618102,7.03848538428,0.118246568422,0.188540625727,0.0844602615007,0.0143103938287,0.612422954599,0.14377652952,0.0792894458768,True,29.1853481238,29.1382796106
d000220_300_021,12,orange yellow,mean_lab,39.7775958744,5.29589358993,38.8672780294,0.463602977976,0.349708708881,0.104129632057,30.7431986941,,,,,13650,6538,70.9646413125,14.7507847582,67.2475837126,0.956044618102,7.03848538428,0.118246568422,0.188540625727,0.0844602615007,0.0143103938287,0.612422954599,0.14377652952,0.0792894458768,True,29.1853481238,29.1382796106
d000220_300_021,12,orange yellow,median_lab,41.24210849,5.43472922011,40.0249944493,0.480787487775,0.363022301484,0.108150101682,29.0209130525,,,,,13650,6538,70.9646413125,14.7507847582,67.2475837126,0.956044618102,7.03848538428,0.118246568422,0.188540625727,0.0844602615007,0.0143103938287,0.612422954599,0.14377652952,0.0792894458768,True,29.1853481238,29.1382796106
d000220_300_021,12,orange yellow,medoid_5000px,41.1518764258,5.48848092254,40.0559137046,0.480138834706,0.36204926734,0.107019993708,29.1113910135,,,,,13650,6538,70.9646413125,14.7507847582,67.2475837126,0.956044618102,7.03848538428,0.118246568422,0.188540625727,0.0844602615007,0.0143103938287,0.612422954599,0.14377652952,0.0792894458768,True,29.1853481238,29.1382796106
d000220_300_021,12,orange yellow,prof_geomed_srgb,41.1420850046,5.69843637798,40.0276479947,0.481132219425,0.361470969711,0.107270923934,29.1042166353,1.89116557284,1.9277149763,2.17891814178,25.4975659147,13650,6538,70.9646413125,14.7507847582,67.2475837126,0.956044618102,7.03848538428,0.118246568422,0.188540625727,0.0844602615007,0.0143103938287,0.612422954599,0.14377652952,0.0792894458768,True,29.1853481238,29.1382796106
d000220_300_021,12,orange yellow,prof_geomed_srgb_strict,41.7335593357,5.59075984216,40.7910948516,0.487463543681,0.367212221488,0.106141770422,28.4101220011,2.44251228408,2.7422568492,2.08518508538,25.9875122689,13650,6538,70.9646413125,14.7507847582,67.2475837126,0.956044618102,7.03848538428,0.118246568422,0.188540625727,0.0844602615007,0.0143103938287,0.612422954599,0.14377652952,0.0792894458768,True,29.1853481238,29.1382796106
d000220_300_021,13,blue,core_geomed_lab,10.7951262153,23.0067511798,-33.9162472438,0.109844251012,0.0739991862579,0.298708179672,15.4005487075,1.64589589286,1.94970474206,2.04840598302,9.69096281303,9504,4632,29.1495129498,21.6670229957,-48.7421271756,0.919924025889,12.2859186012,0.0818573541584,0.152899931349,0.0332669029153,0.0234682932079,0.475260204862,0.474626728294,0.0772684384228,True,15.730165594,15.7034766748
d000220_300_021,13,blue,core_mean_srgb,10.5334143488,21.4707407752,-31.8958154613,0.109693175066,0.0754576322979,0.284872445514,15.7938382047,2.07636042692,2.42298914001,2.23862468493,9.61529799492,9504,4632,29.1495129498,21.6670229957,-48.7421271756,0.919924025889,12.2859186012,0.0818573541584,0.152899931349,0.0332669029153,0.0234682932079,0.475260204862,0.474626728294,0.0772684384228,True,15.730165594,15.7034766748
d000220_300_021,13,blue,core_medoid_de2000,10.7977424949,23.0589340618,-33.9526919848,0.110026920218,0.0738683786529,0.298940186058,15.4013256702,1.5803895701,1.89039256607,2.05640185582,9.59095964747,9504,4632,29.1495129498,21.6670229957,-48.7421271756,0.919924025889,12.2859186012,0.0818573541584,0.152899931349,0.0332669029153,0.0234682932079,0.475260204862,0.474626728294,0.0772684384228,True,15.730165594,15.7034766748
d000220_300_021,13,blue,geomed_lab_converged,10.5202112596,22.2782130417,-32.8208184477,0.109324767346,0.0734005436335,0.289964288793,15.7034005079,,,,,9504,4632,29.1495129498,21.6670229957,-48.7421271756,0.919924025889,12.2859186012,0.0818573541584,0.152899931349,0.0332669029153,0.0234682932079,0.475260204862,0.474626728294,0.0772684384228,True,15.730165594,15.7034766748
d000220_300_021,13,blue,mc_geomedian,10.5201478142,22.2779791146,-32.8204978013,0.109324602872,0.0734005719925,0.289961892534,15.7034766748,,,,,9504,4632,29.1495129498,21.6670229957,-48.7421271756,0.919924025889,12.2859186012,0.0818573541584,0.152899931349,0.0332669029153,0.0234682932079,0.475260204862,0.474626728294,0.0772684384228,True,15.730165594,15.7034766748
d000220_300_021,13,blue,mc_medoid,10.4813420702,22.2398288123,-32.7690713281,0.109004013914,0.0731819702449,0.289311733279,15.730165594,,,,,9504,4632,29.1495129498,21.6670229957,-48.7421271756,0.919924025889,12.2859186012,0.0818573541584,0.152899931349,0.0332669029153,0.0234682932079,0.475260204862,0.474626728294,0.0772684384228,True,15.730165594,15.7034766748
d000220_300_021,13,blue,mean_lab,10.3511040519,19.4095190897,-28.8937698428,0.112472303834,0.0783075217533,0.266396339113,16.4112888477,,,,,9504,4632,29.1495129498,21.6670229957,-48.7421271756,0.919924025889,12.2859186012,0.0818573541584,0.152899931349,0.0332669029153,0.0234682932079,0.475260204862,0.474626728294,0.0772684384228,True,15.730165594,15.7034766748
d000220_300_021,13,blue,median_lab,10.4284612699,22.2919286096,-32.8829839202,0.108043888734,0.0726857629332,0.289460830708,15.73371867,,,,,9504,4632,29.1495129498,21.6670229957,-48.7421271756,0.919924025889,12.2859186012,0.0818573541584,0.152899931349,0.0332669029153,0.0234682932079,0.475260204862,0.474626728294,0.0772684384228,True,15.730165594,15.7034766748
d000220_300_021,13,blue,medoid_5000px,10.5135705871,22.3566857625,-32.9407761916,0.109004096975,0.0731819300366,0.290578233104,15.6881772956,,,,,9504,4632,29.1495129498,21.6670229957,-48.7421271756,0.919924025889,12.2859186012,0.0818573541584,0.152899931349,0.0332669029153,0.0234682932079,0.475260204862,0.474626728294,0.0772684384228,True,15.730165594,15.7034766748
d000220_300_021,13,blue,prof_geomed_srgb,10.5450020199,22.3082321923,-32.954438606,0.108812085145,0.0736095216297,0.290943770504,15.655181652,1.31254783722,1.62967710611,1.90712239068,9.75083778707,9504,4632,29.1495129498,21.6670229957,-48.7421271756,0.919924025889,12.2859186012,0.0818573541584,0.152899931349,0.0332669029153,0.0234682932079,0.475260204862,0.474626728294,0.0772684384228,True,15.730165594,15.7034766748
d000220_300_021,13,blue,prof_geomed_srgb_strict,10.7795629002,23.1122298582,-33.9874489905,0.110008755684,0.0735678140513,0.298967829658,15.4136676786,1.53383655482,1.8434025669,2.08617485969,9.66840256075,9504,4632,29.1495129498,21.6670229957,-48.7421271756,0.919924025889,12.2859186012,0.0818573541584,0.152899931349,0.0332669029153,0.0234682932079,0.475260204862,0.474626728294,0.0772684384228,True,15.730165594,15.7034766748
d000220_300_021,14,green,core_geomed_lab,34.1918938279,-22.0072477583,20.1022994508,0.210346435431,0.348413629015,0.185534830698,20.73243516,0.906967657992,1.17055899116,2.08103489533,18.9281685161,9666,4722,54.3538637158,-42.6786194261,32.8714488287,1.47442444372,12.8014154767,0.180065277326,0.318844523621,0.207770024552,0.0635768753498,1.33141552101,0.092607206855,0.217316852361,True,21.598685906,21.7834538949
d000220_300_021,14,green,core_mean_srgb,32.84635352,-20.9700246629,19.2490605523,0.204378473249,0.33434477188,0.179639879328,21.9226060015,0.531926581514,0.670010332718,2.69356872938,18.5365165696,9666,4722,54.3538637158,-42.6786194261,32.8714488287,1.47442444372,12.8014154767,0.180065277326,0.318844523621,0.207770024552,0.0635768753498,1.33141552101,0.092607206855,0.217316852361,True,21.598685906,21.7834538949
d000220_300_021,14,green,core_medoid_de2000,34.1504895231,-21.9127930938,20.0220142517,0.210545094886,0.347898159012,0.185722075057,20.7831297076,0.874730559578,1.14162909098,2.08999764816,18.9020912241,9666,4722,54.3538637158,-42.6786194261,32.8714488287,1.47442444372,12.8014154767,0.180065277326,0.318844523621,0.207770024552,0.0635768753498,1.33141552101,0.092607206855,0.217316852361,True,21.598685906,21.7834538949
d000220_300_021,14,green,geomed_lab_converged,32.9988505852,-21.1392061719,19.2940673077,0.204485596256,0.336020391819,0.180642385762,21.7833048092,,,,,9666,4722,54.3538637158,-42.6786194261,32.8714488287,1.47442444372,12.8014154767,0.180065277326,0.318844523621,0.207770024552,0.0635768753498,1.33141552101,0.092607206855,0.217316852361,True,21.598685906,21.7834538949
d000220_300_021,14,green,mc_geomedian,32.9986846066,-21.1390663989,19.293948132,0.204484921795,0.336018646974,0.180641753085,21.7834538949,,,,,9666,4722,54.3538637158,-42.6786194261,32.8714488287,1.47442444372,12.8014154767,0.180065277326,0.318844523621,0.207770024552,0.0635768753498,1.33141552101,0.092607206855,0.217316852361,True,21.598685906,21.7834538949
d000220_300_021,14,green,mc_medoid,33.2044195909,-21.2740549846,19.534025981,0.205891060056,0.3381169567,0.180823798695,21.598685906,,,,,9666,4722,54.3538637158,-42.6786194261,32.8714488287,1.47442444372,12.8014154767,0.180065277326,0.318844523621,0.207770024552,0.0635768753498,1.33141552101,0.092607206855,0.217316852361,True,21.598685906,21.7834538949
d000220_300_021,14,green,mean_lab,30.730589837,-19.2089168048,17.7090065458,0.195490967447,0.312279715673,0.171720482633,23.8054798451,,,,,9666,4722,54.3538637158,-42.6786194261,32.8714488287,1.47442444372,12.8014154767,0.180065277326,0.318844523621,0.207770024552,0.0635768753498,1.33141552101,0.092607206855,0.217316852361,True,21.598685906,21.7834538949
d000220_300_021,14,green,median_lab,33.0356611452,-21.1797198792,19.2503089958,0.204364858601,0.336429721618,0.181242656273,21.7535217892,,,,,9666,4722,54.3538637158,-42.6786194261,32.8714488287,1.47442444372,12.8014154767,0.180065277326,0.318844523621,0.207770024552,0.0635768753498,1.33141552101,0.092607206855,0.217316852361,True,21.598685906,21.7834538949
d000220_300_021,14,green,medoid_5000px,33.0495523003,-21.1198397611,19.1876027195,0.204822963073,0.336484202611,0.181785055628,21.7580926296,,,,,9666,4722,54.3538637158,-42.6786194261,32.8714488287,1.47442444372,12.8014154767,0.180065277326,0.318844523621,0.207770024552,0.0635768753498,1.33141552101,0.092607206855,0.217316852361,True,21.598685906,21.7834538949
d000220_300_021,14,green,prof_geomed_srgb,32.797322498,-20.8793536427,19.0906416961,0.204257267109,0.333775844968,0.180270084688,21.9834866302,0.567809512865,0.76915143357,2.76472280478,18.7090387477,9666,4722,54.3538637158,-42.6786194261,32.8714488287,1.47442444372,12.8014154767,0.180065277326,0.318844523621,0.207770024552,0.0635768753498,1.33141552101,0.092607206855,0.217316852361,True,21.598685906,21.7834538949
d000220_300_021,14,green,prof_geomed_srgb_strict,34.2024132503,-22.0585911808,20.147116342,0.21012937817,0.348572317895,0.185315976308,20.7134940334,0.936476943142,1.19784961358,2.08543528054,18.971755669,9666,4722,54.3538637158,-42.6786194261,32.8714488287,1.47442444372,12.8014154767,0.180065277326,0.318844523621,0.207770024552,0.0635768753498,1.33141552101,0.092607206855,0.217316852361,True,21.598685906,21.7834538949
d000220_300_021,15,red,core_geomed_lab,26.0467809304,29.7946652404,18.6328433404,0.420589320128,0.155858910204,0.136976589906,14.7870458446,1.60683982814,1.06139757775,1.82156241032,14.6586136727,8424,4080,41.8159677202,50.323734474,27.3622600889,0.91400139455,7.32086202064,0.0682910174304,0.136944252892,0.0979062471352,0.125300591903,0.0848958938904,0.791571967759,0.0999530677029,False,15.3733960831,15.3191658344
d000220_300_021,15,red,core_mean_srgb,25.1209012362,28.6656682044,17.8053425024,0.40512422265,0.152061875334,0.134058780146,15.6177907646,1.57810399245,1.49077893656,1.93459179464,14.4208081652,8424,4080,41.8159677202,50.323734474,27.3622600889,0.91400139455,7.32086202064,0.0682910174304,0.136944252892,0.0979062471352,0.125300591903,0.0848958938904,0.791571967759,0.0999530677029,False,15.3733960831,15.3191658344
d000220_300_021,15,red,core_medoid_de2000,26.0572038767,29.5220521735,18.465489891,0.419362594921,0.157107851769,0.137989087218,14.8394578194,1.71084336233,1.27194859796,1.8802399554,14.5791548963,8424,4080,41.8159677202,50.323734474,27.3622600889,0.91400139455,7.32086202064,0.0682910174304,0.136944252892,0.0979062471352,0.125300591903,0.0848958938904,0.791571967759,0.0999530677029,False,15.3733960831,15.3191658344
d000220_300_021,15,red,geomed_lab_converged,25.468347117,29.0345576972,18.0242659402,0.410601901508,0.15374060632,0.135685354544,15.3190676192,,,,,8424,4080,41.8159677202,50.323734474,27.3622600889,0.91400139455,7.32086202064,0.0682910174304,0.136944252892,0.0979062471352,0.125300591903,0.0848958938904,0.791571967759,0.0999530677029,False,15.3733960831,15.3191658344
d000220_300_021,15,red,mc_geomedian,25.4682350651,29.0344332329,18.0241641366,0.410600083305,0.153740098673,0.135685014299,15.3191658344,,,,,8424,4080,41.8159677202,50.323734474,27.3622600889,0.91400139455,7.32086202064,0.0682910174304,0.136944252892,0.0979062471352,0.125300591903,0.0848958938904,0.791571967759,0.0999530677029,False,15.3733960831,15.3191658344
d000220_300_021,15,red,mc_medoid,25.4577877397,28.8168915483,17.9181581549,0.409444268482,0.154543858329,0.136173232173,15.3733960831,,,,,8424,4080,41.8159677202,50.323734474,27.3622600889,0.91400139455,7.32086202064,0.0682910174304,0.136944252892,0.0979062471352,0.125300591903,0.0848958938904,0.791571967759,0.0999530677029,False,15.3733960831,15.3191658344
d000220_300_021,15,red,mean_lab,24.4652193409,27.7369663689,17.0707352241,0.393533118278,0.14992433458,0.13284035061,16.2393667192,,,,,8424,4080,41.8159677202,50.323734474,27.3622600889,0.91400139455,7.32086202064,0.0682910174304,0.136944252892,0.0979062471352,0.125300591903,0.0848958938904,0.791571967759,0.0999530677029,False,15.3733960831,15.3191658344
d000220_300_021,15,red,median_lab,25.5147286554,29.0263796125,17.9944273603,0.411033358158,0.154207463704,0.136238827015,15.2923834352,,,,,8424,4080,41.8159677202,50.323734474,27.3622600889,0.91400139455,7.32086202064,0.0682910174304,0.136944252892,0.0979062471352,0.125300591903,0.0848958938904,0.791571967759,0.0999530677029,False,15.3733960831,15.3191658344
d000220_300_021,15,red,medoid_5000px,25.5448443819,28.9869965876,17.962922292,0.411153273575,0.154650774213,0.13666152016,15.2824353189,,,,,8424,4080,41.8159677202,50.323734474,27.3622600889,0.91400139455,7.32086202064,0.0682910174304,0.136944252892,0.0979062471352,0.125300591903,0.0848958938904,0.791571967759,0.0999530677029,False,15.3733960831,15.3191658344
d000220_300_021,15,red,prof_geomed_srgb,25.9368923662,29.7003056903,18.5896382308,0.418968842985,0.15522074313,0.136310616263,14.8765924939,1.36577103959,0.936531464127,1.75833610857,14.4544109056,8424,4080,41.8159677202,50.323734474,27.3622600889,0.91400139455,7.32086202064,0.0682910174304,0.136944252892,0.0979062471352,0.125300591903,0.0848958938904,0.791571967759,0.0999530677029,False,15.3733960831,15.3191658344
d000220_300_021,15,red,prof_geomed_srgb_strict,26.0290674621,29.8165838811,18.6341577088,0.420499421877,0.155587414881,0.136828271006,14.7937186517,1.58452735339,1.02308230773,1.82177891023,14.6218512231,8424,4080,41.8159677202,50.323734474,27.3622600889,0.91400139455,7.32086202064,0.0682910174304,0.136944252892,0.0979062471352,0.125300591903,0.0848958938904,0.791571967759,0.0999530677029,False,15.3733960831,15.3191658344
d000220_300_021,16,yellow,core_geomed_lab,54.0042741993,-3.02272492873,50.1797256263,0.579511079291,0.504123015518,0.137744214318,23.1077251672,1.17309710041,1.33795570768,2.26754547924,22.2162150911,9288,4528,81.2952417117,-1.87406763019,80.91564034,1.59516516281,15.0434610763,0.245484262172,0.59230284336,0.126039850377,0.0259938840195,1.40613942959,0.0373971089032,0.144472863113,True,24.1544886904,24.2692150158
d000220_300_021,16,yellow,core_mean_srgb,52.6633954914,-3.09409868319,48.8891341584,0.563297600667,0.491053323407,0.136377518312,24.4240259356,0.517904196958,0.645181373015,3.2068547126,21.7068780423,9288,4528,81.2952417117,-1.87406763019,80.91564034,1.59516516281,15.0434610763,0.245484262172,0.59230284336,0.126039850377,0.0259938840195,1.40613942959,0.0373971089032,0.144472863113,True,24.1544886904,24.2692150158
d000220_300_021,16,yellow,core_medoid_de2000,54.0115455091,-3.05134327292,50.2385133194,0.579474780322,0.504250467029,0.137207073788,23.0966232581,1.44311240224,1.44852793436,2.4769550709,22.2400474016,9288,4528,81.2952417117,-1.87406763019,80.91564034,1.59516516281,15.0434610763,0.245484262172,0.59230284336,0.126039850377,0.0259938840195,1.40613942959,0.0373971089032,0.144472863113,True,24.1544886904,24.2692150158
d000220_300_021,16,yellow,geomed_lab_converged,52.8279839929,-3.01135235642,48.9410933661,0.565620497714,0.492522457445,0.137662374888,24.2690388174,,,,,9288,4528,81.2952417117,-1.87406763019,80.91564034,1.59516516281,15.0434610763,0.245484262172,0.59230284336,0.126039850377,0.0259938840195,1.40613942959,0.0373971089032,0.144472863113,True,24.1544886904,24.2692150158
d000220_300_021,16,yellow,mc_geomedian,52.8278070377,-3.01135995882,48.9409088883,0.565618359187,0.492520735385,0.137662332695,24.2692150158,,,,,9288,4528,81.2952417117,-1.87406763019,80.91564034,1.59516516281,15.0434610763,0.245484262172,0.59230284336,0.126039850377,0.0259938840195,1.40613942959,0.0373971089032,0.144472863113,True,24.1544886904,24.2692150158
d000220_300_021,16,yellow,mc_medoid,52.9566950701,-3.00352496864,48.9435385216,0.56706925609,0.49378245338,0.139006906877,24.1544886904,,,,,9288,4528,81.2952417117,-1.87406763019,80.91564034,1.59516516281,15.0434610763,0.245484262172,0.59230284336,0.126039850377,0.0259938840195,1.40613942959,0.0373971089032,0.144472863113,True,24.1544886904,24.2692150158
d000220_300_021,16,yellow,mean_lab,50.2984797596,-2.88259172047,46.3508844456,0.536621391903,0.46752089781,0.136549000905,26.813787957,,,,,9288,4528,81.2952417117,-1.87406763019,80.91564034,1.59516516281,15.0434610763,0.245484262172,0.59230284336,0.126039850377,0.0259938840195,1.40613942959,0.0373971089032,0.144472863113,True,24.1544886904,24.2692150158
d000220_300_021,16,yellow,median_lab,52.8872760686,-2.95907072754,48.9447272814,0.56657683899,0.493000371373,0.13828236587,24.2139553617,,,,,9288,4528,81.2952417117,-1.87406763019,80.91564034,1.59516516281,15.0434610763,0.245484262172,0.59230284336,0.126039850377,0.0259938840195,1.40613942959,0.0373971089032,0.144472863113,True,24.1544886904,24.2692150158
d000220_300_021,16,yellow,medoid_5000px,52.8129397381,-2.98922718058,49.0435894886,0.565680679682,0.492317555901,0.136489310658,24.2709155013,,,,,9288,4528,81.2952417117,-1.87406763019,80.91564034,1.59516516281,15.0434610763,0.245484262172,0.59230284336,0.126039850377,0.0259938840195,1.40613942959,0.0373971089032,0.144472863113,True,24.1544886904,24.2692150158
d000220_300_021,16,yellow,prof_geomed_srgb,52.6295892011,-3.07603074284,48.8457490002,0.562996871901,0.490684367132,0.136461432822,24.4577473059,0.552118312717,0.757258348865,2.81506923066,21.5778151906,9288,4528,81.2952417117,-1.87406763019,80.91564034,1.59516516281,15.0434610763,0.245484262172,0.59230284336,0.126039850377,0.0259938840195,1.40613942959,0.0373971089032,0.144472863113,True,24.1544886904,24.2692150158
d000220_300_021,16,yellow,prof_geomed_srgb_strict,54.0074343982,-3.02480349999,50.2162798487,0.579568328608,0.5041394828,0.137391017584,23.1013321341,1.23615340834,1.39529765576,2.25963739616,22.1082782358,9288,4528,81.2952417117,-1.87406763019,80.91564034,1.59516516281,15.0434610763,0.245484262172,0.59230284336,0.126039850377,0.0259938840195,1.40613942959,0.0373971089032,0.144472863113,True,24.1544886904,24.2692150158
d000220_300_021,17,magenta,core_geomed_lab,30.4743223586,34.768966733,-7.38925015117,0.456291492552,0.185260379608,0.329740386978,18.7798357641,0.718020840291,0.837114681691,1.40836829174,16.9050479621,9720,4740,50.4032815274,52.48562976,-14.8215971057,1.01589895194,9.16159152948,0.0700369429006,0.166583388225,0.0733004226692,0.0538965049835,0.707348270843,0.0356386031144,0.0258243309818,True,19.5462545717,19.6112459867
d000220_300_021,17,magenta,core_mean_srgb,29.7216189006,33.9052181047,-7.22140465818,0.444568135879,0.181639530396,0.321641667946,19.4251956561,0.13982354773,0.094817894265,1.3473261181,16.5749893891,9720,4740,50.4032815274,52.48562976,-14.8215971057,1.01589895194,9.16159152948,0.0700369429006,0.166583388225,0.0733004226692,0.0538965049835,0.707348270843,0.0356386031144,0.0258243309818,True,19.5462545717,19.6112459867
d000220_300_021,17,magenta,core_medoid_de2000,30.5360415994,34.8284446731,-7.38263879306,0.457237323563,0.185595124342,0.330282837702,18.7295653187,0.76472418921,0.897837075074,1.36844337046,16.8294809366,9720,4740,50.4032815274,52.48562976,-14.8215971057,1.01589895194,9.16159152948,0.0700369429006,0.166583388225,0.0733004226692,0.0538965049835,0.707348270843,0.0356386031144,0.0258243309818,True,19.5462545717,19.6112459867
d000220_300_021,17,magenta,geomed_lab_converged,29.5128698685,33.6242405038,-7.13994644968,0.441188477454,0.180810966708,0.319190964349,19.6111152315,,,,,9720,4740,50.4032815274,52.48562976,-14.8215971057,1.01589895194,9.16159152948,0.0700369429006,0.166583388225,0.0733004226692,0.0538965049835,0.707348270843,0.0356386031144,0.0258243309818,True,19.5462545717,19.6112459867
d000220_300_021,17,magenta,mc_geomedian,29.5127137613,33.6240774261,-7.13992197129,0.441186114485,0.180810155252,0.319189354082,19.6112459867,,,,,9720,4740,50.4032815274,52.48562976,-14.8215971057,1.01589895194,9.16159152948,0.0700369429006,0.166583388225,0.0733004226692,0.0538965049835,0.707348270843,0.0356386031144,0.0258243309818,True,19.5462545717,19.6112459867
d000220_300_021,17,magenta,mc_medoid,29.5962010414,33.6955154146,-7.11110209065,0.442451320139,0.181291520126,0.31979986749,19.5462545717,,,,,9720,4740,50.4032815274,52.48562976,-14.8215971057,1.01589895194,9.16159152948,0.0700369429006,0.166583388225,0.0733004226692,0.0538965049835,0.707348270843,0.0356386031144,0.0258243309818,True,19.5462545717,19.6112459867
d000220_300_021,17,magenta,mean_lab,28.0258084196,31.722939366,-6.72891341845,0.417406278777,0.174424696021,0.302824777654,20.9074512319,,,,,9720,4740,50.4032815274,52.48562976,-14.8215971057,1.01589895194,9.16159152948,0.0700369429006,0.166583388225,0.0733004226692,0.0538965049835,0.707348270843,0.0356386031144,0.0258243309818,True,19.5462545717,19.6112459867
d000220_300_021,17,magenta,median_lab,29.6138794672,33.5921118761,-7.1016933763,0.442140445687,0.181886966093,0.31989459186,19.5467838046,,,,,9720,4740,50.4032815274,52.48562976,-14.8215971057,1.01589895194,9.16159152948,0.0700369429006,0.166583388225,0.0733004226692,0.0538965049835,0.707348270843,0.0356386031144,0.0258243309818,True,19.5462545717,19.6112459867
d000220_300_021,17,magenta,medoid_5000px,29.574009919,33.6962203667,-7.14567775222,0.442161401707,0.181093143882,0.319799866088,19.5592196064,,,,,9720,4740,50.4032815274,52.48562976,-14.8215971057,1.01589895194,9.16159152948,0.0700369429006,0.166583388225,0.0733004226692,0.0538965049835,0.707348270843,0.0356386031144,0.0258243309818,True,19.5462545717,19.6112459867
d000220_300_021,17,magenta,prof_geomed_srgb,29.7420017409,33.8486997412,-7.25555885352,0.444434271763,0.182085908293,0.322026398108,19.4149648318,0.043252572532,0.0466250124699,1.37691523364,16.5753976281,9720,4740,50.4032815274,52.48562976,-14.8215971057,1.01589895194,9.16159152948,0.0700369429006,0.166583388225,0.0733004226692,0.0538965049835,0.707348270843,0.0356386031144,0.0258243309818,True,19.5462545717,19.6112459867
d000220_300_021,17,magenta,prof_geomed_srgb_strict,30.5100114797,34.8147111176,-7.39770930856,0.456870640402,0.185396213555,0.330127464266,18.7485878173,0.771465900378,0.887713498116,1.42270849365,16.8630160892,9720,4740,50.4032815274,52.48562976,-14.8215971057,1.01589895194,9.16159152948,0.0700369429006,0.166583388225,0.0733004226692,0.0538965049835,0.707348270843,0.0356386031144,0.0258243309818,True,19.5462545717,19.6112459867
d000220_300_021,18,cyan,core_geomed_lab,28.9702600037,-4.6432695481,-17.6221385331,0.146527741822,0.281190736693,0.373371395041,22.369667906,4.01484393875,3.98363850022,1.15317272722,16.7947928555,9828,4796,50.0976007177,-24.9810885068,-27.5185652256,1.00403136617,8.34345248875,0.0482792832223,0.0963775866156,0.0698088774574,0.0323319680186,0.350662553976,0.220581170854,0.0414687818211,True,23.0468486892,23.0093336229
d000220_300_021,18,cyan,core_mean_srgb,28.4809106559,-4.46049879546,-17.3889719701,0.145664636988,0.276378098709,0.367309540458,22.7763519454,3.9068263063,3.93746943655,1.07577391623,16.4675129417,9828,4796,50.0976007177,-24.9810885068,-27.5185652256,1.00403136617,8.34345248875,0.0482792832223,0.0963775866156,0.0698088774574,0.0323319680186,0.350662553976,0.220581170854,0.0414687818211,True,23.0468486892,23.0093336229
d000220_300_021,18,cyan,core_medoid_de2000,29.0054656431,-4.6422560744,-17.6553661419,0.146619897373,0.281518244015,0.373908908114,22.3463251478,3.91719967096,4.00300454792,1.23121283042,16.7892000616,9828,4796,50.0976007177,-24.9810885068,-27.5185652256,1.00403136617,8.34345248875,0.0482792832223,0.0963775866156,0.0698088774574,0.0323319680186,0.350662553976,0.220581170854,0.0414687818211,True,23.0468486892,23.0093336229
d000220_300_021,18,cyan,geomed_lab_converged,28.2086501508,-4.35732331293,-17.1742038205,0.14588645707,0.273682373848,0.363433531324,23.0092196173,,,,,9828,4796,50.0976007177,-24.9810885068,-27.5185652256,1.00403136617,8.34345248875,0.0482792832223,0.0963775866156,0.0698088774574,0.0323319680186,0.350662553976,0.220581170854,0.0414687818211,True,23.0468486892,23.0093336229
d000220_300_021,18,cyan,mc_geomedian,28.2085133837,-4.35727425225,-17.1741194136,0.145886337887,0.27368103107,0.363431726773,23.0093336229,,,,,9828,4796,50.0976007177,-24.9810885068,-27.5185652256,1.00403136617,8.34345248875,0.0482792832223,0.0963775866156,0.0698088774574,0.0323319680186,0.350662553976,0.220581170854,0.0414687818211,True,23.0468486892,23.0093336229
d000220_300_021,18,cyan,mc_medoid,28.1988006122,-4.30821708441,-17.0766970556,0.147122674607,0.273476698197,0.362754522181,23.0468486892,,,,,9828,4796,50.0976007177,-24.9810885068,-27.5185652256,1.00403136617,8.34345248875,0.0482792832223,0.0963775866156,0.0698088774574,0.0323319680186,0.350662553976,0.220581170854,0.0414687818211,True,23.0468486892,23.0093336229
d000220_300_021,18,cyan,mean_lab,26.8550118928,-3.94624391795,-16.1018015892,0.145495658461,0.260494992585,0.34422470029,24.1184497204,,,,,9828,4796,50.0976007177,-24.9810885068,-27.5185652256,1.00403136617,8.34345248875,0.0482792832223,0.0963775866156,0.0698088774574,0.0323319680186,0.350662553976,0.220581170854,0.0414687818211,True,23.0468486892,23.0093336229
d000220_300_021,18,cyan,median_lab,28.2946547961,-4.1881136656,-17.1566511204,0.148804123513,0.274157951453,0.364155877682,23.0440325596,,,,,9828,4796,50.0976007177,-24.9810885068,-27.5185652256,1.00403136617,8.34345248875,0.0482792832223,0.0963775866156,0.0698088774574,0.0323319680186,0.350662553976,0.220581170854,0.0414687818211,True,23.0468486892,23.0093336229
d000220_300_021,18,cyan,medoid_5000px,28.1535763171,-4.33155704884,-17.0772659704,0.146405531161,0.273110470827,0.362327267405,23.0625969724,,,,,9828,4796,50.0976007177,-24.9810885068,-27.5185652256,1.00403136617,8.34345248875,0.0482792832223,0.0963775866156,0.0698088774574,0.0323319680186,0.350662553976,0.220581170854,0.0414687818211,True,23.0468486892,23.0093336229
d000220_300_021,18,cyan,prof_geomed_srgb,28.701761055,-4.42160576614,-17.6395292504,0.146288242924,0.278385595483,0.370931563287,22.6438629503,3.76610462949,3.79133486191,1.31101488861,16.6561261777,9828,4796,50.0976007177,-24.9810885068,-27.5185652256,1.00403136617,8.34345248875,0.0482792832223,0.0963775866156,0.0698088774574,0.0323319680186,0.350662553976,0.220581170854,0.0414687818211,True,23.0468486892,23.0093336229
d000220_300_021,18,cyan,prof_geomed_srgb_strict,29.024796595,-4.67541510816,-17.6505671251,0.146450394739,0.281743980514,0.374059999016,22.3183614725,3.95643934653,4.02904544569,1.24817442648,16.8636502232,9828,4796,50.0976007177,-24.9810885068,-27.5185652256,1.00403136617,8.34345248875,0.0482792832223,0.0963775866156,0.0698088774574,0.0323319680186,0.350662553976,0.220581170854,0.0414687818211,True,23.0468486892,23.0093336229
d000220_300_021,19,white 9.5 (.05 D),core_geomed_lab,64.3020374428,3.60467988188,5.78229576172,0.65426040534,0.601528012594,0.571645522779,22.5783253379,0.822876212152,0.861055121675,1.57425105939,20.9110256429,4400,2176,95.1674415299,-1.29945577469,2.91936760367,1.52207368709,16.6269663333,0.134073476544,0.222806482667,0.0956260011782,0.0714582602979,0.676367762117,0.119830262342,0.165079322009,True,23.5904935176,23.5412225013
d000220_300_021,19,white 9.5 (.05 D),core_mean_srgb,63.5858549112,3.68116872758,5.52043507459,0.646533642497,0.594004193146,0.566131240491,23.1423263661,0.230119667115,0.187555353965,1.50794233037,20.6510082464,4400,2176,95.1674415299,-1.29945577469,2.91936760367,1.52207368709,16.6269663333,0.134073476544,0.222806482667,0.0956260011782,0.0714582602979,0.676367762117,0.119830262342,0.165079322009,True,23.5904935176,23.5412225013
d000220_300_021,19,white 9.5 (.05 D),core_medoid_de2000,64.2785762737,3.55065765761,5.74315532275,0.653531302544,0.601420034176,0.57166853526,22.5738858062,0.764451150609,0.810293000227,1.56470522799,20.8800242436,4400,2176,95.1674415299,-1.29945577469,2.91936760367,1.52207368709,16.6269663333,0.134073476544,0.222806482667,0.0956260011782,0.0714582602979,0.676367762117,0.119830262342,0.165079322009,True,23.5904935176,23.5412225013
d000220_300_021,19,white 9.5 (.05 D),geomed_lab_converged,63.0075935969,3.53782742978,5.54986743876,0.639556162215,0.588381457323,0.560003429125,23.5410756634,,,,,4400,2176,95.1674415299,-1.29945577469,2.91936760367,1.52207368709,16.6269663333,0.134073476544,0.222806482667,0.0956260011782,0.0714582602979,0.676367762117,0.119830262342,0.165079322009,True,23.5904935176,23.5412225013
d000220_300_021,19,white 9.5 (.05 D),mc_geomedian,63.0074060035,3.53783432013,5.54982979767,0.639554139284,0.58837951886,0.560001774701,23.5412225013,,,,,4400,2176,95.1674415299,-1.29945577469,2.91936760367,1.52207368709,16.6269663333,0.134073476544,0.222806482667,0.0956260011782,0.0714582602979,0.676367762117,0.119830262342,0.165079322009,True,23.5904935176,23.5412225013
d000220_300_021,19,white 9.5 (.05 D),mc_medoid,62.9687459411,3.5976539309,5.50804443722,0.639447186091,0.587854433472,0.559903728034,23.5904935176,,,,,4400,2176,95.1674415299,-1.29945577469,2.91936760367,1.52207368709,16.6269663333,0.134073476544,0.222806482667,0.0956260011782,0.0714582602979,0.676367762117,0.119830262342,0.165079322009,True,23.5904935176,23.5412225013
d000220_300_021,19,white 9.5 (.05 D),mean_lab,60.4900545389,3.4419294215,5.25195213529,0.611788049184,0.562850226186,0.536436452296,25.4951483682,,,,,4400,2176,95.1674415299,-1.29945577469,2.91936760367,1.52207368709,16.6269663333,0.134073476544,0.222806482667,0.0956260011782,0.0714582602979,0.676367762117,0.119830262342,0.165079322009,True,23.5904935176,23.5412225013
d000220_300_021,19,white 9.5 (.05 D),median_lab,62.9701183866,3.5121280343,5.52209601683,0.638909444969,0.58806161266,0.559808800953,23.5597387514,,,,,4400,2176,95.1674415299,-1.29945577469,2.91936760367,1.52207368709,16.6269663333,0.134073476544,0.222806482667,0.0956260011782,0.0714582602979,0.676367762117,0.119830262342,0.165079322009,True,23.5904935176,23.5412225013
d000220_300_021,19,white 9.5 (.05 D),medoid_5000px,63.0118210194,3.51216507356,5.62535990277,0.639630284431,0.588464805121,0.559522262825,23.5328470478,,,,,4400,2176,95.1674415299,-1.29945577469,2.91936760367,1.52207368709,16.6269663333,0.134073476544,0.222806482667,0.0956260011782,0.0714582602979,0.676367762117,0.119830262342,0.165079322009,True,23.5904935176,23.5412225013
d000220_300_021,19,white 9.5 (.05 D),prof_geomed_srgb,63.560883196,3.58873484038,5.52886879747,0.645654993515,0.593957427329,0.56580453193,23.1282015373,0.261508263898,0.329137667451,1.52568269981,20.6325757209,4400,2176,95.1674415299,-1.29945577469,2.91936760367,1.52207368709,16.6269663333,0.134073476544,0.222806482667,0.0956260011782,0.0714582602979,0.676367762117,0.119830262342,0.165079322009,True,23.5904935176,23.5412225013
d000220_300_021,19,white 9.5 (.05 D),prof_geomed_srgb_strict,64.3272926252,3.58439122021,5.79275864082,0.65441187964,0.601817146378,0.571824432925,22.552118449,0.880918223027,0.917762920583,1.57207100381,20.9554023266,4400,2176,95.1674415299,-1.29945577469,2.91936760367,1.52207368709,16.6269663333,0.134073476544,0.222806482667,0.0956260011782,0.0714582602979,0.676367762117,0.119830262342,0.165079322009,True,23.5904935176,23.5412225013
d000220_300_021,20,neutral 8 (.23 D),core_geomed_lab,53.2364739422,3.10938546894,3.67273839791,0.530752505996,0.490783694277,0.47439256028,23.181519879,1.60394815803,1.75905192112,2.13800075,19.7779847693,4475,2209,81.2891860096,-0.609436302439,0.444598310633,1.68792641733,16.7278603263,0.248100583398,0.507015439112,0.154356860595,0.26210695092,0.325975061509,0.477531890785,0.157275641352,True,23.871581512,24.0198532599
d000220_300_021,20,neutral 8 (.23 D),core_mean_srgb,52.6844205573,3.03367989359,3.67514391159,0.524662029761,0.485441183465,0.468900058346,23.6649964464,0.906514445533,0.976793907744,2.09296449032,19.4644098726,4475,2209,81.2891860096,-0.609436302439,0.444598310633,1.68792641733,16.7278603263,0.248100583398,0.507015439112,0.154356860595,0.26210695092,0.325975061509,0.477531890785,0.157275641352,True,23.871581512,24.0198532599
d000220_300_021,20,neutral 8 (.23 D),core_medoid_de2000,53.0847351266,3.17788921049,3.46488698696,0.529109023196,0.489171746085,0.474284617242,23.3194685596,1.51484381257,1.66393327361,2.12431162309,19.7414886924,4475,2209,81.2891860096,-0.609436302439,0.444598310633,1.68792641733,16.7278603263,0.248100583398,0.507015439112,0.154356860595,0.26210695092,0.325975061509,0.477531890785,0.157275641352,True,23.871581512,24.0198532599
d000220_300_021,20,neutral 8 (.23 D),geomed_lab_converged,52.3031681321,3.10319195674,3.52062190557,0.520859522383,0.481549348027,0.466174211089,24.0196764161,,,,,4475,2209,81.2891860096,-0.609436302439,0.444598310633,1.68792641733,16.7278603263,0.248100583398,0.507015439112,0.154356860595,0.26210695092,0.325975061509,0.477531890785,0.157275641352,True,23.871581512,24.0198532599
d000220_300_021,20,neutral 8 (.23 D),mc_geomedian,52.3029769993,3.10320219154,3.52059993553,0.520857602058,0.481547432356,0.466172471149,24.0198532599,,,,,4475,2209,81.2891860096,-0.609436302439,0.444598310633,1.68792641733,16.7278603263,0.248100583398,0.507015439112,0.154356860595,0.26210695092,0.325975061509,0.477531890785,0.157275641352,True,23.871581512,24.0198532599
d000220_300_021,20,neutral 8 (.23 D),mc_medoid,52.4498912893,3.06660328476,3.47965292435,0.521983031498,0.483098496344,0.46789104856,23.871581512,,,,,4475,2209,81.2891860096,-0.609436302439,0.444598310633,1.68792641733,16.7278603263,0.248100583398,0.507015439112,0.154356860595,0.26210695092,0.325975061509,0.477531890785,0.157275641352,True,23.871581512,24.0198532599
d000220_300_021,20,neutral 8 (.23 D),mean_lab,49.6160399261,2.93915025172,3.38990941507,0.492423552712,0.455384881955,0.440615193484,26.4967041639,,,,,4475,2209,81.2891860096,-0.609436302439,0.444598310633,1.68792641733,16.7278603263,0.248100583398,0.507015439112,0.154356860595,0.26210695092,0.325975061509,0.477531890785,0.157275641352,True,23.871581512,24.0198532599
d000220_300_021,20,neutral 8 (.23 D),median_lab,52.3818107787,3.05964730015,3.46676723111,0.521213775565,0.482440602902,0.467303191435,23.9313085915,,,,,4475,2209,81.2891860096,-0.609436302439,0.444598310633,1.68792641733,16.7278603263,0.248100583398,0.507015439112,0.154356860595,0.26210695092,0.325975061509,0.477531890785,0.157275641352,True,23.871581512,24.0198532599
d000220_300_021,20,neutral 8 (.23 D),medoid_5000px,52.3292384784,3.13663745903,3.43488932154,0.521113261663,0.481755680098,0.467006013784,23.9972347888,,,,,4475,2209,81.2891860096,-0.609436302439,0.444598310633,1.68792641733,16.7278603263,0.248100583398,0.507015439112,0.154356860595,0.26210695092,0.325975061509,0.477531890785,0.157275641352,True,23.871581512,24.0198532599
d000220_300_021,20,neutral 8 (.23 D),prof_geomed_srgb,53.0518182325,3.23187045774,3.50404688626,0.529243915465,0.488700694285,0.473701075761,23.3676133582,1.10230223988,1.17810673071,2.09035156691,19.4544874781,4475,2209,81.2891860096,-0.609436302439,0.444598310633,1.68792641733,16.7278603263,0.248100583398,0.507015439112,0.154356860595,0.26210695092,0.325975061509,0.477531890785,0.157275641352,True,23.871581512,24.0198532599
d000220_300_021,20,neutral 8 (.23 D),prof_geomed_srgb_strict,53.2890019659,3.10019687239,3.6541449856,0.531169428343,0.491319033075,0.475032025585,23.1296591084,1.63552003819,1.79827261949,2.13829729707,19.8262036475,4475,2209,81.2891860096,-0.609436302439,0.444598310633,1.68792641733,16.7278603263,0.248100583398,0.507015439112,0.154356860595,0.26210695092,0.325975061509,0.477531890785,0.157275641352,True,23.871581512,24.0198532599
d000220_300_021,21,neutral 6.5 (.44 D),core_geomed_lab,43.5877858786,2.6688871452,3.56858159725,0.431578883308,0.397344150157,0.381219273096,22.7334858583,1.16651435821,1.21475942393,2.08755655429,19.0868693374,3900,1926,66.8953464077,-0.741716456682,-0.0479932850446,1.47445387428,6.881279734,0.00335511669769,0.0301960502792,0.0344937795436,0.049807762578,0.61351772818,0.543097784201,0.0,True,23.7204104779,23.7538946171
d000220_300_021,21,neutral 6.5 (.44 D),core_mean_srgb,42.4930738126,2.64826996674,3.5029408456,0.42061149223,0.386908963455,0.371226079839,23.9098768916,0.875061250497,0.885057911014,2.00943016744,18.7584390631,3900,1926,66.8953464077,-0.741716456682,-0.0479932850446,1.47445387428,6.881279734,0.00335511669769,0.0301960502792,0.0344937795436,0.049807762578,0.61351772818,0.543097784201,0.0,True,23.7204104779,23.7538946171
d000220_300_021,21,neutral 6.5 (.44 D),core_medoid_de2000,43.6380565109,2.68218996929,3.56742755675,0.43215269869,0.397798547933,0.381707534218,22.6827995437,1.18511980581,1.22820172779,2.0737494172,19.0509539051,3900,1926,66.8953464077,-0.741716456682,-0.0479932850446,1.47445387428,6.881279734,0.00335511669769,0.0301960502792,0.0344937795436,0.049807762578,0.61351772818,0.543097784201,0.0,True,23.7204104779,23.7538946171
d000220_300_021,21,neutral 6.5 (.44 D),geomed_lab_converged,42.6033356132,2.57098336808,3.34519223738,0.420777270669,0.388176061168,0.373274717555,23.753682091,,,,,3900,1926,66.8953464077,-0.741716456682,-0.0479932850446,1.47445387428,6.881279734,0.00335511669769,0.0301960502792,0.0344937795436,0.049807762578,0.61351772818,0.543097784201,0.0,True,23.7204104779,23.7538946171
d000220_300_021,21,neutral 6.5 (.44 D),mc_geomedian,42.6031366013,2.57097568906,3.34515660163,0.420775194593,0.388174183506,0.373273055041,23.7538946171,,,,,3900,1926,66.8953464077,-0.741716456682,-0.0479932850446,1.47445387428,6.881279734,0.00335511669769,0.0301960502792,0.0344937795436,0.049807762578,0.61351772818,0.543097784201,0.0,True,23.7204104779,23.7538946171
d000220_300_021,21,neutral 6.5 (.44 D),mc_medoid,42.6369728789,2.58016387312,3.35799393558,0.421196709775,0.38847502866,0.373513370102,23.7204104779,,,,,3900,1926,66.8953464077,-0.741716456682,-0.0479932850446,1.47445387428,6.881279734,0.00335511669769,0.0301960502792,0.0344937795436,0.049807762578,0.61351772818,0.543097784201,0.0,True,23.7204104779,23.7538946171
d000220_300_021,21,neutral 6.5 (.44 D),mean_lab,41.3226243967,2.53986793976,3.26159623365,0.407949648337,0.37605228194,0.361677472083,25.1552149268,,,,,3900,1926,66.8953464077,-0.741716456682,-0.0479932850446,1.47445387428,6.881279734,0.00335511669769,0.0301960502792,0.0344937795436,0.049807762578,0.61351772818,0.543097784201,0.0,True,23.7204104779,23.7538946171
d000220_300_021,21,neutral 6.5 (.44 D),median_lab,42.6369728789,2.60132675755,3.30723702015,0.421201000545,0.388442085682,0.373840904699,23.720507182,,,,,3900,1926,66.8953464077,-0.741716456682,-0.0479932850446,1.47445387428,6.881279734,0.00335511669769,0.0301960502792,0.0344937795436,0.049807762578,0.61351772818,0.543097784201,0.0,True,23.7204104779,23.7538946171
d000220_300_021,21,neutral 6.5 (.44 D),medoid_5000px,42.6369728789,2.58016387312,3.35799393558,0.421196709775,0.38847502866,0.373513370102,23.7204104779,,,,,3900,1926,66.8953464077,-0.741716456682,-0.0479932850446,1.47445387428,6.881279734,0.00335511669769,0.0301960502792,0.0344937795436,0.049807762578,0.61351772818,0.543097784201,0.0,True,23.7204104779,23.7538946171
d000220_300_021,21,neutral 6.5 (.44 D),prof_geomed_srgb,43.0643723547,2.68762875785,3.35829724085,0.426047150378,0.392324711986,0.377584496834,23.2814919204,1.00701486939,1.02625661127,2.02731410297,18.7492304563,3900,1926,66.8953464077,-0.741716456682,-0.0479932850446,1.47445387428,6.881279734,0.00335511669769,0.0301960502792,0.0344937795436,0.049807762578,0.61351772818,0.543097784201,0.0,True,23.7204104779,23.7538946171
d000220_300_021,21,neutral 6.5 (.44 D),prof_geomed_srgb_strict,43.6843910253,2.66323537843,3.59710882092,0.432557826052,0.398265828592,0.381952873673,22.6313956566,1.19735547391,1.24740833485,2.08881691594,19.1374472407,3900,1926,66.8953464077,-0.741716456682,-0.0479932850446,1.47445387428,6.881279734,0.00335511669769,0.0301960502792,0.0344937795436,0.049807762578,0.61351772818,0.543097784201,0.0,True,23.7204104779,23.7538946171
d000220_300_021,22,neutral 5 (.70 D),core_geomed_lab,31.9176894867,2.21590580784,2.70210419042,0.315546066509,0.28935944587,0.278211729679,17.3614320793,1.50442550907,1.80846486444,2.46282888791,15.7080343162,4300,2126,50.7594147632,-0.142714357614,0.14067277892,1.38666442196,6.69324010865,0.0611882052452,0.104853779858,0.0676569630507,0.106771917471,0.249354089259,0.586005928433,0.0990403151594,True,18.2003737084,18.2346204769
d000220_300_021,22,neutral 5 (.70 D),core_mean_srgb,31.0023852745,2.29097136417,2.51489813201,0.307099923841,0.280942120434,0.271107623403,18.0455815289,1.05257600585,1.09443947949,2.4600838944,15.5048922893,4300,2126,50.7594147632,-0.142714357614,0.14067277892,1.38666442196,6.69324010865,0.0611882052452,0.104853779858,0.0676569630507,0.106771917471,0.249354089259,0.586005928433,0.0990403151594,True,18.2003737084,18.2346204769
d000220_300_021,22,neutral 5 (.70 D),core_medoid_de2000,31.9150091166,2.24986366039,2.6021230473,0.315481786298,0.289288970221,0.27879993626,17.3606957446,1.45071267454,1.75007230982,2.45094847601,15.6862880602,4300,2126,50.7594147632,-0.142714357614,0.14067277892,1.38666442196,6.69324010865,0.0611882052452,0.104853779858,0.0676569630507,0.106771917471,0.249354089259,0.586005928433,0.0990403151594,True,18.2003737084,18.2346204769
d000220_300_021,22,neutral 5 (.70 D),geomed_lab_converged,30.7338688265,2.28283353087,2.42027345895,0.304349675167,0.278561329064,0.269268588639,18.2344698923,,,,,4300,2126,50.7594147632,-0.142714357614,0.14067277892,1.38666442196,6.69324010865,0.0611882052452,0.104853779858,0.0676569630507,0.106771917471,0.249354089259,0.586005928433,0.0990403151594,True,18.2003737084,18.2346204769
d000220_300_021,22,neutral 5 (.70 D),mc_geomedian,30.7336564397,2.28281825234,2.42023320936,0.304347531684,0.278559450772,0.269266922779,18.2346204769,,,,,4300,2126,50.7594147632,-0.142714357614,0.14067277892,1.38666442196,6.69324010865,0.0611882052452,0.104853779858,0.0676569630507,0.106771917471,0.249354089259,0.586005928433,0.0990403151594,True,18.2003737084,18.2346204769
d000220_300_021,22,neutral 5 (.70 D),mc_medoid,30.7621497664,2.24933533545,2.36411466007,0.304266382873,0.278897312339,0.269858071473,18.2003737084,,,,,4300,2126,50.7594147632,-0.142714357614,0.14067277892,1.38666442196,6.69324010865,0.0611882052452,0.104853779858,0.0676569630507,0.106771917471,0.249354089259,0.586005928433,0.0990403151594,True,18.2003737084,18.2346204769
d000220_300_021,22,neutral 5 (.70 D),mean_lab,29.3974740444,2.14661620037,2.40050108993,0.291243139346,0.266812245841,0.257414179668,19.1893352909,,,,,4300,2126,50.7594147632,-0.142714357614,0.14067277892,1.38666442196,6.69324010865,0.0611882052452,0.104853779858,0.0676569630507,0.106771917471,0.249354089259,0.586005928433,0.0990403151594,True,18.2003737084,18.2346204769
d000220_300_021,22,neutral 5 (.70 D),median_lab,30.7679753485,2.22557302702,2.40384506859,0.304273348701,0.278988869974,0.269667319287,18.1942678837,,,,,4300,2126,50.7594147632,-0.142714357614,0.14067277892,1.38666442196,6.69324010865,0.0611882052452,0.104853779858,0.0676569630507,0.106771917471,0.249354089259,0.586005928433,0.0990403151594,True,18.2003737084,18.2346204769
d000220_300_021,22,neutral 5 (.70 D),medoid_5000px,30.7537455966,2.28332634888,2.46588236203,0.304647839294,0.278729476496,0.269171417862,18.2241503475,,,,,4300,2126,50.7594147632,-0.142714357614,0.14067277892,1.38666442196,6.69324010865,0.0611882052452,0.104853779858,0.0676569630507,0.106771917471,0.249354089259,0.586005928433,0.0990403151594,True,18.2003737084,18.2346204769
d000220_300_021,22,neutral 5 (.70 D),prof_geomed_srgb,31.6736257828,2.20546410406,2.7499080539,0.313344014649,0.287144274052,0.275715266651,17.5479008449,1.24807579796,1.29092501319,2.46401517051,15.4983763131,4300,2126,50.7594147632,-0.142714357614,0.14067277892,1.38666442196,6.69324010865,0.0611882052452,0.104853779858,0.0676569630507,0.106771917471,0.249354089259,0.586005928433,0.0990403151594,True,18.2003737084,18.2346204769
d000220_300_021,22,neutral 5 (.70 D),prof_geomed_srgb_strict,31.9838892872,2.17205685206,2.73666530216,0.315973276867,0.290033965812,0.278591534289,17.3050543337,1.54869437831,1.85091745597,2.46152826559,15.740273246,4300,2126,50.7594147632,-0.142714357614,0.14067277892,1.38666442196,6.69324010865,0.0611882052452,0.104853779858,0.0676569630507,0.106771917471,0.249354089259,0.586005928433,0.0990403151594,True,18.2003737084,18.2346204769
d000220_300_021,23,neutral 3.5 (1.05 D),core_geomed_lab,21.5410080573,1.41410585069,2.41794458495,0.216962196424,0.199367777374,0.188842203886,11.3663098187,1.12033469555,1.27256330524,1.9500024586,10.2329375067,4500,2230,35.6377687286,-0.412811499754,-0.468413957925,1.08739909917,4.55301475487,0.168796461073,0.397536024212,0.127675148855,0.0628894189539,0.576167013837,0.043853217784,0.109851673762,True,11.9032898832,11.9994171163
d000220_300_021,23,neutral 3.5 (1.05 D),core_mean_srgb,20.9034134909,1.52487421952,2.23053620134,0.211636420617,0.19374906299,0.18452463528,11.7829993701,1.19487711608,1.26415554786,1.90736225286,10.1008348487,4500,2230,35.6377687286,-0.412811499754,-0.468413957925,1.08739909917,4.55301475487,0.168796461073,0.397536024212,0.127675148855,0.0628894189539,0.576167013837,0.043853217784,0.109851673762,True,11.9032898832,11.9994171163
d000220_300_021,23,neutral 3.5 (1.05 D),core_medoid_de2000,21.5280676854,1.45571083649,2.39870466166,0.217045410037,0.199182223106,0.188847403788,11.3836110154,1.17207167194,1.31337357197,1.938227363,10.2169949402,4500,2230,35.6377687286,-0.412811499754,-0.468413957925,1.08739909917,4.55301475487,0.168796461073,0.397536024212,0.127675148855,0.0628894189539,0.576167013837,0.043853217784,0.109851673762,True,11.9032898832,11.9994171163
d000220_300_021,23,neutral 3.5 (1.05 D),geomed_lab_converged,20.571819956,1.5295633617,2.21515589672,0.208762256265,0.190928570966,0.1818146461,11.9993253475,,,,,4500,2230,35.6377687286,-0.412811499754,-0.468413957925,1.08739909917,4.55301475487,0.168796461073,0.397536024212,0.127675148855,0.0628894189539,0.576167013837,0.043853217784,0.109851673762,True,11.9032898832,11.9994171163
d000220_300_021,23,neutral 3.5 (1.05 D),mc_geomedian,20.5716738329,1.52956262025,2.21513473414,0.208760941313,0.19092733516,0.181813534001,11.9994171163,,,,,4500,2230,35.6377687286,-0.412811499754,-0.468413957925,1.08739909917,4.55301475487,0.168796461073,0.397536024212,0.127675148855,0.0628894189539,0.576167013837,0.043853217784,0.109851673762,True,11.9032898832,11.9994171163
d000220_300_021,23,neutral 3.5 (1.05 D),mc_medoid,20.7383322727,1.56822150576,2.22182996508,0.210438232457,0.192269728901,0.183186253195,11.9032898832,,,,,4500,2230,35.6377687286,-0.412811499754,-0.468413957925,1.08739909917,4.55301475487,0.168796461073,0.397536024212,0.127675148855,0.0628894189539,0.576167013837,0.043853217784,0.109851673762,True,11.9032898832,11.9994171163
d000220_300_021,23,neutral 3.5 (1.05 D),mean_lab,19.7363147931,1.38609831442,2.18280099378,0.20067445874,0.184125641282,0.17495577441,12.4997592185,,,,,4500,2230,35.6377687286,-0.412811499754,-0.468413957925,1.08739909917,4.55301475487,0.168796461073,0.397536024212,0.127675148855,0.0628894189539,0.576167013837,0.043853217784,0.109851673762,True,11.9032898832,11.9994171163
d000220_300_021,23,neutral 3.5 (1.05 D),median_lab,20.5893379493,1.43352058522,2.21756176825,0.208367960948,0.191258320452,0.181937713606,11.9594801272,,,,,4500,2230,35.6377687286,-0.412811499754,-0.468413957925,1.08739909917,4.55301475487,0.168796461073,0.397536024212,0.127675148855,0.0628894189539,0.576167013837,0.043853217784,0.109851673762,True,11.9032898832,11.9994171163
d000220_300_021,23,neutral 3.5 (1.05 D),medoid_5000px,20.7060851678,1.49030841359,2.19924275018,0.209660030106,0.19214763854,0.183033662078,11.8962824349,,,,,4500,2230,35.6377687286,-0.412811499754,-0.468413957925,1.08739909917,4.55301475487,0.168796461073,0.397536024212,0.127675148855,0.0628894189539,0.576167013837,0.043853217784,0.109851673762,True,11.9032898832,11.9994171163
d000220_300_021,23,neutral 3.5 (1.05 D),prof_geomed_srgb,20.9341472475,1.49708720627,2.22689774179,0.211734187839,0.194064240482,0.184802014191,11.7535242286,1.23123784056,1.32070689921,1.9110004841,10.0908740264,4500,2230,35.6377687286,-0.412811499754,-0.468413957925,1.08739909917,4.55301475487,0.168796461073,0.397536024212,0.127675148855,0.0628894189539,0.576167013837,0.043853217784,0.109851673762,True,11.9032898832,11.9994171163
d000220_300_021,23,neutral 3.5 (1.05 D),prof_geomed_srgb_strict,21.6155733687,1.35480488469,2.48194601868,0.217414769025,0.20009849207,0.189099630362,11.3128518278,1.11810690496,1.27449358993,1.94898900471,10.2533896078,4500,2230,35.6377687286,-0.412811499754,-0.468413957925,1.08739909917,4.55301475487,0.168796461073,0.397536024212,0.127675148855,0.0628894189539,0.576167013837,0.043853217784,0.109851673762,True,11.9032898832,11.9994171163
d000220_300_021,24,black 2 (1.5 D),core_geomed_lab,10.8722892682,0.322024884019,2.476274756,0.12196412351,0.113528504744,0.101544822574,7.0615182275,3.62464257268,3.68137696218,1.37861791496,5.32873341038,4550,2256,20.6442233442,0.113218723005,-0.456645905619,0.789864290366,1.64320068864,0.124655627354,0.192121152482,0.0664426635183,0.06908965736,0.0409862557677,0.0693286917422,0.0,False,7.08718954283,7.14370561819
d000220_300_021,24,black 2 (1.5 D),core_mean_srgb,10.9106055285,0.36005803475,2.31761339339,0.122138162327,0.113791024178,0.102682679441,6.98557174648,3.67062728202,3.72389678147,1.32374010931,5.23352578543,4550,2256,20.6442233442,0.113218723005,-0.456645905619,0.789864290366,1.64320068864,0.124655627354,0.192121152482,0.0664426635183,0.06908965736,0.0409862557677,0.0693286917422,0.0,False,7.08718954283,7.14370561819
d000220_300_021,24,black 2 (1.5 D),core_medoid_de2000,10.7797780505,0.302270088789,2.50074764462,0.121172550332,0.112829266103,0.100695474799,7.12280278223,3.62908284959,3.68435700345,1.36627217798,5.31552400175,4550,2256,20.6442233442,0.113218723005,-0.456645905619,0.789864290366,1.64320068864,0.124655627354,0.192121152482,0.0664426635183,0.06908965736,0.0409862557677,0.0693286917422,0.0,False,7.08718954283,7.14370561819
d000220_300_021,24,black 2 (1.5 D),geomed_lab_converged,10.6832551088,0.390992436855,2.38727803463,0.120638981906,0.11193964024,0.100554184458,7.14372335749,,,,,4550,2256,20.6442233442,0.113218723005,-0.456645905619,0.789864290366,1.64320068864,0.124655627354,0.192121152482,0.0664426635183,0.06908965736,0.0409862557677,0.0693286917422,0.0,False,7.08718954283,7.14370561819
d000220_300_021,24,black 2 (1.5 D),mc_geomedian,10.6832734381,0.391025474892,2.38725100159,0.120639247141,0.111939732932,0.100554472563,7.14370561819,,,,,4550,2256,20.6442233442,0.113218723005,-0.456645905619,0.789864290366,1.64320068864,0.124655627354,0.192121152482,0.0664426635183,0.06908965736,0.0409862557677,0.0693286917422,0.0,False,7.08718954283,7.14370561819
d000220_300_021,24,black 2 (1.5 D),mc_medoid,10.765270209,0.411890096397,2.35715433976,0.121340410114,0.112554601129,0.101351604546,7.08718954283,,,,,4550,2256,20.6442233442,0.113218723005,-0.456645905619,0.789864290366,1.64320068864,0.124655627354,0.192121152482,0.0664426635183,0.06908965736,0.0409862557677,0.0693286917422,0.0,False,7.08718954283,7.14370561819
d000220_300_021,24,black 2 (1.5 D),mean_lab,10.7156527723,0.46103307011,2.30730341626,0.121102182157,0.112089517313,0.101234318401,7.10299131838,,,,,4550,2256,20.6442233442,0.113218723005,-0.456645905619,0.789864290366,1.64320068864,0.124655627354,0.192121152482,0.0664426635183,0.06908965736,0.0409862557677,0.0693286917422,0.0,False,7.08718954283,7.14370561819
d000220_300_021,24,black 2 (1.5 D),median_lab,10.707303624,0.430277331214,2.42135339498,0.121110883107,0.11205513891,0.100565537061,7.14439958274,,,,,4550,2256,20.6442233442,0.113218723005,-0.456645905619,0.789864290366,1.64320068864,0.124655627354,0.192121152482,0.0664426635183,0.06908965736,0.0409862557677,0.0693286917422,0.0,False,7.08718954283,7.14370561819
d000220_300_021,24,black 2 (1.5 D),medoid_5000px,10.765270209,0.411890096397,2.35715433976,0.121340410114,0.112554601129,0.101351604546,7.08718954283,,,,,4550,2256,20.6442233442,0.113218723005,-0.456645905619,0.789864290366,1.64320068864,0.124655627354,0.192121152482,0.0664426635183,0.06908965736,0.0409862557677,0.0693286917422,0.0,False,7.08718954283,7.14370561819
d000220_300_021,24,black 2 (1.5 D),prof_geomed_srgb,10.949667726,0.3962922263,2.36094564072,0.122734970923,0.114028644505,0.102761742905,6.98029282428,3.67476320434,3.72717326742,1.32017831967,5.22864827678,4550,2256,20.6442233442,0.113218723005,-0.456645905619,0.789864290366,1.64320068864,0.124655627354,0.192121152482,0.0664426635183,0.06908965736,0.0409862557677,0.0693286917422,0.0,False,7.08718954283,7.14370561819
d000220_300_021,24,black 2 (1.5 D),prof_geomed_srgb_strict,10.9915922098,0.417466368805,2.36737332818,0.123196310097,0.114321620123,0.103056267513,6.95976683944,3.60323405873,3.66085426031,1.37724151823,5.34255541837,4550,2256,20.6442233442,0.113218723005,-0.456645905619,0.789864290366,1.64320068864,0.124655627354,0.192121152482,0.0664426635183,0.06908965736,0.0409862557677,0.0693286917422,0.0,False,7.08718954283,7.14370561819
d000220_300_022,1,dark skin,core_geomed_lab,22.0680499411,8.03086791487,10.847683099,0.272031023225,0.188595229001,0.145601895159,12.6148196524,2.22437890544,2.23309961087,0.906559928336,10.715557307,4928,2432,37.3149072323,13.3705344523,14.5797859647,0.558405116846,1.56788935984,0.0530755995337,0.0938991758642,0.0750981684563,0.028675061949,0.118140983684,0.0222424592321,0.0594378548443,True,12.7682742179,12.7754424662
d000220_300_022,1,dark skin,core_mean_srgb,22.0356634478,8.00418572162,10.9304396591,0.27171211998,0.188356638478,0.144847997053,12.6414551743,2.65318853797,2.67873211813,0.831846136989,10.5798800021,4928,2432,37.3149072323,13.3705344523,14.5797859647,0.558405116846,1.56788935984,0.0530755995337,0.0938991758642,0.0750981684563,0.028675061949,0.118140983684,0.0222424592321,0.0594378548443,True,12.7682742179,12.7754424662
d000220_300_022,1,dark skin,core_medoid_de2000,22.0923795897,8.01387003835,10.8602476502,0.272190283847,0.18883844549,0.145725648825,12.6039610562,2.21029874613,2.21915146068,0.906196443658,10.7208277257,4928,2432,37.3149072323,13.3705344523,14.5797859647,0.558405116846,1.56788935984,0.0530755995337,0.0938991758642,0.0750981684563,0.028675061949,0.118140983684,0.0222424592321,0.0594378548443,True,12.7682742179,12.7754424662
d000220_300_022,1,dark skin,geomed_lab_converged,21.8627195435,7.96063689227,10.7595401149,0.269653206328,0.18701931672,0.144417956239,12.7754181118,,,,,4928,2432,37.3149072323,13.3705344523,14.5797859647,0.558405116846,1.56788935984,0.0530755995337,0.0938991758642,0.0750981684563,0.028675061949,0.118140983684,0.0222424592321,0.0594378548443,True,12.7682742179,12.7754424662
d000220_300_022,1,dark skin,mc_geomedian,21.8626965366,7.96060555371,10.7595597595,0.269652864651,0.187019187592,0.144417648172,12.7754424662,,,,,4928,2432,37.3149072323,13.3705344523,14.5797859647,0.558405116846,1.56788935984,0.0530755995337,0.0938991758642,0.0750981684563,0.028675061949,0.118140983684,0.0222424592321,0.0594378548443,True,12.7682742179,12.7754424662
d000220_300_022,1,dark skin,mc_medoid,21.8913980285,7.93994145906,10.6557660448,0.269672558947,0.18732773175,0.145252598536,12.7682742179,,,,,4928,2432,37.3149072323,13.3705344523,14.5797859647,0.558405116846,1.56788935984,0.0530755995337,0.0938991758642,0.0750981684563,0.028675061949,0.118140983684,0.0222424592321,0.0594378548443,True,12.7682742179,12.7754424662
d000220_300_022,1,dark skin,mean_lab,21.6584808276,7.92309004084,10.7120107197,0.267506869199,0.18537467468,0.143014165148,12.9226651385,,,,,4928,2432,37.3149072323,13.3705344523,14.5797859647,0.558405116846,1.56788935984,0.0530755995337,0.0938991758642,0.0750981684563,0.028675061949,0.118140983684,0.0222424592321,0.0594378548443,True,12.7682742179,12.7754424662
d000220_300_022,1,dark skin,median_lab,21.9271382138,7.90227223435,10.6556428039,0.269817022657,0.187716130754,0.145540272337,12.7573892586,,,,,4928,2432,37.3149072323,13.3705344523,14.5797859647,0.558405116846,1.56788935984,0.0530755995337,0.0938991758642,0.0750981684563,0.028675061949,0.118140983684,0.0222424592321,0.0594378548443,True,12.7682742179,12.7754424662
d000220_300_022,1,dark skin,medoid_5000px,21.8889184283,7.92506081677,10.725372451,0.269672553925,0.187327734343,0.144825350301,12.7715308337,,,,,4928,2432,37.3149072323,13.3705344523,14.5797859647,0.558405116846,1.56788935984,0.0530755995337,0.0938991758642,0.0750981684563,0.028675061949,0.118140983684,0.0222424592321,0.0594378548443,True,12.7682742179,12.7754424662
d000220_300_022,1,dark skin,prof_geomed_srgb,22.050450039,7.98690779782,10.9078211464,0.271732661936,0.188525215534,0.145098039216,12.6383510588,2.61859595944,2.64674822654,0.84683888476,10.5957936208,4928,2432,37.3149072323,13.3705344523,14.5797859647,0.558405116846,1.56788935984,0.0530755995337,0.0938991758642,0.0750981684563,0.028675061949,0.118140983684,0.0222424592321,0.0594378548443,True,12.7682742179,12.7754424662
d000220_300_022,1,dark skin,prof_geomed_srgb_strict,22.0742929404,8.06204200885,10.8239605948,0.272211014118,0.188574638011,0.145794463165,12.6016638772,2.24305257809,2.2533148996,0.909836435321,10.7508077265,4928,2432,37.3149072323,13.3705344523,14.5797859647,0.558405116846,1.56788935984,0.0530755995337,0.0938991758642,0.0750981684563,0.028675061949,0.118140983684,0.0222424592321,0.0594378548443,True,12.7682742179,12.7754424662
d000220_300_022,2,light skin,core_geomed_lab,40.9074990042,13.5620702596,14.0799608716,0.490768025575,0.344172857915,0.290569205323,23.201639609,0.850340020174,0.845033031778,0.819268356258,18.2346150024,5012,2472,64.3749744464,18.0235169593,17.0522039412,0.541610656071,4.06311918273,0.0579578297971,0.10592754383,0.0753673271851,0.0404075851462,0.122127192682,0.0483149876541,0.090723565225,True,23.4190014407,23.5096045657
d000220_300_022,2,light skin,core_mean_srgb,40.8361778749,13.5176308495,14.0500465172,0.48974344967,0.343606358716,0.290098339211,23.2858709735,0.955611513505,0.954250740063,0.704016941228,17.9350614376,5012,2472,64.3749744464,18.0235169593,17.0522039412,0.541610656071,4.06311918273,0.0579578297971,0.10592754383,0.0753673271851,0.0404075851462,0.122127192682,0.0483149876541,0.090723565225,True,23.4190014407,23.5096045657
d000220_300_022,2,light skin,core_medoid_de2000,40.9517525614,13.5620154321,14.0673853806,0.491203056679,0.344592648337,0.291053686609,23.1522630004,0.86491115644,0.863056112947,0.819778594827,18.2694903122,5012,2472,64.3749744464,18.0235169593,17.0522039412,0.541610656071,4.06311918273,0.0579578297971,0.10592754383,0.0753673271851,0.0404075851462,0.122127192682,0.0483149876541,0.090723565225,True,23.4190014407,23.5096045657
d000220_300_022,2,light skin,geomed_lab_converged,40.6424138399,13.449104186,14.0112090668,0.487314485711,0.341976762008,0.288569558865,23.5095235449,,,,,5012,2472,64.3749744464,18.0235169593,17.0522039412,0.541610656071,4.06311918273,0.0579578297971,0.10592754383,0.0753673271851,0.0404075851462,0.122127192682,0.0483149876541,0.090723565225,True,23.4190014407,23.5096045657
d000220_300_022,2,light skin,mc_geomedian,40.6423448096,13.4490657916,14.0111881401,0.487313532992,0.341976213786,0.28856905615,23.5096045657,,,,,5012,2472,64.3749744464,18.0235169593,17.0522039412,0.541610656071,4.06311918273,0.0579578297971,0.10592754383,0.0753673271851,0.0404075851462,0.122127192682,0.0483149876541,0.090723565225,True,23.4190014407,23.5096045657
d000220_300_022,2,light skin,mc_medoid,40.7196037875,13.4899613086,14.0418348669,0.488380136035,0.342593647857,0.289085259334,23.4190014407,,,,,5012,2472,64.3749744464,18.0235169593,17.0522039412,0.541610656071,4.06311918273,0.0579578297971,0.10592754383,0.0753673271851,0.0404075851462,0.122127192682,0.0483149876541,0.090723565225,True,23.4190014407,23.5096045657
d000220_300_022,2,light skin,mean_lab,39.9998484147,13.2296139419,13.8554002595,0.479274866768,0.336523803086,0.2836726905,24.250375037,,,,,5012,2472,64.3749744464,18.0235169593,17.0522039412,0.541610656071,4.06311918273,0.0579578297971,0.10592754383,0.0753673271851,0.0404075851462,0.122127192682,0.0483149876541,0.090723565225,True,23.4190014407,23.5096045657
d000220_300_022,2,light skin,median_lab,40.6988798536,13.41708891,13.9686016736,0.487651512848,0.342598131101,0.289351019331,23.4498159103,,,,,5012,2472,64.3749744464,18.0235169593,17.0522039412,0.541610656071,4.06311918273,0.0579578297971,0.10592754383,0.0753673271851,0.0404075851462,0.122127192682,0.0483149876541,0.090723565225,True,23.4190014407,23.5096045657
d000220_300_022,2,light skin,medoid_5000px,40.6410645725,13.412175646,14.0015707864,0.487083123714,0.342059545215,0.288612225195,23.514463571,,,,,5012,2472,64.3749744464,18.0235169593,17.0522039412,0.541610656071,4.06311918273,0.0579578297971,0.10592754383,0.0753673271851,0.0404075851462,0.122127192682,0.0483149876541,0.090723565225,True,23.4190014407,23.5096045657
d000220_300_022,2,light skin,prof_geomed_srgb,40.828943272,13.5216366333,13.9839427986,0.489585717556,0.343541618982,0.290455481804,23.2947218432,0.808257359513,0.802807861016,0.72308095177,17.9751991892,5012,2472,64.3749744464,18.0235169593,17.0522039412,0.541610656071,4.06311918273,0.0579578297971,0.10592754383,0.0753673271851,0.0404075851462,0.122127192682,0.0483149876541,0.090723565225,True,23.4190014407,23.5096045657
d000220_300_022,2,light skin,prof_geomed_srgb_strict,40.9365542974,13.5704907693,14.1040310525,0.491151530448,0.344406953397,0.290678983245,23.1679860672,0.859730492361,0.864368076024,0.823407191338,18.3143412855,5012,2472,64.3749744464,18.0235169593,17.0522039412,0.541610656071,4.06311918273,0.0579578297971,0.10592754383,0.0753673271851,0.0404075851462,0.122127192682,0.0483149876541,0.090723565225,True,23.4190014407,23.5096045657
d000220_300_022,3,blue sky,core_geomed_lab,28.7546304036,3.31749643254,-11.3712397443,0.249776601543,0.262406441842,0.334218920506,20.518636417,1.22722628034,1.10751434134,0.654323599131,15.7033532905,4424,2184,49.6180419709,-1.18031118953,-22.1653639872,0.532524316188,1.36221491692,0.0843723964562,0.114476939631,0.0556052579951,0.0639458241951,0.140532447217,0.0239201632732,0.0766838487119,True,20.53978263,20.5746066042
d000220_300_022,3,blue sky,core_mean_srgb,28.6448157675,3.32182527405,-11.4115182129,0.248654320553,0.261423369108,0.333434158858,20.5823153355,1.73278622232,1.68871351022,0.63128611136,15.4489404346,4424,2184,49.6180419709,-1.18031118953,-22.1653639872,0.532524316188,1.36221491692,0.0843723964562,0.114476939631,0.0556052579951,0.0639458241951,0.140532447217,0.0239201632732,0.0766838487119,True,20.53978263,20.5746066042
d000220_300_022,3,blue sky,core_medoid_de2000,28.8052712983,3.35572756422,-11.4191512097,0.250313245858,0.262797101839,0.334983103922,20.4932019151,1.17767953488,1.14169764833,0.655391618357,15.6879396768,4424,2184,49.6180419709,-1.18031118953,-22.1653639872,0.532524316188,1.36221491692,0.0843723964562,0.114476939631,0.0556052579951,0.0639458241951,0.140532447217,0.0239201632732,0.0766838487119,True,20.53978263,20.5746066042
d000220_300_022,3,blue sky,geomed_lab_converged,28.5993273789,3.14498524788,-11.1978106706,0.247843801883,0.261311244441,0.331713274993,20.5745898829,,,,,4424,2184,49.6180419709,-1.18031118953,-22.1653639872,0.532524316188,1.36221491692,0.0843723964562,0.114476939631,0.0556052579951,0.0639458241951,0.140532447217,0.0239201632732,0.0766838487119,True,20.53978263,20.5746066042
d000220_300_022,3,blue sky,mc_geomedian,28.59929177,3.14496073177,-11.1977870601,0.247843401464,0.261310968247,0.331712799085,20.5746066042,,,,,4424,2184,49.6180419709,-1.18031118953,-22.1653639872,0.532524316188,1.36221491692,0.0843723964562,0.114476939631,0.0556052579951,0.0639458241951,0.140532447217,0.0239201632732,0.0766838487119,True,20.53978263,20.5746066042
d000220_300_022,3,blue sky,mc_medoid,28.6630877056,3.13832620007,-11.1580448485,0.248527894778,0.261881542947,0.332068630554,20.53978263,,,,,4424,2184,49.6180419709,-1.18031118953,-22.1653639872,0.532524316188,1.36221491692,0.0843723964562,0.114476939631,0.0556052579951,0.0639458241951,0.140532447217,0.0239201632732,0.0766838487119,True,20.53978263,20.5746066042
d000220_300_022,3,blue sky,mean_lab,28.381217955,3.14991729033,-11.175400717,0.246009223213,0.259348264052,0.329546436445,20.7269602966,,,,,4424,2184,49.6180419709,-1.18031118953,-22.1653639872,0.532524316188,1.36221491692,0.0843723964562,0.114476939631,0.0556052579951,0.0639458241951,0.140532447217,0.0239201632732,0.0766838487119,True,20.53978263,20.5746066042
d000220_300_022,3,blue sky,median_lab,28.6200689723,3.11324073573,-11.178591824,0.247880788042,0.261554006932,0.331788587406,20.5491181249,,,,,4424,2184,49.6180419709,-1.18031118953,-22.1653639872,0.532524316188,1.36221491692,0.0843723964562,0.114476939631,0.0556052579951,0.0639458241951,0.140532447217,0.0239201632732,0.0766838487119,True,20.53978263,20.5746066042
d000220_300_022,3,blue sky,medoid_5000px,28.5861598834,3.17659527328,-11.1600654667,0.248100631135,0.261118580682,0.331366710628,20.6105274783,,,,,4424,2184,49.6180419709,-1.18031118953,-22.1653639872,0.532524316188,1.36221491692,0.0843723964562,0.114476939631,0.0556052579951,0.0639458241951,0.140532447217,0.0239201632732,0.0766838487119,True,20.53978263,20.5746066042
d000220_300_022,3,blue sky,prof_geomed_srgb,28.6312298451,3.33651640578,-11.4359664573,0.248538948653,0.261280231937,0.333455405509,20.5926349218,1.49058568927,1.45366660521,0.621567573156,15.4161982015,4424,2184,49.6180419709,-1.18031118953,-22.1653639872,0.532524316188,1.36221491692,0.0843723964562,0.114476939631,0.0556052579951,0.0639458241951,0.140532447217,0.0239201632732,0.0766838487119,True,20.53978263,20.5746066042
d000220_300_022,3,blue sky,prof_geomed_srgb_strict,28.7623492456,3.25949681726,-11.3569273936,0.249485963344,0.262581240508,0.334198179369,20.4858021641,1.0921523405,1.05665843834,0.658614740146,15.7385220542,4424,2184,49.6180419709,-1.18031118953,-22.1653639872,0.532524316188,1.36221491692,0.0843723964562,0.114476939631,0.0556052579951,0.0639458241951,0.140532447217,0.0239201632732,0.0766838487119,True,20.53978263,20.5746066042
d000220_300_022,4,foliage,core_geomed_lab,26.1760967948,-9.67887195186,17.5626899018,0.221945322604,0.256567254634,0.135766630533,14.6031357566,3.97813331312,4.0136660253,0.832981084028,13.1316213398,4816,2376,43.3546978928,-14.6439666211,22.8637467789,0.598711811548,2.50023246587,0.122901034955,0.155836915455,0.0848271504029,0.0848907671866,0.157780540726,0.045121716977,0.149962081426,True,14.9924073967,14.9140934575
d000220_300_022,4,foliage,core_mean_srgb,26.0829071947,-9.61106670807,17.4349096005,0.221313244343,0.255637412245,0.13580726648,14.6883986571,3.60324655603,3.61663533087,0.865247418886,12.9648482556,4816,2376,43.3546978928,-14.6439666211,22.8637467789,0.598711811548,2.50023246587,0.122901034955,0.155836915455,0.0848271504029,0.0848907671866,0.157780540726,0.045121716977,0.149962081426,True,14.9924073967,14.9140934575
d000220_300_022,4,foliage,core_medoid_de2000,26.2320292972,-9.7598567251,17.6610625292,0.222110458095,0.257182601133,0.135595118234,14.5445574854,3.92475462876,3.95901686153,0.831744866347,13.104409517,4816,2376,43.3546978928,-14.6439666211,22.8637467789,0.598711811548,2.50023246587,0.122901034955,0.155836915455,0.0848271504029,0.0848907671866,0.157780540726,0.045121716977,0.149962081426,True,14.9924073967,14.9140934575
d000220_300_022,4,foliage,geomed_lab_converged,25.8323413485,-9.47253239966,17.0673972974,0.219297100309,0.253238321167,0.13606739398,14.9140372786,,,,,4816,2376,43.3546978928,-14.6439666211,22.8637467789,0.598711811548,2.50023246587,0.122901034955,0.155836915455,0.0848271504029,0.0848907671866,0.157780540726,0.045121716977,0.149962081426,True,14.9924073967,14.9140934575
d000220_300_022,4,foliage,mc_geomedian,25.8322853416,-9.47246912566,17.067308135,0.21929683895,0.253237733378,0.136067500407,14.9140934575,,,,,4816,2376,43.3546978928,-14.6439666211,22.8637467789,0.598711811548,2.50023246587,0.122901034955,0.155836915455,0.0848271504029,0.0848907671866,0.157780540726,0.045121716977,0.149962081426,True,14.9924073967,14.9140934575
d000220_300_022,4,foliage,mc_medoid,25.7255193758,-9.4759778626,17.0157559346,0.218234700281,0.252299600713,0.135503448693,14.9924073967,,,,,4816,2376,43.3546978928,-14.6439666211,22.8637467789,0.598711811548,2.50023246587,0.122901034955,0.155836915455,0.0848271504029,0.0848907671866,0.157780540726,0.045121716977,0.149962081426,True,14.9924073967,14.9140934575
d000220_300_022,4,foliage,mean_lab,25.4949135174,-9.32483465987,16.869291648,0.216870931699,0.250028180772,0.134534836645,15.188708349,,,,,4816,2376,43.3546978928,-14.6439666211,22.8637467789,0.598711811548,2.50023246587,0.122901034955,0.155836915455,0.0848271504029,0.0848907671866,0.157780540726,0.045121716977,0.149962081426,True,14.9924073967,14.9140934575
d000220_300_022,4,foliage,median_lab,25.9558825138,-9.48857257793,16.9561058848,0.220094320688,0.25437817836,0.137792288593,14.8344450207,,,,,4816,2376,43.3546978928,-14.6439666211,22.8637467789,0.598711811548,2.50023246587,0.122901034955,0.155836915455,0.0848271504029,0.0848907671866,0.157780540726,0.045121716977,0.149962081426,True,14.9924073967,14.9140934575
d000220_300_022,4,foliage,medoid_5000px,25.8822065807,-9.49508312869,17.183439287,0.219806368642,0.253703470889,0.135747621655,14.8663359262,,,,,4816,2376,43.3546978928,-14.6439666211,22.8637467789,0.598711811548,2.50023246587,0.122901034955,0.155836915455,0.0848271504029,0.0848907671866,0.157780540726,0.045121716977,0.149962081426,True,14.9924073967,14.9140934575
d000220_300_022,4,foliage,prof_geomed_srgb,26.0848098498,-9.57264714351,17.4726360098,0.22163729305,0.25558861677,0.135591668574,14.6901399692,3.26636417456,3.28596020905,0.839839440164,12.9351596191,4816,2376,43.3546978928,-14.6439666211,22.8637467789,0.598711811548,2.50023246587,0.122901034955,0.155836915455,0.0848271504029,0.0848907671866,0.157780540726,0.045121716977,0.149962081426,True,14.9924073967,14.9140934575
d000220_300_022,4,foliage,prof_geomed_srgb_strict,26.2100790937,-9.7164643223,17.6309076873,0.222133258778,0.256914577127,0.135607663006,14.5686342582,3.91299177743,3.94916502619,0.833256674105,13.154669014,4816,2376,43.3546978928,-14.6439666211,22.8637467789,0.598711811548,2.50023246587,0.122901034955,0.155836915455,0.0848271504029,0.0848907671866,0.157780540726,0.045121716977,0.149962081426,True,14.9924073967,14.9140934575
d000220_300_022,5,blue flower,core_geomed_lab,31.9449223555,10.2010471583,-11.6628122516,0.324189356613,0.27631235373,0.366644488719,22.9327979285,2.74306938003,2.66027957586,1.0160353957,17.9744315027,5096,2528,55.1801131524,12.1421884056,-24.571222951,0.596043183475,4.35534567636,0.029731877188,0.0650846731252,0.0289373934174,0.0295158453863,0.24505225046,0.050028073172,0.0333833988427,True,23.2927441711,23.2676117978
d000220_300_022,5,blue flower,core_mean_srgb,31.7114153519,10.1572720199,-11.6334276605,0.321825272369,0.274284437584,0.364244797929,23.1033475027,1.6466340916,1.5638297443,1.0224490679,17.6687563548,5096,2528,55.1801131524,12.1421884056,-24.571222951,0.596043183475,4.35534567636,0.029731877188,0.0650846731252,0.0289373934174,0.0295158453863,0.24505225046,0.050028073172,0.0333833988427,True,23.2927441711,23.2676117978
d000220_300_022,5,blue flower,core_medoid_de2000,31.9452724038,10.2229445676,-11.6395875705,0.32441021285,0.276257085984,0.36650829637,22.9395832057,2.72122446477,2.63789166049,1.0154190914,17.9762226128,5096,2528,55.1801131524,12.1421884056,-24.571222951,0.596043183475,4.35534567636,0.029731877188,0.0650846731252,0.0289373934174,0.0295158453863,0.24505225046,0.050028073172,0.0333833988427,True,23.2927441711,23.2676117978
d000220_300_022,5,blue flower,geomed_lab_converged,31.496929704,10.0133090146,-11.5383724132,0.319226532097,0.272655040633,0.361622698421,23.26752722,,,,,5096,2528,55.1801131524,12.1421884056,-24.571222951,0.596043183475,4.35534567636,0.029731877188,0.0650846731252,0.0289373934174,0.0295158453863,0.24505225046,0.050028073172,0.0333833988427,True,23.2927441711,23.2676117978
d000220_300_022,5,blue flower,mc_geomedian,31.4968129284,10.0132926763,-11.5383614659,0.31922537687,0.272654020426,0.361621524786,23.2676117978,,,,,5096,2528,55.1801131524,12.1421884056,-24.571222951,0.596043183475,4.35534567636,0.029731877188,0.0650846731252,0.0289373934174,0.0295158453863,0.24505225046,0.050028073172,0.0333833988427,True,23.2927441711,23.2676117978
d000220_300_022,5,blue flower,mc_medoid,31.460311696,10.0158895858,-11.5430813918,0.318886422403,0.272320141804,0.361304948093,23.2927441711,,,,,5096,2528,55.1801131524,12.1421884056,-24.571222951,0.596043183475,4.35534567636,0.029731877188,0.0650846731252,0.0289373934174,0.0295158453863,0.24505225046,0.050028073172,0.0333833988427,True,23.2927441711,23.2676117978
d000220_300_022,5,blue flower,mean_lab,30.7010162283,9.8444691257,-11.294531792,0.311565149701,0.265791867913,0.352608387674,23.875684308,,,,,5096,2528,55.1801131524,12.1421884056,-24.571222951,0.596043183475,4.35534567636,0.029731877188,0.0650846731252,0.0289373934174,0.0295158453863,0.24505225046,0.050028073172,0.0333833988427,True,23.2927441711,23.2676117978
d000220_300_022,5,blue flower,median_lab,31.5640841988,9.98783100816,-11.5269679176,0.319726920305,0.273316229496,0.362186736997,23.2204045652,,,,,5096,2528,55.1801131524,12.1421884056,-24.571222951,0.596043183475,4.35534567636,0.029731877188,0.0650846731252,0.0289373934174,0.0295158453863,0.24505225046,0.050028073172,0.0333833988427,True,23.2927441711,23.2676117978
d000220_300_022,5,blue flower,medoid_5000px,31.4967560862,10.0028645206,-11.5191779736,0.319222119201,0.272671108551,0.361503317961,23.2712768286,,,,,5096,2528,55.1801131524,12.1421884056,-24.571222951,0.596043183475,4.35534567636,0.029731877188,0.0650846731252,0.0289373934174,0.0295158453863,0.24505225046,0.050028073172,0.0333833988427,True,23.2927441711,23.2676117978
d000220_300_022,5,blue flower,prof_geomed_srgb,31.6888207096,10.2116234761,-11.6507574902,0.321904325933,0.273960479133,0.364141298543,23.119699857,1.74444996689,1.65836834431,1.02245867443,17.6803974925,5096,2528,55.1801131524,12.1421884056,-24.571222951,0.596043183475,4.35534567636,0.029731877188,0.0650846731252,0.0289373934174,0.0295158453863,0.24505225046,0.050028073172,0.0333833988427,True,23.2927441711,23.2676117978
d000220_300_022,5,blue flower,prof_geomed_srgb_strict,31.9975326346,10.2021664297,-11.6744804598,0.324645365722,0.276782019315,0.367213213703,22.8924766755,2.78878470276,2.70540942831,1.01645815759,18.0124500229,5096,2528,55.1801131524,12.1421884056,-24.571222951,0.596043183475,4.35534567636,0.029731877188,0.0650846731252,0.0289373934174,0.0295158453863,0.24505225046,0.050028073172,0.0333833988427,True,23.2927441711,23.2676117978
d000220_300_022,6,bluish green,core_geomed_lab,42.8898633326,-14.907720096,3.06673494134,0.293684999317,0.42403769468,0.375687976967,27.2608822069,0.742058151754,0.82744134379,0.865572390045,22.0622873174,5096,2528,70.6705390714,-31.9379466806,0.084064595589,0.704353350331,7.09723742488,0.106801867063,0.229342975741,0.0978726377595,0.0477631232206,0.303566701156,0.139666760637,0.0654418248482,True,27.7751082329,27.8667570125
d000220_300_022,6,bluish green,core_mean_srgb,42.5176342485,-14.6589916384,2.96767178886,0.291949236228,0.420005784908,0.372814682318,27.7012339345,0.494316644284,0.564039054581,0.895101586096,21.9405808467,5096,2528,70.6705390714,-31.9379466806,0.084064595589,0.704353350331,7.09723742488,0.106801867063,0.229342975741,0.0978726377595,0.0477631232206,0.303566701156,0.139666760637,0.0654418248482,True,27.7751082329,27.8667570125
d000220_300_022,6,bluish green,core_medoid_de2000,42.9144928126,-14.8959424826,3.00975844954,0.29378635078,0.424270683581,0.376290918015,27.2333319278,0.802701092808,0.87951029827,0.866088552986,22.0178157865,5096,2528,70.6705390714,-31.9379466806,0.084064595589,0.704353350331,7.09723742488,0.106801867063,0.229342975741,0.0978726377595,0.0477631232206,0.303566701156,0.139666760637,0.0654418248482,True,27.7751082329,27.8667570125
d000220_300_022,6,bluish green,geomed_lab_converged,42.3530609587,-14.7186976901,3.03883038098,0.290179720528,0.418496835462,0.370791841069,27.8665252565,,,,,5096,2528,70.6705390714,-31.9379466806,0.084064595589,0.704353350331,7.09723742488,0.106801867063,0.229342975741,0.0978726377595,0.0477631232206,0.303566701156,0.139666760637,0.0654418248482,True,27.7751082329,27.8667570125
d000220_300_022,6,bluish green,mc_geomedian,42.3528585842,-14.7186093877,3.03880082785,0.290178471102,0.418494724623,0.370790121707,27.8667570125,,,,,5096,2528,70.6705390714,-31.9379466806,0.084064595589,0.704353350331,7.09723742488,0.106801867063,0.229342975741,0.0978726377595,0.0477631232206,0.303566701156,0.139666760637,0.0654418248482,True,27.7751082329,27.8667570125
d000220_300_022,6,bluish green,mc_medoid,42.4349294306,-14.7665492587,3.11507886105,0.290841273346,0.419357202138,0.37107230354,27.7751082329,,,,,5096,2528,70.6705390714,-31.9379466806,0.084064595589,0.704353350331,7.09723742488,0.106801867063,0.229342975741,0.0978726377595,0.0477631232206,0.303566701156,0.139666760637,0.0654418248482,True,27.7751082329,27.8667570125
d000220_300_022,6,bluish green,mean_lab,41.1104720035,-14.2703651666,2.96153173911,0.28213179784,0.405705178345,0.359584024027,29.2903087421,,,,,5096,2528,70.6705390714,-31.9379466806,0.084064595589,0.704353350331,7.09723742488,0.106801867063,0.229342975741,0.0978726377595,0.0477631232206,0.303566701156,0.139666760637,0.0654418248482,True,27.7751082329,27.8667570125
d000220_300_022,6,bluish green,median_lab,42.3909241737,-14.6999320991,3.00842086424,0.290574387038,0.418840592044,0.37134876343,27.8284946946,,,,,5096,2528,70.6705390714,-31.9379466806,0.084064595589,0.704353350331,7.09723742488,0.106801867063,0.229342975741,0.0978726377595,0.0477631232206,0.303566701156,0.139666760637,0.0654418248482,True,27.7751082329,27.8667570125
d000220_300_022,6,bluish green,medoid_5000px,42.4329018468,-14.7668515393,3.02674467023,0.290459824705,0.419357193075,0.371621624025,27.7702700956,,,,,5096,2528,70.6705390714,-31.9379466806,0.084064595589,0.704353350331,7.09723742488,0.106801867063,0.229342975741,0.0978726377595,0.0477631232206,0.303566701156,0.139666760637,0.0654418248482,True,27.7751082329,27.8667570125
d000220_300_022,6,bluish green,prof_geomed_srgb,42.5904236902,-14.7960147089,3.07830848387,0.291889829862,0.42092011902,0.372777904936,27.6016340997,0.410121678073,0.487692280116,0.900579425114,21.7203378361,5096,2528,70.6705390714,-31.9379466806,0.084064595589,0.704353350331,7.09723742488,0.106801867063,0.229342975741,0.0978726377595,0.0477631232206,0.303566701156,0.139666760637,0.0654418248482,True,27.7751082329,27.8667570125
d000220_300_022,6,bluish green,prof_geomed_srgb_strict,42.9080695847,-14.9155830581,3.08024915541,0.293838304866,0.424216691934,0.375769567605,27.2410994193,0.757875420766,0.847061345807,0.865347865756,22.1383077478,5096,2528,70.6705390714,-31.9379466806,0.084064595589,0.704353350331,7.09723742488,0.106801867063,0.229342975741,0.0978726377595,0.0477631232206,0.303566701156,0.139666760637,0.0654418248482,True,27.7751082329,27.8667570125
d000220_300_022,7,orange,core_geomed_lab,35.3323277739,18.530192498,33.8069309125,0.479347859346,0.275964357972,0.110370104356,27.8232880277,1.23559740588,1.14620044336,2.61404978523,24.941146342,13024,6212,62.1081508121,33.3696320444,55.7646303752,1.1801645374,18.291515719,0.18593702678,0.268125452532,0.081604244947,0.121745045055,1.9821214569,0.105986211959,0.175527085571,True,28.5734214458,28.5443602981
d000220_300_022,7,orange,core_mean_srgb,33.1996545488,17.432240364,31.5082657952,0.449543604915,0.259869858131,0.108332167782,29.8116608657,3.02816266214,3.21718567808,3.30584374983,24.6432068284,13024,6212,62.1081508121,33.3696320444,55.7646303752,1.1801645374,18.291515719,0.18593702678,0.268125452532,0.081604244947,0.121745045055,1.9821214569,0.105986211959,0.175527085571,True,28.5734214458,28.5443602981
d000220_300_022,7,orange,core_medoid_de2000,35.4546334984,18.5182551289,33.9385557438,0.480703431267,0.277103398321,0.110449859339,27.7109124346,1.35068195811,1.25221227412,2.59536952362,24.9877790421,13024,6212,62.1081508121,33.3696320444,55.7646303752,1.1801645374,18.291515719,0.18593702678,0.268125452532,0.081604244947,0.121745045055,1.9821214569,0.105986211959,0.175527085571,True,28.5734214458,28.5443602981
d000220_300_022,7,orange,geomed_lab_converged,34.5897114547,17.9803947013,33.0451245281,0.46815204944,0.270813404474,0.109324061004,28.5442552347,,,,,13024,6212,62.1081508121,33.3696320444,55.7646303752,1.1801645374,18.291515719,0.18593702678,0.268125452532,0.081604244947,0.121745045055,1.9821214569,0.105986211959,0.175527085571,True,28.5734214458,28.5443602981
d000220_300_022,7,orange,mc_geomedian,34.5896021228,17.980318797,33.0450014459,0.468150420879,0.270812634053,0.109323990242,28.5443602981,,,,,13024,6212,62.1081508121,33.3696320444,55.7646303752,1.1801645374,18.291515719,0.18593702678,0.268125452532,0.081604244947,0.121745045055,1.9821214569,0.105986211959,0.175527085571,True,28.5734214458,28.5443602981
d000220_300_022,7,orange,mc_medoid,34.5797752641,17.9006285849,32.8465036465,0.467519693794,0.270968849186,0.110693777631,28.5734214458,,,,,13024,6212,62.1081508121,33.3696320444,55.7646303752,1.1801645374,18.291515719,0.18593702678,0.268125452532,0.081604244947,0.121745045055,1.9821214569,0.105986211959,0.175527085571,True,28.5734214458,28.5443602981
d000220_300_022,7,orange,mean_lab,31.9435042886,16.5141717766,30.0616843718,0.43076512958,0.251240705172,0.107610302355,30.9529458183,,,,,13024,6212,62.1081508121,33.3696320444,55.7646303752,1.1801645374,18.291515719,0.18593702678,0.268125452532,0.081604244947,0.121745045055,1.9821214569,0.105986211959,0.175527085571,True,28.5734214458,28.5443602981
d000220_300_022,7,orange,median_lab,34.6951107505,17.9020104086,33.1115736882,0.468952784636,0.271987053606,0.109721466638,28.4598137635,,,,,13024,6212,62.1081508121,33.3696320444,55.7646303752,1.1801645374,18.291515719,0.18593702678,0.268125452532,0.081604244947,0.121745045055,1.9821214569,0.105986211959,0.175527085571,True,28.5734214458,28.5443602981
d000220_300_022,7,orange,medoid_5000px,34.7445916255,17.9959597277,33.1206915349,0.46994586526,0.272174389497,0.110129256927,28.4099449884,,,,,13024,6212,62.1081508121,33.3696320444,55.7646303752,1.1801645374,18.291515719,0.18593702678,0.268125452532,0.081604244947,0.121745045055,1.9821214569,0.105986211959,0.175527085571,True,28.5734214458,28.5443602981
d000220_300_022,7,orange,prof_geomed_srgb,33.2224685401,17.3559568262,31.6421178592,0.449515526055,0.260273136492,0.107515068284,29.790125525,2.62986137666,2.82547422283,3.21504962242,24.6330175393,13024,6212,62.1081508121,33.3696320444,55.7646303752,1.1801645374,18.291515719,0.18593702678,0.268125452532,0.081604244947,0.121745045055,1.9821214569,0.105986211959,0.175527085571,True,28.5734214458,28.5443602981
d000220_300_022,7,orange,prof_geomed_srgb_strict,35.3592262545,18.5112575463,33.893259426,0.479608260512,0.276239712359,0.109938947808,27.7960986072,1.37438230601,1.2909372808,2.58643645394,24.9637888633,13024,6212,62.1081508121,33.3696320444,55.7646303752,1.1801645374,18.291515719,0.18593702678,0.268125452532,0.081604244947,0.121745045055,1.9821214569,0.105986211959,0.175527085571,True,28.5734214458,28.5443602981
d000220_300_022,8,purplish blue,core_geomed_lab,17.9833233772,16.5629775269,-29.0863520909,0.161678914626,0.147516117139,0.338366348699,19.1014107726,2.5012408406,2.55180994748,1.32502739956,13.4123062524,13246,6334,40.055640693,16.2557324798,-44.3692721207,0.698933784484,10.4351336578,0.073740564422,0.144650837041,0.0511116470515,0.0829843982384,0.397566378646,0.399585571,0.0784625350474,True,19.4993357003,19.4498339798
d000220_300_022,8,purplish blue,core_mean_srgb,17.2476395017,15.9644543562,-27.9389184429,0.157160216526,0.142373075184,0.324747801541,19.720214211,1.52457420916,1.58736619547,1.38707651712,13.2506868322,13246,6334,40.055640693,16.2557324798,-44.3692721207,0.698933784484,10.4351336578,0.073740564422,0.144650837041,0.0511116470515,0.0829843982384,0.397566378646,0.399585571,0.0784625350474,True,19.4993357003,19.4498339798
d000220_300_022,8,purplish blue,core_medoid_de2000,17.9208745347,16.7039764028,-29.2031880477,0.161463730938,0.146702465246,0.338461354624,19.1390682077,2.47268357104,2.52318831411,1.32594419904,13.3989334115,13246,6334,40.055640693,16.2557324798,-44.3692721207,0.698933784484,10.4351336578,0.073740564422,0.144650837041,0.0511116470515,0.0829843982384,0.397566378646,0.399585571,0.0784625350474,True,19.4993357003,19.4498339798
d000220_300_022,8,purplish blue,geomed_lab_converged,17.5372746806,16.2909288372,-28.5567922151,0.15862552806,0.144255783983,0.331064855738,19.4497661816,,,,,13246,6334,40.055640693,16.2557324798,-44.3692721207,0.698933784484,10.4351336578,0.073740564422,0.144650837041,0.0511116470515,0.0829843982384,0.397566378646,0.399585571,0.0784625350474,True,19.4993357003,19.4498339798
d000220_300_022,8,purplish blue,mc_geomedian,17.5371889693,16.2908925707,-28.556700981,0.15862500186,0.144255123056,0.331063517151,19.4498339798,,,,,13246,6334,40.055640693,16.2557324798,-44.3692721207,0.698933784484,10.4351336578,0.073740564422,0.144650837041,0.0511116470515,0.0829843982384,0.397566378646,0.399585571,0.0784625350474,True,19.4993357003,19.4498339798
d000220_300_022,8,purplish blue,mc_medoid,17.4759464167,16.2832754906,-28.5031539221,0.158320119095,0.143742233667,0.33017569117,19.4993357003,,,,,13246,6334,40.055640693,16.2557324798,-44.3692721207,0.698933784484,10.4351336578,0.073740564422,0.144650837041,0.0511116470515,0.0829843982384,0.397566378646,0.399585571,0.0784625350474,True,19.4993357003,19.4498339798
d000220_300_022,8,purplish blue,mean_lab,16.6185533125,15.1856387993,-26.5463768261,0.153700583207,0.138453002586,0.310806058405,20.3134936874,,,,,13246,6334,40.055640693,16.2557324798,-44.3692721207,0.698933784484,10.4351336578,0.073740564422,0.144650837041,0.0511116470515,0.0829843982384,0.397566378646,0.399585571,0.0784625350474,True,19.4993357003,19.4498339798
d000220_300_022,8,purplish blue,median_lab,17.5535318543,16.2454978238,-28.6243997868,0.157997613145,0.144545482528,0.331606703639,19.4096609994,,,,,13246,6334,40.055640693,16.2557324798,-44.3692721207,0.698933784484,10.4351336578,0.073740564422,0.144650837041,0.0511116470515,0.0829843982384,0.397566378646,0.399585571,0.0784625350474,True,19.4993357003,19.4498339798
d000220_300_022,8,purplish blue,medoid_5000px,17.5623599999,16.3398634506,-28.6148881213,0.158884747074,0.14436785302,0.331640560327,19.4301335436,,,,,13246,6334,40.055640693,16.2557324798,-44.3692721207,0.698933784484,10.4351336578,0.073740564422,0.144650837041,0.0511116470515,0.0829843982384,0.397566378646,0.399585571,0.0784625350474,True,19.4993357003,19.4498339798
d000220_300_022,8,purplish blue,prof_geomed_srgb,17.524776142,16.4149685629,-28.6939003209,0.158617532616,0.143907835508,0.331746395056,19.447512187,1.19701300261,1.26709966479,1.35015035987,13.2648524219,13246,6334,40.055640693,16.2557324798,-44.3692721207,0.698933784484,10.4351336578,0.073740564422,0.144650837041,0.0511116470515,0.0829843982384,0.397566378646,0.399585571,0.0784625350474,True,19.4993357003,19.4498339798
d000220_300_022,8,purplish blue,prof_geomed_srgb_strict,18.0072912657,16.6527689002,-29.178919124,0.162025872493,0.147530474938,0.339135180453,19.0826654472,2.43178731918,2.48167744813,1.32561911747,13.4373104939,13246,6334,40.055640693,16.2557324798,-44.3692721207,0.698933784484,10.4351336578,0.073740564422,0.144650837041,0.0511116470515,0.0829843982384,0.397566378646,0.399585571,0.0784625350474,True,19.4993357003,19.4498339798
d000220_300_022,9,moderate red,core_geomed_lab,29.410821928,29.1922865805,13.4089029655,0.448756353772,0.190569864552,0.196055218248,19.443461007,1.68465436646,1.80757452041,0.897143632544,16.9427054605,11692,5504,50.0579766452,48.095691371,15.6009692873,0.643715431037,7.45192588534,0.0374974229799,0.0671467484851,0.0419333842638,0.0403609736902,0.820127396969,0.0638768874496,0.0365490229581,True,19.7600807239,19.7986971548
d000220_300_022,9,moderate red,core_mean_srgb,28.546964753,28.3718540358,13.0527174624,0.435478135241,0.185747463631,0.190642341058,20.1620769395,1.86781054646,1.87797505237,0.918215380184,16.7491221667,11692,5504,50.0579766452,48.095691371,15.6009692873,0.643715431037,7.45192588534,0.0374974229799,0.0671467484851,0.0419333842638,0.0403609736902,0.820127396969,0.0638768874496,0.0365490229581,True,19.7600807239,19.7986971548
d000220_300_022,9,moderate red,core_medoid_de2000,29.3628744256,29.1565732358,13.3911186371,0.448065100441,0.190265168098,0.195744495781,19.4818963201,1.68343245134,1.80563670695,0.901429084004,16.9408960826,11692,5504,50.0579766452,48.095691371,15.6009692873,0.643715431037,7.45192588534,0.0374974229799,0.0671467484851,0.0419333842638,0.0403609736902,0.820127396969,0.0638768874496,0.0365490229581,True,19.7600807239,19.7986971548
d000220_300_022,9,moderate red,geomed_lab_converged,28.9746572726,28.7863869448,13.1074288818,0.441952374363,0.188139446504,0.194045215307,19.7985759701,,,,,11692,5504,50.0579766452,48.095691371,15.6009692873,0.643715431037,7.45192588534,0.0374974229799,0.0671467484851,0.0419333842638,0.0403609736902,0.820127396969,0.0638768874496,0.0365490229581,True,19.7600807239,19.7986971548
d000220_300_022,9,moderate red,mc_geomedian,28.9745164365,28.786229223,13.1073686218,0.441950096366,0.188138753425,0.194044340592,19.7986971548,,,,,11692,5504,50.0579766452,48.095691371,15.6009692873,0.643715431037,7.45192588534,0.0374974229799,0.0671467484851,0.0419333842638,0.0403609736902,0.820127396969,0.0638768874496,0.0365490229581,True,19.7600807239,19.7986971548
d000220_300_022,9,moderate red,mc_medoid,29.018267711,28.8421548826,13.129902768,0.442693944235,0.188327061485,0.194294870036,19.7600807239,,,,,11692,5504,50.0579766452,48.095691371,15.6009692873,0.643715431037,7.45192588534,0.0374974229799,0.0671467484851,0.0419333842638,0.0403609736902,0.820127396969,0.0638768874496,0.0365490229581,True,19.7600807239,19.7986971548
d000220_300_022,9,moderate red,mean_lab,27.8798023959,27.7189250271,12.6573440887,0.425051342484,0.182156651115,0.187188321263,20.7120034186,,,,,11692,5504,50.0579766452,48.095691371,15.6009692873,0.643715431037,7.45192588534,0.0374974229799,0.0671467484851,0.0419333842638,0.0403609736902,0.820127396969,0.0638768874496,0.0365490229581,True,19.7600807239,19.7986971548
d000220_300_022,9,moderate red,median_lab,29.0283517705,28.8204115688,13.0331748351,0.442596499852,0.188525379814,0.194951505604,19.7516408643,,,,,11692,5504,50.0579766452,48.095691371,15.6009692873,0.643715431037,7.45192588534,0.0374974229799,0.0671467484851,0.0419333842638,0.0403609736902,0.820127396969,0.0638768874496,0.0365490229581,True,19.7600807239,19.7986971548
d000220_300_022,9,moderate red,medoid_5000px,28.9746221655,28.8086457204,13.1200663589,0.44206832528,0.188052378181,0.193974428787,19.7955092082,,,,,11692,5504,50.0579766452,48.095691371,15.6009692873,0.643715431037,7.45192588534,0.0374974229799,0.0671467484851,0.0419333842638,0.0403609736902,0.820127396969,0.0638768874496,0.0365490229581,True,19.7600807239,19.7986971548
d000220_300_022,9,moderate red,prof_geomed_srgb,28.5408909477,28.2761427765,13.0965686823,0.435019455253,0.186037994965,0.190310521096,20.1852635816,1.44028847527,1.44982046031,0.908880544878,16.775603199,11692,5504,50.0579766452,48.095691371,15.6009692873,0.643715431037,7.45192588534,0.0374974229799,0.0671467484851,0.0419333842638,0.0403609736902,0.820127396969,0.0638768874496,0.0365490229581,True,19.7600807239,19.7986971548
d000220_300_022,9,moderate red,prof_geomed_srgb_strict,29.4554818628,29.2335590873,13.4293536564,0.449442386749,0.190806752432,0.19632145545,19.4065261093,1.71712059322,1.83941381645,0.894599698832,16.9742632889,11692,5504,50.0579766452,48.095691371,15.6009692873,0.643715431037,7.45192588534,0.0374974229799,0.0671467484851,0.0419333842638,0.0403609736902,0.820127396969,0.0638768874496,0.0365490229581,True,19.7600807239,19.7986971548
d000220_300_022,10,purple,core_geomed_lab,13.8789294535,14.9899636401,-10.9380824331,0.191214120899,0.109347335853,0.199096793419,13.3149016983,2.41413056454,2.42262981011,0.705127464669,9.98542695152,12728,6052,30.2103699882,24.3892386639,-20.8819504697,0.542460677717,5.56933098148,0.0428902782807,0.129594326,0.0240252167536,0.0361309145147,0.0637971920044,0.34340591178,0.0130725677116,True,13.5757417449,13.5843224028
d000220_300_022,10,purple,core_mean_srgb,13.536009322,14.5439363775,-10.6833075865,0.186621700457,0.107674998062,0.194732909379,13.6451286072,2.23074586148,2.22958875423,0.783879612871,9.79433247018,12728,6052,30.2103699882,24.3892386639,-20.8819504697,0.542460677717,5.56933098148,0.0428902782807,0.129594326,0.0240252167536,0.0361309145147,0.0637971920044,0.34340591178,0.0130725677116,True,13.5757417449,13.5843224028
d000220_300_022,10,purple,core_medoid_de2000,13.9053118963,15.0355315542,-10.9524787727,0.191639771065,0.109442845163,0.199405755179,13.2887161176,2.4657072147,2.47356387349,0.702990560437,9.99894789622,12728,6052,30.2103699882,24.3892386639,-20.8819504697,0.542460677717,5.56933098148,0.0428902782807,0.129594326,0.0240252167536,0.0361309145147,0.0637971920044,0.34340591178,0.0130725677116,True,13.5757417449,13.5843224028
d000220_300_022,10,purple,geomed_lab_converged,13.6212884042,14.5701935323,-10.7224997181,0.187392320384,0.108312758477,0.195679294799,13.5842756481,,,,,12728,6052,30.2103699882,24.3892386639,-20.8819504697,0.542460677717,5.56933098148,0.0428902782807,0.129594326,0.0240252167536,0.0361309145147,0.0637971920044,0.34340591178,0.0130725677116,True,13.5757417449,13.5843224028
d000220_300_022,10,purple,mc_geomedian,13.621245481,14.5701165975,-10.7224630094,0.187391650356,0.108312603971,0.195678721303,13.5843224028,,,,,12728,6052,30.2103699882,24.3892386639,-20.8819504697,0.542460677717,5.56933098148,0.0428902782807,0.129594326,0.0240252167536,0.0361309145147,0.0637971920044,0.34340591178,0.0130725677116,True,13.5757417449,13.5843224028
d000220_300_022,10,purple,mc_medoid,13.6320634708,14.5548397161,-10.7485249163,0.187336719867,0.108450899497,0.195911435303,13.5757417449,,,,,12728,6052,30.2103699882,24.3892386639,-20.8819504697,0.542460677717,5.56933098148,0.0428902782807,0.129594326,0.0240252167536,0.0361309145147,0.0637971920044,0.34340591178,0.0130725677116,True,13.5757417449,13.5843224028
d000220_300_022,10,purple,mean_lab,13.1651761242,13.8371134959,-10.1737861242,0.181143434566,0.106374370704,0.188750784821,14.1054147889,,,,,12728,6052,30.2103699882,24.3892386639,-20.8819504697,0.542460677717,5.56933098148,0.0428902782807,0.129594326,0.0240252167536,0.0361309145147,0.0637971920044,0.34340591178,0.0130725677116,True,13.5757417449,13.5843224028
d000220_300_022,10,purple,median_lab,13.6508310894,14.5343715665,-10.7574477807,0.187369732925,0.108660555769,0.196119054395,13.5674618952,,,,,12728,6052,30.2103699882,24.3892386639,-20.8819504697,0.542460677717,5.56933098148,0.0428902782807,0.129594326,0.0240252167536,0.0361309145147,0.0637971920044,0.34340591178,0.0130725677116,True,13.5757417449,13.5843224028
d000220_300_022,10,purple,medoid_5000px,13.6334092554,14.5691373911,-10.740540587,0.187443530343,0.108420385999,0.195880917135,13.5738923797,,,,,12728,6052,30.2103699882,24.3892386639,-20.8819504697,0.542460677717,5.56933098148,0.0428902782807,0.129594326,0.0240252167536,0.0361309145147,0.0637971920044,0.34340591178,0.0130725677116,True,13.5757417449,13.5843224028
d000220_300_022,10,purple,prof_geomed_srgb,13.8216677228,14.9425152124,-10.9065325667,0.190554665446,0.108995193408,0.198428320745,13.3624182657,2.40156131679,2.40110778362,0.783907019116,9.83960100224,12728,6052,30.2103699882,24.3892386639,-20.8819504697,0.542460677717,5.56933098148,0.0428902782807,0.129594326,0.0240252167536,0.0361309145147,0.0637971920044,0.34340591178,0.0130725677116,True,13.5757417449,13.5843224028
d000220_300_022,10,purple,prof_geomed_srgb_strict,13.9006918213,14.99643591,-10.927736598,0.191462707871,0.109496715974,0.199227450951,13.303752043,2.39819871114,2.4080997627,0.704071787348,10.0083394598,12728,6052,30.2103699882,24.3892386639,-20.8819504697,0.542460677717,5.56933098148,0.0428902782807,0.129594326,0.0240252167536,0.0361309145147,0.0637971920044,0.34340591178,0.0130725677116,True,13.5757417449,13.5843224028
d000220_300_022,11,yellow green,core_geomed_lab,43.6911105664,-17.8132454605,36.425076738,0.363963604186,0.431560494338,0.153067208416,26.3793516678,1.6575105279,1.62846340681,1.07095242604,23.4593813758,13468,6452,71.5229920181,-28.4163521473,58.8483467164,1.23394370273,10.0781325478,0.0797576903588,0.168508290716,0.0318078134232,0.0332868693286,0.15576083631,0.897238986496,0.0,True,27.2414071434,27.2704131824
d000220_300_022,11,yellow green,core_mean_srgb,42.6571648708,-17.4230039279,35.5979107993,0.355182332304,0.420922699242,0.150175824043,27.5666180141,0.418737016764,0.420822604904,1.38594070016,23.1007907995,13468,6452,71.5229920181,-28.4163521473,58.8483467164,1.23394370273,10.0781325478,0.0797576903588,0.168508290716,0.0318078134232,0.0332868693286,0.15576083631,0.897238986496,0.0,True,27.2414071434,27.2704131824
d000220_300_022,11,yellow green,core_medoid_de2000,43.7177939894,-17.8383545466,36.4825135196,0.364140607178,0.431856617479,0.152842809274,26.3452158833,1.68868666972,1.66326953638,1.07199106225,23.4322156655,13468,6452,71.5229920181,-28.4163521473,58.8483467164,1.23394370273,10.0781325478,0.0797576903588,0.168508290716,0.0318078134232,0.0332868693286,0.15576083631,0.897238986496,0.0,True,27.2414071434,27.2704131824
d000220_300_022,11,yellow green,geomed_lab_converged,42.9222087043,-17.4772395922,35.7206023913,0.357610299401,0.423586644244,0.151659055626,27.2702090825,,,,,13468,6452,71.5229920181,-28.4163521473,58.8483467164,1.23394370273,10.0781325478,0.0797576903588,0.168508290716,0.0318078134232,0.0332868693286,0.15576083631,0.897238986496,0.0,True,27.2414071434,27.2704131824
d000220_300_022,11,yellow green,mc_geomedian,42.9220336162,-17.4771605279,35.7204425315,0.35760887269,0.423584827253,0.151658729693,27.2704131824,,,,,13468,6452,71.5229920181,-28.4163521473,58.8483467164,1.23394370273,10.0781325478,0.0797576903588,0.168508290716,0.0318078134232,0.0332868693286,0.15576083631,0.897238986496,0.0,True,27.2414071434,27.2704131824
d000220_300_022,11,yellow green,mc_medoid,42.9529034488,-17.4601844466,35.6839249255,0.357975994034,0.423860714499,0.152247421612,27.2414071434,,,,,13468,6452,71.5229920181,-28.4163521473,58.8483467164,1.23394370273,10.0781325478,0.0797576903588,0.168508290716,0.0318078134232,0.0332868693286,0.15576083631,0.897238986496,0.0,True,27.2414071434,27.2704131824
d000220_300_022,11,yellow green,mean_lab,41.1847824467,-16.7657916356,34.3492253559,0.343316453655,0.405722934526,0.146666011923,29.3000722688,,,,,13468,6452,71.5229920181,-28.4163521473,58.8483467164,1.23394370273,10.0781325478,0.0797576903588,0.168508290716,0.0318078134232,0.0332868693286,0.15576083631,0.897238986496,0.0,True,27.2414071434,27.2704131824
d000220_300_022,11,yellow green,median_lab,43.0086279979,-17.5040129584,35.6785882151,0.358222426017,0.424475333739,0.152798713823,27.1807899921,,,,,13468,6452,71.5229920181,-28.4163521473,58.8483467164,1.23394370273,10.0781325478,0.0797576903588,0.168508290716,0.0318078134232,0.0332868693286,0.15576083631,0.897238986496,0.0,True,27.2414071434,27.2704131824
d000220_300_022,11,yellow green,medoid_5000px,42.9529034488,-17.4601844466,35.6839249255,0.357975994034,0.423860714499,0.152247421612,27.2414071434,,,,,13468,6452,71.5229920181,-28.4163521473,58.8483467164,1.23394370273,10.0781325478,0.0797576903588,0.168508290716,0.0318078134232,0.0332868693286,0.15576083631,0.897238986496,0.0,True,27.2414071434,27.2704131824
d000220_300_022,11,yellow green,prof_geomed_srgb,43.5872706527,-17.8181272023,36.2271531531,0.362615396353,0.430563820859,0.153688868544,26.5062084621,1.32165538307,1.30924956432,1.38095168936,23.0236103152,13468,6452,71.5229920181,-28.4163521473,58.8483467164,1.23394370273,10.0781325478,0.0797576903588,0.168508290716,0.0318078134232,0.0332868693286,0.15576083631,0.897238986496,0.0,True,27.2414071434,27.2704131824
d000220_300_022,11,yellow green,prof_geomed_srgb_strict,43.7135568592,-17.836402152,36.481551675,0.364111131235,0.431801111612,0.152802882184,26.3498429785,1.67293559967,1.64175772048,1.07416864764,23.463630235,13468,6452,71.5229920181,-28.4163521473,58.8483467164,1.23394370273,10.0781325478,0.0797576903588,0.168508290716,0.0318078134232,0.0332868693286,0.15576083631,0.897238986496,0.0,True,27.2414071434,27.2704131824
d000220_300_022,12,orange yellow,core_geomed_lab,42.2222791339,5.60512363891,41.4652544245,0.493288620222,0.371743072705,0.104821926174,27.8289494498,2.78589481398,2.86317127648,2.3025423129,25.610304516,13468,6452,70.9646413125,14.7507847582,67.2475837126,1.05695229917,7.71821802748,0.0714000857222,0.150414571656,0.069429987806,0.0398872561374,0.356849100429,0.331320190035,0.0,True,28.6589936978,28.6852308484
d000220_300_022,12,orange yellow,core_mean_srgb,41.5721340285,5.36390892638,40.8781436094,0.484598190836,0.366196281065,0.103635540012,28.6013605698,1.61014226864,1.64666920703,2.64968960795,25.1123750326,13468,6452,70.9646413125,14.7507847582,67.2475837126,1.05695229917,7.71821802748,0.0714000857222,0.150414571656,0.069429987806,0.0398872561374,0.356849100429,0.331320190035,0.0,True,28.6589936978,28.6852308484
d000220_300_022,12,orange yellow,core_medoid_de2000,42.2613568152,5.59312198855,41.504892622,0.493673521387,0.372135843254,0.104838604728,27.7851703499,2.87575646832,2.9503009198,2.30073268421,25.6362702237,13468,6452,70.9646413125,14.7507847582,67.2475837126,1.05695229917,7.71821802748,0.0714000857222,0.150414571656,0.069429987806,0.0398872561374,0.356849100429,0.331320190035,0.0,True,28.6589936978,28.6852308484
d000220_300_022,12,orange yellow,geomed_lab_converged,41.5099582762,5.32829712233,40.7184118752,0.483618727716,0.365719508735,0.104472985256,28.6850770905,,,,,13468,6452,70.9646413125,14.7507847582,67.2475837126,1.05695229917,7.71821802748,0.0714000857222,0.150414571656,0.069429987806,0.0398872561374,0.356849100429,0.331320190035,0.0,True,28.6589936978,28.6852308484
d000220_300_022,12,orange yellow,mc_geomedian,41.5098303224,5.32826277913,40.7182682405,0.483617068107,0.365718394292,0.104473014534,28.6852308484,,,,,13468,6452,70.9646413125,14.7507847582,67.2475837126,1.05695229917,7.71821802748,0.0714000857222,0.150414571656,0.069429987806,0.0398872561374,0.356849100429,0.331320190035,0.0,True,28.6589936978,28.6852308484
d000220_300_022,12,orange yellow,mc_medoid,41.5486887414,5.30433626619,40.549347932,0.483770463901,0.366154033748,0.106379353201,28.6589936978,,,,,13468,6452,70.9646413125,14.7507847582,67.2475837126,1.05695229917,7.71821802748,0.0714000857222,0.150414571656,0.069429987806,0.0398872561374,0.356849100429,0.331320190035,0.0,True,28.6589936978,28.6852308484
d000220_300_022,12,orange yellow,mean_lab,40.0923084891,5.0822176419,39.4098076591,0.466225449233,0.353081097687,0.102264333864,30.3701562389,,,,,13468,6452,70.9646413125,14.7507847582,67.2475837126,1.05695229917,7.71821802748,0.0714000857222,0.150414571656,0.069429987806,0.0398872561374,0.356849100429,0.331320190035,0.0,True,28.6589936978,28.6852308484
d000220_300_022,12,orange yellow,median_lab,41.6401327356,5.31141440739,40.6684472689,0.484876712804,0.3669886878,0.106203760597,28.5497517929,,,,,13468,6452,70.9646413125,14.7507847582,67.2475837126,1.05695229917,7.71821802748,0.0714000857222,0.150414571656,0.069429987806,0.0398872561374,0.356849100429,0.331320190035,0.0,True,28.6589936978,28.6852308484
d000220_300_022,12,orange yellow,medoid_5000px,41.5486887414,5.30433626619,40.549347932,0.483770463901,0.366154033748,0.106379353201,28.6589936978,,,,,13468,6452,70.9646413125,14.7507847582,67.2475837126,1.05695229917,7.71821802748,0.0714000857222,0.150414571656,0.069429987806,0.0398872561374,0.356849100429,0.331320190035,0.0,True,28.6589936978,28.6852308484
d000220_300_022,12,orange yellow,prof_geomed_srgb,41.9336511144,5.35769107635,41.0385087931,0.488548104067,0.369604028382,0.105745021744,28.1986962807,1.73137564662,1.75189109446,2.54040645981,25.0329425756,13468,6452,70.9646413125,14.7507847582,67.2475837126,1.05695229917,7.71821802748,0.0714000857222,0.150414571656,0.069429987806,0.0398872561374,0.356849100429,0.331320190035,0.0,True,28.6589936978,28.6852308484
d000220_300_022,12,orange yellow,prof_geomed_srgb_strict,42.2399922188,5.60259850075,41.5328774275,0.493518822709,0.371895851036,0.104361822921,27.8049553471,2.83613016171,2.90287918961,2.30297484881,25.5232985927,13468,6452,70.9646413125,14.7507847582,67.2475837126,1.05695229917,7.71821802748,0.0714000857222,0.150414571656,0.069429987806,0.0398872561374,0.356849100429,0.331320190035,0.0,True,28.6589936978,28.6852308484
d000220_300_022,13,blue,core_geomed_lab,11.0146867529,22.8197141315,-34.2990514299,0.107507270696,0.0767323925423,0.302907476314,15.1180262989,1.88540636975,2.06405006865,1.72427938576,9.13866293701,9504,4632,29.1495129498,21.6670229957,-48.7421271756,0.666237250654,11.112367464,0.0770502233859,0.137288106731,0.0602348662602,0.02953416467,0.345781772507,0.494428014478,0.0408705784066,True,15.3816741218,15.407186355
d000220_300_022,13,blue,core_mean_srgb,10.7676839496,21.3947970717,-32.4476496036,0.107320351042,0.0780087384913,0.290127666491,15.4723419033,2.24773513951,2.46267746281,1.90838863744,9.14057967718,9504,4632,29.1495129498,21.6670229957,-48.7421271756,0.666237250654,11.112367464,0.0770502233859,0.137288106731,0.0602348662602,0.02953416467,0.345781772507,0.494428014478,0.0408705784066,True,15.3816741218,15.407186355
d000220_300_022,13,blue,core_medoid_de2000,11.0595291561,22.8368772154,-34.3164661014,0.10798270377,0.0770421964121,0.303426351186,15.0936999706,1.94862857237,2.12990543833,1.72467519671,9.05026363,9504,4632,29.1495129498,21.6670229957,-48.7421271756,0.666237250654,11.112367464,0.0770502233859,0.137288106731,0.0602348662602,0.02953416467,0.345781772507,0.494428014478,0.0408705784066,True,15.3816741218,15.407186355
d000220_300_022,13,blue,geomed_lab_converged,10.7571816728,22.2816191987,-33.3657795877,0.107618418424,0.0757310714602,0.29522473624,15.4071228813,,,,,9504,4632,29.1495129498,21.6670229957,-48.7421271756,0.666237250654,11.112367464,0.0770502233859,0.137288106731,0.0602348662602,0.02953416467,0.345781772507,0.494428014478,0.0408705784066,True,15.3816741218,15.407186355
d000220_300_022,13,blue,mc_geomedian,10.7571231011,22.2814228463,-33.3655174797,0.107618194736,0.0757310532813,0.295222708905,15.407186355,,,,,9504,4632,29.1495129498,21.6670229957,-48.7421271756,0.666237250654,11.112367464,0.0770502233859,0.137288106731,0.0602348662602,0.02953416467,0.345781772507,0.494428014478,0.0408705784066,True,15.3816741218,15.407186355
d000220_300_022,13,blue,mc_medoid,10.7525134623,22.19535023,-33.3837747151,0.106700500214,0.0760047571889,0.295278023718,15.3816741218,,,,,9504,4632,29.1495129498,21.6670229957,-48.7421271756,0.666237250654,11.112367464,0.0770502233859,0.137288106731,0.0602348662602,0.02953416467,0.345781772507,0.494428014478,0.0408705784066,True,15.3816741218,15.407186355
d000220_300_022,13,blue,mean_lab,10.569878543,19.3348530487,-29.5092416484,0.109891738155,0.0807027101807,0.271807586064,16.0618557396,,,,,9504,4632,29.1495129498,21.6670229957,-48.7421271756,0.666237250654,11.112367464,0.0770502233859,0.137288106731,0.0602348662602,0.02953416467,0.345781772507,0.494428014478,0.0408705784066,True,15.3816741218,15.407186355
d000220_300_022,13,blue,median_lab,10.6891504269,22.3357951036,-33.3961685887,0.107142526782,0.0750368857071,0.29476421256,15.4464525516,,,,,9504,4632,29.1495129498,21.6670229957,-48.7421271756,0.666237250654,11.112367464,0.0770502233859,0.137288106731,0.0602348662602,0.02953416467,0.345781772507,0.494428014478,0.0408705784066,True,15.3816741218,15.407186355
d000220_300_022,13,blue,medoid_5000px,10.7816912596,22.2750369017,-33.4324639328,0.107295586242,0.0760047572458,0.295827349016,15.3715076999,,,,,9504,4632,29.1495129498,21.6670229957,-48.7421271756,0.666237250654,11.112367464,0.0770502233859,0.137288106731,0.0602348662602,0.02953416467,0.345781772507,0.494428014478,0.0408705784066,True,15.3816741218,15.407186355
d000220_300_022,13,blue,prof_geomed_srgb,10.7875672549,22.3173139759,-33.54455939,0.106828412299,0.0760051880674,0.296513313497,15.343681456,1.14326330166,1.27278798204,1.74028976419,9.202390139,9504,4632,29.1495129498,21.6670229957,-48.7421271756,0.666237250654,11.112367464,0.0770502233859,0.137288106731,0.0602348662602,0.02953416467,0.345781772507,0.494428014478,0.0408705784066,True,15.3816741218,15.407186355
d000220_300_022,13,blue,prof_geomed_srgb_strict,10.987256758,22.8492559363,-34.3002882366,0.107457131936,0.0764152319804,0.30265844201,15.1395687551,1.83337506439,2.01761366045,1.72520999172,9.13075858827,9504,4632,29.1495129498,21.6670229957,-48.7421271756,0.666237250654,11.112367464,0.0770502233859,0.137288106731,0.0602348662602,0.02953416467,0.345781772507,0.494428014478,0.0408705784066,True,15.3816741218,15.407186355
d000220_300_022,14,green,core_geomed_lab,34.5930009525,-22.6495937635,20.4564147638,0.209544141031,0.35307963734,0.186574017683,20.3144405877,0.941187155966,1.08479477475,2.09462514923,18.4330512772,9666,4722,54.3538637158,-42.6786194261,32.8714488287,1.57149063065,12.3546722702,0.122541852558,0.281537695355,0.0529719178582,0.0779090212012,1.18491465876,0.0377879623978,0.0,True,21.2826440606,21.2561589284
d000220_300_022,14,green,core_mean_srgb,33.3971762609,-21.7356425682,19.6612295699,0.204118711183,0.340560877955,0.181577548905,21.376639202,0.52975889827,0.650308725572,2.53481928464,18.2117129835,9666,4722,54.3538637158,-42.6786194261,32.8714488287,1.57149063065,12.3546722702,0.122541852558,0.281537695355,0.0529719178582,0.0779090212012,1.18491465876,0.0377879623978,0.0,True,21.2826440606,21.2561589284
d000220_300_022,14,green,core_medoid_de2000,34.5880816686,-22.5042178833,20.350117515,0.210453573313,0.352842142111,0.187263322627,20.348168492,0.860704366763,1.01519159016,2.10896136832,18.4071126269,9666,4722,54.3538637158,-42.6786194261,32.8714488287,1.57149063065,12.3546722702,0.122541852558,0.281537695355,0.0529719178582,0.0779090212012,1.18491465876,0.0377879623978,0.0,True,21.2826440606,21.2561589284
d000220_300_022,14,green,geomed_lab_converged,33.5250277922,-21.8519611615,19.8148100231,0.204730178807,0.341919915585,0.181658834086,21.2560337782,,,,,9666,4722,54.3538637158,-42.6786194261,32.8714488287,1.57149063065,12.3546722702,0.122541852558,0.281537695355,0.0529719178582,0.0779090212012,1.18491465876,0.0377879623978,0.0,True,21.2826440606,21.2561589284
d000220_300_022,14,green,mc_geomedian,33.5248833178,-21.8518621863,19.814725029,0.204729456323,0.341918422255,0.181658156791,21.2561589284,,,,,9666,4722,54.3538637158,-42.6786194261,32.8714488287,1.57149063065,12.3546722702,0.122541852558,0.281537695355,0.0529719178582,0.0779090212012,1.18491465876,0.0377879623978,0.0,True,21.2826440606,21.2561589284
d000220_300_022,14,green,mc_medoid,33.4872390218,-21.8273097939,19.8827716881,0.204777168396,0.341519750783,0.180884916344,21.2826440606,,,,,9666,4722,54.3538637158,-42.6786194261,32.8714488287,1.57149063065,12.3546722702,0.122541852558,0.281537695355,0.0529719178582,0.0779090212012,1.18491465876,0.0377879623978,0.0,True,21.2826440606,21.2561589284
d000220_300_022,14,green,mean_lab,31.2907323928,-19.9748689327,18.2375324009,0.195724349483,0.318506421494,0.172986171656,23.2488321756,,,,,9666,4722,54.3538637158,-42.6786194261,32.8714488287,1.57149063065,12.3546722702,0.122541852558,0.281537695355,0.0529719178582,0.0779090212012,1.18491465876,0.0377879623978,0.0,True,21.2826440606,21.2561589284
d000220_300_022,14,green,median_lab,33.5511639695,-21.9152249653,19.7672554098,0.20430238157,0.342261579446,0.182189998335,21.2302412055,,,,,9666,4722,54.3538637158,-42.6786194261,32.8714488287,1.57149063065,12.3546722702,0.122541852558,0.281537695355,0.0529719178582,0.0779090212012,1.18491465876,0.0377879623978,0.0,True,21.2826440606,21.2561589284
d000220_300_022,14,green,medoid_5000px,33.4872390218,-21.8273097939,19.8827716881,0.204777168396,0.341519750783,0.180884916344,21.2826440606,,,,,9666,4722,54.3538637158,-42.6786194261,32.8714488287,1.57149063065,12.3546722702,0.122541852558,0.281537695355,0.0529719178582,0.0779090212012,1.18491465876,0.0377879623978,0.0,True,21.2826440606,21.2561589284
d000220_300_022,14,green,prof_geomed_srgb,33.3756380981,-21.8004600439,19.6952378508,0.203463797971,0.340444037537,0.181155107958,21.3792221958,0.538262112269,0.671001069294,2.55164807529,18.2059946297,9666,4722,54.3538637158,-42.6786194261,32.8714488287,1.57149063065,12.3546722702,0.122541852558,0.281537695355,0.0529719178582,0.0779090212012,1.18491465876,0.0377879623978,0.0,True,21.2826440606,21.2561589284
d000220_300_022,14,green,prof_geomed_srgb_strict,34.6536859617,-22.7855360388,20.5812555154,0.20927992398,0.353823710959,0.186244446161,20.2406466089,1.04185970372,1.18036914456,2.08677876037,18.4754756185,9666,4722,54.3538637158,-42.6786194261,32.8714488287,1.57149063065,12.3546722702,0.122541852558,0.281537695355,0.0529719178582,0.0779090212012,1.18491465876,0.0377879623978,0.0,True,21.2826440606,21.2561589284
d000220_300_022,15,red,core_geomed_lab,26.3821672201,29.7372027251,18.7680792104,0.424019074172,0.159178549219,0.13889308039,14.5856123859,0.811136947056,0.779635369571,1.07367772461,14.0676487494,8532,4128,41.8159677202,50.323734474,27.3622600889,0.66896013326,7.62669952444,0.127133525012,0.295518096599,0.132457258657,0.03009276939,0.912537266791,0.0467796429809,0.146252370453,True,14.9282687975,15.0457262909
d000220_300_022,15,red,core_mean_srgb,25.4635261064,28.5788783535,17.9748392517,0.408501171485,0.155522279946,0.135818361897,15.4192072851,1.96430669696,1.81774575179,1.30975417257,13.823186102,8532,4128,41.8159677202,50.323734474,27.3622600889,0.66896013326,7.62669952444,0.127133525012,0.295518096599,0.132457258657,0.03009276939,0.912537266791,0.0467796429809,0.146252370453,True,14.9282687975,15.0457262909
d000220_300_022,15,red,core_medoid_de2000,26.3867447633,29.7924193657,18.8181456333,0.424352274481,0.158984915315,0.138645251442,14.5706244188,0.760922894871,0.762677552582,1.06840523841,13.9869806915,8532,4128,41.8159677202,50.323734474,27.3622600889,0.66896013326,7.62669952444,0.127133525012,0.295518096599,0.132457258657,0.03009276939,0.912537266791,0.0467796429809,0.146252370453,True,14.9282687975,15.0457262909
d000220_300_022,15,red,geomed_lab_converged,25.8827138455,29.0682101012,18.4755425476,0.415508849421,0.157333008355,0.136382248968,15.0455846572,,,,,8532,4128,41.8159677202,50.323734474,27.3622600889,0.66896013326,7.62669952444,0.127133525012,0.295518096599,0.132457258657,0.03009276939,0.912537266791,0.0467796429809,0.146252370453,True,14.9282687975,15.0457262909
d000220_300_022,15,red,mc_geomedian,25.8825530109,29.0680253107,18.4754301618,0.415506234262,0.157332292159,0.136381558468,15.0457262909,,,,,8532,4128,41.8159677202,50.323734474,27.3622600889,0.66896013326,7.62669952444,0.127133525012,0.295518096599,0.132457258657,0.03009276939,0.912537266791,0.0467796429809,0.146252370453,True,14.9282687975,15.0457262909
d000220_300_022,15,red,mc_medoid,26.0215209637,29.2035393571,18.6218256586,0.417699361235,0.15803848914,0.136676834053,14.9282687975,,,,,8532,4128,41.8159677202,50.323734474,27.3622600889,0.66896013326,7.62669952444,0.127133525012,0.295518096599,0.132457258657,0.03009276939,0.912537266791,0.0467796429809,0.146252370453,True,14.9282687975,15.0457262909
d000220_300_022,15,red,mean_lab,24.7738915947,27.5753525987,17.3988157734,0.396331883696,0.153302147144,0.133366090907,16.0750201205,,,,,8532,4128,41.8159677202,50.323734474,27.3622600889,0.66896013326,7.62669952444,0.127133525012,0.295518096599,0.132457258657,0.03009276939,0.912537266791,0.0467796429809,0.146252370453,True,14.9282687975,15.0457262909
d000220_300_022,15,red,median_lab,25.87521196,29.0480634207,18.4953002026,0.415355914749,0.157340933333,0.136197477805,15.0545007923,,,,,8532,4128,41.8159677202,50.323734474,27.3622600889,0.66896013326,7.62669952444,0.127133525012,0.295518096599,0.132457258657,0.03009276939,0.912537266791,0.0467796429809,0.146252370453,True,14.9282687975,15.0457262909
d000220_300_022,15,red,medoid_5000px,25.873851146,29.0289570828,18.4583533011,0.415227410238,0.157412748548,0.136402162287,15.0597742951,,,,,8532,4128,41.8159677202,50.323734474,27.3622600889,0.66896013326,7.62669952444,0.127133525012,0.295518096599,0.132457258657,0.03009276939,0.912537266791,0.0467796429809,0.146252370453,True,14.9282687975,15.0457262909
d000220_300_022,15,red,prof_geomed_srgb,25.4540885735,28.5397613891,18.0264434587,0.408270389868,0.155580987259,0.135423819333,15.4326733837,1.61100427828,1.47733948911,1.25330385708,13.8587833135,8532,4128,41.8159677202,50.323734474,27.3622600889,0.66896013326,7.62669952444,0.127133525012,0.295518096599,0.132457258657,0.03009276939,0.912537266791,0.0467796429809,0.146252370453,True,14.9282687975,15.0457262909
d000220_300_022,15,red,prof_geomed_srgb_strict,26.4161414063,29.7793313077,18.7823203954,0.424580604658,0.159302152386,0.139095364238,14.5550839574,0.834013293011,0.801000129,1.0697056251,14.0301140044,8532,4128,41.8159677202,50.323734474,27.3622600889,0.66896013326,7.62669952444,0.127133525012,0.295518096599,0.132457258657,0.03009276939,0.912537266791,0.0467796429809,0.146252370453,True,14.9282687975,15.0457262909
d000220_300_022,16,yellow,core_geomed_lab,54.7309290831,-3.36887644352,51.046889466,0.586202670717,0.512020318248,0.13650627669,22.4044807673,1.37772621097,1.55754010317,2.42102002628,21.7242026316,9288,4528,81.2952417117,-1.87406763019,80.91564034,1.79278382648,15.1959351676,0.189839727879,0.54435787564,0.0575858708973,0.04672040664,1.50484058268,0.0752129147931,0.0876695878069,True,23.6689436807,23.6971995491
d000220_300_022,16,yellow,core_mean_srgb,53.3023595454,-3.47304072853,49.7191406022,0.568771993818,0.498112521672,0.134626457931,23.7918623716,0.855513686632,0.838290718799,3.3465179625,21.2066707872,9288,4528,81.2952417117,-1.87406763019,80.91564034,1.79278382648,15.1959351676,0.189839727879,0.54435787564,0.0575858708973,0.04672040664,1.50484058268,0.0752129147931,0.0876695878069,True,23.6689436807,23.6971995491
d000220_300_022,16,yellow,core_medoid_de2000,54.7791628879,-3.37887626411,51.0691688667,0.586692265603,0.512521044684,0.136795578824,22.3610412246,1.34336750772,1.53583261802,2.40077073621,21.7493183289,9288,4528,81.2952417117,-1.87406763019,80.91564034,1.79278382648,15.1959351676,0.189839727879,0.54435787564,0.0575858708973,0.04672040664,1.50484058268,0.0752129147931,0.0876695878069,True,23.6689436807,23.6971995491
d000220_300_022,16,yellow,geomed_lab_converged,53.4161627807,-3.37815271725,49.6189349468,0.570479863915,0.499069713577,0.136931727968,23.6970325328,,,,,9288,4528,81.2952417117,-1.87406763019,80.91564034,1.79278382648,15.1959351676,0.189839727879,0.54435787564,0.0575858708973,0.04672040664,1.50484058268,0.0752129147931,0.0876695878069,True,23.6689436807,23.6971995491
d000220_300_022,16,yellow,mc_geomedian,53.4159932546,-3.37815608572,49.6187618619,0.570477838395,0.499068051174,0.136931661372,23.6971995491,,,,,9288,4528,81.2952417117,-1.87406763019,80.91564034,1.79278382648,15.1959351676,0.189839727879,0.54435787564,0.0575858708973,0.04672040664,1.50484058268,0.0752129147931,0.0876695878069,True,23.6689436807,23.6971995491
d000220_300_022,16,yellow,mc_medoid,53.4372803863,-3.30600464753,49.6766557602,0.571189163789,0.499123222425,0.136611738591,23.6689436807,,,,,9288,4528,81.2952417117,-1.87406763019,80.91564034,1.79278382648,15.1959351676,0.189839727879,0.54435787564,0.0575858708973,0.04672040664,1.50484058268,0.0752129147931,0.0876695878069,True,23.6689436807,23.6971995491
d000220_300_022,16,yellow,mean_lab,50.8974099653,-3.34512172168,47.1698931086,0.541121859683,0.4742985111,0.134632478943,26.2013412272,,,,,9288,4528,81.2952417117,-1.87406763019,80.91564034,1.79278382648,15.1959351676,0.189839727879,0.54435787564,0.0575858708973,0.04672040664,1.50484058268,0.0752129147931,0.0876695878069,True,23.6689436807,23.6971995491
d000220_300_022,16,yellow,median_lab,53.4742755801,-3.3208054087,49.5413745314,0.571381307554,0.499534220946,0.138367045838,23.6510703436,,,,,9288,4528,81.2952417117,-1.87406763019,80.91564034,1.79278382648,15.1959351676,0.189839727879,0.54435787564,0.0575858708973,0.04672040664,1.50484058268,0.0752129147931,0.0876695878069,True,23.6689436807,23.6971995491
d000220_300_022,16,yellow,medoid_5000px,53.3738783593,-3.3844215343,49.5873633758,0.569953189055,0.498665419573,0.136794803622,23.7377861188,,,,,9288,4528,81.2952417117,-1.87406763019,80.91564034,1.79278382648,15.1959351676,0.189839727879,0.54435787564,0.0575858708973,0.04672040664,1.50484058268,0.0752129147931,0.0876695878069,True,23.6689436807,23.6971995491
d000220_300_022,16,yellow,prof_geomed_srgb,53.2605478798,-3.3791491964,49.6691137992,0.568825818265,0.49750514992,0.134737163348,23.828987411,0.825231756598,0.733730069992,3.3483542568,21.0820673183,9288,4528,81.2952417117,-1.87406763019,80.91564034,1.79278382648,15.1959351676,0.189839727879,0.54435787564,0.0575858708973,0.04672040664,1.50484058268,0.0752129147931,0.0876695878069,True,23.6689436807,23.6971995491
d000220_300_022,16,yellow,prof_geomed_srgb_strict,54.7578996442,-3.36716488933,51.0883125124,0.58654778527,0.512266049158,0.136356984612,22.3768832032,1.44634184065,1.61559112149,2.46052516074,21.6149874134,9288,4528,81.2952417117,-1.87406763019,80.91564034,1.79278382648,15.1959351676,0.189839727879,0.54435787564,0.0575858708973,0.04672040664,1.50484058268,0.0752129147931,0.0876695878069,True,23.6689436807,23.6971995491
d000220_300_022,17,magenta,core_geomed_lab,30.8762385092,34.8941791113,-7.30828269859,0.461228075647,0.188542237516,0.333015509365,18.4843693375,0.740693535341,0.814605446281,1.46578064799,16.468500888,9828,4796,50.4032815274,52.48562976,-14.8215971057,1.09476039488,10.5077661343,0.119594338511,0.240278116553,0.0566943663275,0.0281862124428,0.799868537159,0.0665118622709,0.0,True,19.2583440204,19.312083042
d000220_300_022,17,magenta,core_mean_srgb,30.0365294407,33.8725503384,-7.18471234845,0.447719253469,0.184755708977,0.324339027596,19.2094561567,0.250312233333,0.12100033662,1.4874213483,16.1435897195,9828,4796,50.4032815274,52.48562976,-14.8215971057,1.09476039488,10.5077661343,0.119594338511,0.240278116553,0.0566943663275,0.0281862124428,0.799868537159,0.0665118622709,0.0,True,19.2583440204,19.312083042
d000220_300_022,17,magenta,core_medoid_de2000,30.9016798288,34.8693931898,-7.27404144935,0.461433554459,0.18887588189,0.333044739981,18.4715734772,0.75921426218,0.83336170458,1.47247890285,16.4026181455,9828,4796,50.4032815274,52.48562976,-14.8215971057,1.09476039488,10.5077661343,0.119594338511,0.240278116553,0.0566943663275,0.0281862124428,0.799868537159,0.0665118622709,0.0,True,19.2583440204,19.312083042
d000220_300_022,17,magenta,geomed_lab_converged,29.9359947747,33.6811214116,-7.06822247586,0.445957521319,0.184560141579,0.322690583552,19.3119510934,,,,,9828,4796,50.4032815274,52.48562976,-14.8215971057,1.09476039488,10.5077661343,0.119594338511,0.240278116553,0.0566943663275,0.0281862124428,0.799868537159,0.0665118622709,0.0,True,19.2583440204,19.312083042
d000220_300_022,17,magenta,mc_geomedian,29.9358398674,33.6809423553,-7.06820484992,0.445955073929,0.184559406583,0.322689020146,19.312083042,,,,,9828,4796,50.4032815274,52.48562976,-14.8215971057,1.09476039488,10.5077661343,0.119594338511,0.240278116553,0.0566943663275,0.0281862124428,0.799868537159,0.0665118622709,0.0,True,19.2583440204,19.312083042
d000220_300_022,17,magenta,mc_medoid,30.0067923388,33.7147212948,-7.06377254423,0.446861187013,0.185091065442,0.323324723398,19.2583440204,,,,,9828,4796,50.4032815274,52.48562976,-14.8215971057,1.09476039488,10.5077661343,0.119594338511,0.240278116553,0.0566943663275,0.0281862124428,0.799868537159,0.0665118622709,0.0,True,19.2583440204,19.312083042
d000220_300_022,17,magenta,mean_lab,28.234280827,31.311870643,-6.46473629225,0.418001062434,0.17790427118,0.30312897894,20.8385674082,,,,,9828,4796,50.4032815274,52.48562976,-14.8215971057,1.09476039488,10.5077661343,0.119594338511,0.240278116553,0.0566943663275,0.0281862124428,0.799868537159,0.0665118622709,0.0,True,19.2583440204,19.312083042
d000220_300_022,17,magenta,median_lab,29.9351110261,33.6908984394,-6.98667083598,0.446150710672,0.184475102874,0.322198481612,19.3176472726,,,,,9828,4796,50.4032815274,52.48562976,-14.8215971057,1.09476039488,10.5077661343,0.119594338511,0.240278116553,0.0566943663275,0.0281862124428,0.799868537159,0.0665118622709,0.0,True,19.2583440204,19.312083042
d000220_300_022,17,magenta,medoid_5000px,30.0067923388,33.7147212948,-7.06377254423,0.446861187013,0.185091065442,0.323324723398,19.2583440204,,,,,9828,4796,50.4032815274,52.48562976,-14.8215971057,1.09476039488,10.5077661343,0.119594338511,0.240278116553,0.0566943663275,0.0281862124428,0.799868537159,0.0665118622709,0.0,True,19.2583440204,19.312083042
d000220_300_022,17,magenta,prof_geomed_srgb,29.9990920894,33.9617135771,-7.28076604759,0.447592889296,0.18406958114,0.324574654765,19.218320797,0.280913321376,0.282838893566,1.30908136936,16.1420460268,9828,4796,50.4032815274,52.48562976,-14.8215971057,1.09476039488,10.5077661343,0.119594338511,0.240278116553,0.0566943663275,0.0281862124428,0.799868537159,0.0665118622709,0.0,True,19.2583440204,19.312083042
d000220_300_022,17,magenta,prof_geomed_srgb_strict,30.9002048673,34.934608107,-7.32590831238,0.461643112091,0.188593177257,0.333348097225,18.4612829904,0.764563262966,0.839942928193,1.45879936129,16.4343308595,9828,4796,50.4032815274,52.48562976,-14.8215971057,1.09476039488,10.5077661343,0.119594338511,0.240278116553,0.0566943663275,0.0281862124428,0.799868537159,0.0665118622709,0.0,True,19.2583440204,19.312083042
d000220_300_022,18,cyan,core_geomed_lab,29.3565490906,-4.82500290445,-17.7432611569,0.147259158948,0.285039081083,0.377781900437,22.0342175049,3.77517523621,3.75699990164,1.50279797664,16.2631457221,9828,4796,50.0976007177,-24.9810885068,-27.5185652256,0.867896140309,8.61783430925,0.134547181474,0.198575723463,0.110692383755,0.0125684838827,0.534493889773,0.0289920106305,0.163354924174,True,22.5530276732,22.6317765661
d000220_300_022,18,cyan,core_mean_srgb,28.7580894574,-4.67390059537,-17.4321825276,0.145586009755,0.279259489467,0.370193616498,22.4977596548,3.68431593053,3.78072601451,1.45062313865,15.9329903879,9828,4796,50.0976007177,-24.9810885068,-27.5185652256,0.867896140309,8.61783430925,0.134547181474,0.198575723463,0.110692383755,0.0125684838827,0.534493889773,0.0289920106305,0.163354924174,True,22.5530276732,22.6317765661
d000220_300_022,18,cyan,core_medoid_de2000,29.362847392,-4.8138157696,-17.733698605,0.147535618493,0.285073638691,0.377784720515,22.0364211398,3.75071267896,3.74390612042,1.50461077828,16.257282446,9828,4796,50.0976007177,-24.9810885068,-27.5185652256,0.867896140309,8.61783430925,0.134547181474,0.198575723463,0.110692383755,0.0125684838827,0.534493889773,0.0289920106305,0.163354924174,True,22.5530276732,22.6317765661
d000220_300_022,18,cyan,geomed_lab_converged,28.5852838905,-4.64899235794,-17.2059918288,0.146000395019,0.277586989174,0.367182939841,22.6316640391,,,,,9828,4796,50.0976007177,-24.9810885068,-27.5185652256,0.867896140309,8.61783430925,0.134547181474,0.198575723463,0.110692383755,0.0125684838827,0.534493889773,0.0289920106305,0.163354924174,True,22.5530276732,22.6317765661
d000220_300_022,18,cyan,mc_geomedian,28.5851455853,-4.64894504332,-17.2059289057,0.146000075643,0.277585639814,0.367181247328,22.6317765661,,,,,9828,4796,50.0976007177,-24.9810885068,-27.5185652256,0.867896140309,8.61783430925,0.134547181474,0.198575723463,0.110692383755,0.0125684838827,0.534493889773,0.0289920106305,0.163354924174,True,22.5530276732,22.6317765661
d000220_300_022,18,cyan,mc_medoid,28.726145793,-4.62871554254,-17.235955911,0.147397698823,0.278832665112,0.3687055717,22.5530276732,,,,,9828,4796,50.0976007177,-24.9810885068,-27.5185652256,0.867896140309,8.61783430925,0.134547181474,0.198575723463,0.110692383755,0.0125684838827,0.534493889773,0.0289920106305,0.163354924174,True,22.5530276732,22.6317765661
d000220_300_022,18,cyan,mean_lab,27.1035253075,-4.22436016302,-16.0172700439,0.14548936674,0.263164294656,0.346035320852,23.8342248426,,,,,9828,4796,50.0976007177,-24.9810885068,-27.5185652256,0.867896140309,8.61783430925,0.134547181474,0.198575723463,0.110692383755,0.0125684838827,0.534493889773,0.0289920106305,0.163354924174,True,22.5530276732,22.6317765661
d000220_300_022,18,cyan,median_lab,28.6602473089,-4.50587207227,-17.2400121933,0.148131008343,0.278027776021,0.368111953153,22.6541327581,,,,,9828,4796,50.0976007177,-24.9810885068,-27.5185652256,0.867896140309,8.61783430925,0.134547181474,0.198575723463,0.110692383755,0.0125684838827,0.534493889773,0.0289920106305,0.163354924174,True,22.5530276732,22.6317765661
d000220_300_022,18,cyan,medoid_5000px,28.5132581709,-4.6340739152,-17.1999060126,0.145505591343,0.276909992123,0.36646248438,22.683638751,,,,,9828,4796,50.0976007177,-24.9810885068,-27.5185652256,0.867896140309,8.61783430925,0.134547181474,0.198575723463,0.110692383755,0.0125684838827,0.534493889773,0.0289920106305,0.163354924174,True,22.5530276732,22.6317765661
d000220_300_022,18,cyan,prof_geomed_srgb,28.7381380329,-4.68598085996,-17.3940761435,0.145555809873,0.279087510491,0.369771877623,22.506685437,3.83759160443,3.74282400927,1.42347714696,16.1283532303,9828,4796,50.0976007177,-24.9810885068,-27.5185652256,0.867896140309,8.61783430925,0.134547181474,0.198575723463,0.110692383755,0.0125684838827,0.534493889773,0.0289920106305,0.163354924174,True,22.5530276732,22.6317765661
d000220_300_022,18,cyan,prof_geomed_srgb_strict,29.3655046424,-4.81424179087,-17.7858144774,0.14711218644,0.285111304673,0.378125190117,22.0312022796,3.77468231253,3.74763887553,1.50358743766,16.3323226771,9828,4796,50.0976007177,-24.9810885068,-27.5185652256,0.867896140309,8.61783430925,0.134547181474,0.198575723463,0.110692383755,0.0125684838827,0.534493889773,0.0289920106305,0.163354924174,True,22.5530276732,22.6317765661
d000220_300_022,19,white 9.5 (.05 D),core_geomed_lab,65.2622526263,2.82991131753,6.03955819431,0.65969765894,0.613193506978,0.579602834957,21.5861328011,1.83815065624,1.57463876736,2.39926525013,20.1778026602,4224,2092,95.1674415299,-1.29945577469,2.91936760367,1.88786104331,16.6874829344,0.15008965257,0.385536724706,0.241555585032,0.0923666436578,0.702853961924,0.233673719133,0.0,True,22.9310329709,22.7881508347
d000220_300_022,19,white 9.5 (.05 D),core_mean_srgb,64.4323739753,3.02450045454,5.72249620842,0.651433013259,0.6042109357,0.573309096872,22.2664918859,0.848494345989,0.589223100434,2.32551745516,19.9142289538,4224,2092,95.1674415299,-1.29945577469,2.91936760367,1.88786104331,16.6874829344,0.15008965257,0.385536724706,0.241555585032,0.0923666436578,0.702853961924,0.233673719133,0.0,True,22.9310329709,22.7881508347
d000220_300_022,19,white 9.5 (.05 D),core_medoid_de2000,65.1524687523,2.84358591238,6.03120290036,0.658612622256,0.612025187777,0.578535187202,21.6740263796,1.80419945489,1.54987520264,2.39400406032,20.1444510737,4224,2092,95.1674415299,-1.29945577469,2.91936760367,1.88786104331,16.6874829344,0.15008965257,0.385536724706,0.241555585032,0.0923666436578,0.702853961924,0.233673719133,0.0,True,22.9310329709,22.7881508347
d000220_300_022,19,white 9.5 (.05 D),geomed_lab_converged,63.7938906091,3.11098826803,5.68659684974,0.645227332707,0.597436638791,0.567034991491,22.7879755898,,,,,4224,2092,95.1674415299,-1.29945577469,2.91936760367,1.88786104331,16.6874829344,0.15008965257,0.385536724706,0.241555585032,0.0923666436578,0.702853961924,0.233673719133,0.0,True,22.9310329709,22.7881508347
d000220_300_022,19,white 9.5 (.05 D),mc_geomedian,63.7936713163,3.11101172729,5.68654745747,0.645225056272,0.597434332647,0.567033092624,22.7881508347,,,,,4224,2092,95.1674415299,-1.29945577469,2.91936760367,1.88786104331,16.6874829344,0.15008965257,0.385536724706,0.241555585032,0.0923666436578,0.702853961924,0.233673719133,0.0,True,22.9310329709,22.7881508347
d000220_300_022,19,white 9.5 (.05 D),mc_medoid,63.5936741977,3.11085041249,5.47713821603,0.642544853508,0.595422978517,0.566434644023,22.9310329709,,,,,4224,2092,95.1674415299,-1.29945577469,2.91936760367,1.88786104331,16.6874829344,0.15008965257,0.385536724706,0.241555585032,0.0923666436578,0.702853961924,0.233673719133,0.0,True,22.9310329709,22.7881508347
d000220_300_022,19,white 9.5 (.05 D),mean_lab,61.281466663,2.97872268045,5.50416446463,0.617531318281,0.571938788965,0.542668452693,24.7215357898,,,,,4224,2092,95.1674415299,-1.29945577469,2.91936760367,1.88786104331,16.6874829344,0.15008965257,0.385536724706,0.241555585032,0.0923666436578,0.702853961924,0.233673719133,0.0,True,22.9310329709,22.7881508347
d000220_300_022,19,white 9.5 (.05 D),median_lab,63.7714769588,3.02563880062,5.74098121744,0.644549250412,0.597386980523,0.566417555464,22.7799578355,,,,,4224,2092,95.1674415299,-1.29945577469,2.91936760367,1.88786104331,16.6874829344,0.15008965257,0.385536724706,0.241555585032,0.0923666436578,0.702853961924,0.233673719133,0.0,True,22.9310329709,22.7881508347
d000220_300_022,19,white 9.5 (.05 D),medoid_5000px,63.5936741977,3.11085041249,5.47713821603,0.642544853508,0.595422978517,0.566434644023,22.9310329709,,,,,4224,2092,95.1674415299,-1.29945577469,2.91936760367,1.88786104331,16.6874829344,0.15008965257,0.385536724706,0.241555585032,0.0923666436578,0.702853961924,0.233673719133,0.0,True,22.9310329709,22.7881508347
d000220_300_022,19,white 9.5 (.05 D),prof_geomed_srgb,64.7108659919,3.05199999046,5.70987808363,0.654520485237,0.607034409094,0.576256961929,22.0609196224,0.988769944188,0.735996689929,2.30016910089,19.8972565793,4224,2092,95.1674415299,-1.29945577469,2.91936760367,1.88786104331,16.6874829344,0.15008965257,0.385536724706,0.241555585032,0.0923666436578,0.702853961924,0.233673719133,0.0,True,22.9310329709,22.7881508347
d000220_300_022,19,white 9.5 (.05 D),prof_geomed_srgb_strict,65.3156772562,2.79465340465,6.07853831134,0.660120025346,0.613802627253,0.57987116648,21.5364945915,2.00720484738,1.73874041407,2.40745484146,20.2214122222,4224,2092,95.1674415299,-1.29945577469,2.91936760367,1.88786104331,16.6874829344,0.15008965257,0.385536724706,0.241555585032,0.0923666436578,0.702853961924,0.233673719133,0.0,True,22.9310329709,22.7881508347
d000220_300_022,20,neutral 8 (.23 D),core_geomed_lab,54.2012789944,2.40637835453,3.97941558685,0.536618814647,0.501900204073,0.481819605398,22.161241147,1.96639113848,1.92918207346,2.19513631209,19.242072213,4296,2124,81.2891860096,-0.609436302439,0.444598310633,2.10517138908,16.7264300507,0.0659978642874,0.162593677441,0.217586269053,0.106486485023,0.479716963375,0.259250897806,0.0810985111582,True,23.405220989,23.2206278711
d000220_300_022,20,neutral 8 (.23 D),core_mean_srgb,53.5448524106,2.54995390174,3.79631103746,0.53043330737,0.495055056764,0.476545345948,22.769976318,1.10127715328,1.07427927024,2.17175317381,18.9245530697,4296,2124,81.2891860096,-0.609436302439,0.444598310633,2.10517138908,16.7264300507,0.0659978642874,0.162593677441,0.217586269053,0.106486485023,0.479716963375,0.259250897806,0.0810985111582,True,23.405220989,23.2206278711
d000220_300_022,20,neutral 8 (.23 D),core_medoid_de2000,54.1791851493,2.33636305822,3.90603250298,0.535716243875,0.501852170985,0.482082089183,22.1564981804,1.90053297472,1.85986983622,2.19332617344,19.2036616567,4296,2124,81.2891860096,-0.609436302439,0.444598310633,2.10517138908,16.7264300507,0.0659978642874,0.162593677441,0.217586269053,0.106486485023,0.479716963375,0.259250897806,0.0810985111582,True,23.405220989,23.2206278711
d000220_300_022,20,neutral 8 (.23 D),geomed_lab_converged,53.0300731486,2.52745186006,3.65661777453,0.524692452729,0.490019384687,0.472378887517,23.2204189235,,,,,4296,2124,81.2891860096,-0.609436302439,0.444598310633,2.10517138908,16.7264300507,0.0659978642874,0.162593677441,0.217586269053,0.106486485023,0.479716963375,0.259250897806,0.0810985111582,True,23.405220989,23.2206278711
d000220_300_022,20,neutral 8 (.23 D),mc_geomedian,53.0298483048,2.52748699251,3.65656176459,0.524690264449,0.490017081037,0.472377040049,23.2206278711,,,,,4296,2124,81.2891860096,-0.609436302439,0.444598310633,2.10517138908,16.7264300507,0.0659978642874,0.162593677441,0.217586269053,0.106486485023,0.479716963375,0.259250897806,0.0810985111582,True,23.405220989,23.2206278711
d000220_300_022,20,neutral 8 (.23 D),mc_medoid,52.8148270897,2.49153350251,3.61132616621,0.522150932115,0.48796613885,0.470546162323,23.405220989,,,,,4296,2124,81.2891860096,-0.609436302439,0.444598310633,2.10517138908,16.7264300507,0.0659978642874,0.162593677441,0.217586269053,0.106486485023,0.479716963375,0.259250897806,0.0810985111582,True,23.405220989,23.2206278711
d000220_300_022,20,neutral 8 (.23 D),mean_lab,50.3749559417,2.52190777171,3.49123263138,0.497503239258,0.463748433498,0.447321509211,25.6856697718,,,,,4296,2124,81.2891860096,-0.609436302439,0.444598310633,2.10517138908,16.7264300507,0.0659978642874,0.162593677441,0.217586269053,0.106486485023,0.479716963375,0.259250897806,0.0810985111582,True,23.405220989,23.2206278711
d000220_300_022,20,neutral 8 (.23 D),median_lab,53.1708971518,2.56609797847,3.63600930925,0.526320405271,0.491342675063,0.473915728163,23.0987969904,,,,,4296,2124,81.2891860096,-0.609436302439,0.444598310633,2.10517138908,16.7264300507,0.0659978642874,0.162593677441,0.217586269053,0.106486485023,0.479716963375,0.259250897806,0.0810985111582,True,23.405220989,23.2206278711
d000220_300_022,20,neutral 8 (.23 D),medoid_5000px,52.8814772726,2.5286248136,3.61941339105,0.523096990409,0.488546003124,0.471156526988,23.35344761,,,,,4296,2124,81.2891860096,-0.609436302439,0.444598310633,2.10517138908,16.7264300507,0.0659978642874,0.162593677441,0.217586269053,0.106486485023,0.479716963375,0.259250897806,0.0810985111582,True,23.405220989,23.2206278711
d000220_300_022,20,neutral 8 (.23 D),prof_geomed_srgb,53.8011520578,2.5046173119,3.84104447536,0.532845044633,0.497703517205,0.478782330053,22.5311729165,1.35420122243,1.31384006834,2.16658730822,18.9155902909,4296,2124,81.2891860096,-0.609436302439,0.444598310633,2.10517138908,16.7264300507,0.0659978642874,0.162593677441,0.217586269053,0.106486485023,0.479716963375,0.259250897806,0.0810985111582,True,23.405220989,23.2206278711
d000220_300_022,20,neutral 8 (.23 D),prof_geomed_srgb_strict,54.1355978237,2.30196051948,4.06173004126,0.535467521481,0.501439726439,0.480598415928,22.205190083,2.02905410775,1.98387156696,2.19579719506,19.2920978595,4296,2124,81.2891860096,-0.609436302439,0.444598310633,2.10517138908,16.7264300507,0.0659978642874,0.162593677441,0.217586269053,0.106486485023,0.479716963375,0.259250897806,0.0810985111582,True,23.405220989,23.2206278711
d000220_300_022,21,neutral 6.5 (.44 D),core_geomed_lab,44.4318992552,2.24816206631,3.79738701133,0.437695306082,0.406307539008,0.387748000663,21.7514056794,1.9945046869,1.75709237485,2.71921121215,18.4037239851,3792,1880,66.8953464077,-0.741716456682,-0.0479932850446,1.94375476743,6.7159894197,0.196459236483,0.389495809866,0.154746381922,0.0509337527908,0.765352828004,0.521933345145,0.0880504522932,True,23.1385470734,23.0813887469
d000220_300_022,21,neutral 6.5 (.44 D),core_mean_srgb,43.372196013,2.35247302934,3.59843440883,0.427503891862,0.395932934975,0.378930034138,22.8901844187,1.13210727197,0.909327921473,2.65158202247,18.0779308848,3792,1880,66.8953464077,-0.741716456682,-0.0479932850446,1.94375476743,6.7159894197,0.196459236483,0.389495809866,0.154746381922,0.0509337527908,0.765352828004,0.521933345145,0.0880504522932,True,23.1385470734,23.0813887469
d000220_300_022,21,neutral 6.5 (.44 D),core_medoid_de2000,44.4848761873,2.2411087767,3.80208491102,0.438180058484,0.406832038832,0.388223210954,21.6939680552,1.95303024857,1.71664623575,2.71474224417,18.3644933656,3792,1880,66.8953464077,-0.741716456682,-0.0479932850446,1.94375476743,6.7159894197,0.196459236483,0.389495809866,0.154746381922,0.0509337527908,0.765352828004,0.521933345145,0.0880504522932,True,23.1385470734,23.0813887469
d000220_300_022,21,neutral 6.5 (.44 D),geomed_lab_converged,43.1876565113,2.51291046347,3.14320503975,0.425555265214,0.393941709681,0.380117938301,23.0812055693,,,,,3792,1880,66.8953464077,-0.741716456682,-0.0479932850446,1.94375476743,6.7159894197,0.196459236483,0.389495809866,0.154746381922,0.0509337527908,0.765352828004,0.521933345145,0.0880504522932,True,23.1385470734,23.0813887469
d000220_300_022,21,neutral 6.5 (.44 D),mc_geomedian,43.187487326,2.51291720049,3.14318083411,0.425553598357,0.393940079562,0.380116483006,23.0813887469,,,,,3792,1880,66.8953464077,-0.741716456682,-0.0479932850446,1.94375476743,6.7159894197,0.196459236483,0.389495809866,0.154746381922,0.0509337527908,0.765352828004,0.521933345145,0.0880504522932,True,23.1385470734,23.0813887469
d000220_300_022,21,neutral 6.5 (.44 D),mc_medoid,43.1108337611,2.46511166213,2.99680990269,0.4241112789,0.393342704593,0.380318912876,23.1385470734,,,,,3792,1880,66.8953464077,-0.741716456682,-0.0479932850446,1.94375476743,6.7159894197,0.196459236483,0.389495809866,0.154746381922,0.0509337527908,0.765352828004,0.521933345145,0.0880504522932,True,23.1385470734,23.0813887469
d000220_300_022,21,neutral 6.5 (.44 D),mean_lab,42.0654177057,2.45899665369,3.10570323046,0.414210246797,0.383334746311,0.369687980898,24.2956603685,,,,,3792,1880,66.8953464077,-0.741716456682,-0.0479932850446,1.94375476743,6.7159894197,0.196459236483,0.389495809866,0.154746381922,0.0509337527908,0.765352828004,0.521933345145,0.0880504522932,True,23.1385470734,23.0813887469
d000220_300_022,21,neutral 6.5 (.44 D),median_lab,43.3185160421,2.51429564768,3.05874022517,0.426615523863,0.395213739117,0.381906904155,22.9311077187,,,,,3792,1880,66.8953464077,-0.741716456682,-0.0479932850446,1.94375476743,6.7159894197,0.196459236483,0.389495809866,0.154746381922,0.0509337527908,0.765352828004,0.521933345145,0.0880504522932,True,23.1385470734,23.0813887469
d000220_300_022,21,neutral 6.5 (.44 D),medoid_5000px,43.1289673359,2.53152798863,3.00365380801,0.424736892717,0.393373236672,0.380456243864,23.1361347144,,,,,3792,1880,66.8953464077,-0.741716456682,-0.0479932850446,1.94375476743,6.7159894197,0.196459236483,0.389495809866,0.154746381922,0.0509337527908,0.765352828004,0.521933345145,0.0880504522932,True,23.1385470734,23.0813887469
d000220_300_022,21,neutral 6.5 (.44 D),prof_geomed_srgb,43.8894049535,2.5047552848,3.57593900192,0.433478294041,0.400579842832,0.384023804074,22.3680340547,1.29880926501,1.04944255342,2.63364304758,18.0678964873,3792,1880,66.8953464077,-0.741716456682,-0.0479932850446,1.94375476743,6.7159894197,0.196459236483,0.389495809866,0.154746381922,0.0509337527908,0.765352828004,0.521933345145,0.0880504522932,True,23.1385470734,23.0813887469
d000220_300_022,21,neutral 6.5 (.44 D),prof_geomed_srgb_strict,44.5165917653,2.20584646352,3.84041655614,0.438359139414,0.407192617186,0.388271349897,21.6566021093,2.10626269617,1.87275385987,2.71864623001,18.4527963187,3792,1880,66.8953464077,-0.741716456682,-0.0479932850446,1.94375476743,6.7159894197,0.196459236483,0.389495809866,0.154746381922,0.0509337527908,0.765352828004,0.521933345145,0.0880504522932,True,23.1385470734,23.0813887469
d000220_300_022,22,neutral 5 (.70 D),core_geomed_lab,32.4635672765,1.91763409424,3.12293538121,0.319806164513,0.294838208911,0.2805433375,16.9326340141,2.00241364905,1.95551266575,2.71964450008,15.3043063791,4128,2044,50.7594147632,-0.142714357614,0.14067277892,1.54290367971,6.57108430514,0.117985121941,0.207699650873,0.0977748759683,0.0953789684814,0.665286991677,0.0841441381016,0.0642418381353,True,17.8809678243,17.8202101668
d000220_300_022,22,neutral 5 (.70 D),core_mean_srgb,31.7505467933,1.92375996855,3.0972454641,0.313184556377,0.288334074635,0.274262554017,17.4694535772,1.36900460396,1.29246589168,2.73594700696,15.0952118015,4128,2044,50.7594147632,-0.142714357614,0.14067277892,1.54290367971,6.57108430514,0.117985121941,0.207699650873,0.0977748759683,0.0953789684814,0.665286991677,0.0841441381016,0.0642418381353,True,17.8809678243,17.8202101668
d000220_300_022,22,neutral 5 (.70 D),core_medoid_de2000,32.390179294,1.86923929708,3.07135624856,0.318701422856,0.294278767227,0.280188562358,16.9712673378,1.9543868189,1.90752146975,2.71832535925,15.2782210907,4128,2044,50.7594147632,-0.142714357614,0.14067277892,1.54290367971,6.57108430514,0.117985121941,0.207699650873,0.0977748759683,0.0953789684814,0.665286991677,0.0841441381016,0.0642418381353,True,17.8809678243,17.8202101668
d000220_300_022,22,neutral 5 (.70 D),geomed_lab_converged,31.2631940131,1.99312205493,2.85176293464,0.308513751948,0.283836654947,0.271377623531,17.8200734353,,,,,4128,2044,50.7594147632,-0.142714357614,0.14067277892,1.54290367971,6.57108430514,0.117985121941,0.207699650873,0.0977748759683,0.0953789684814,0.665286991677,0.0841441381016,0.0642418381353,True,17.8809678243,17.8202101668
d000220_300_022,22,neutral 5 (.70 D),mc_geomedian,31.2630063662,1.99311916337,2.85173504688,0.308511937834,0.28383496698,0.271376104853,17.8202101668,,,,,4128,2044,50.7594147632,-0.142714357614,0.14067277892,1.54290367971,6.57108430514,0.117985121941,0.207699650873,0.0977748759683,0.0953789684814,0.665286991677,0.0841441381016,0.0642418381353,True,17.8809678243,17.8202101668
d000220_300_022,22,neutral 5 (.70 D),mc_medoid,31.1671635146,1.9465611724,2.84075924261,0.307318158975,0.283063118294,0.270575294278,17.8809678243,,,,,4128,2044,50.7594147632,-0.142714357614,0.14067277892,1.54290367971,6.57108430514,0.117985121941,0.207699650873,0.0977748759683,0.0953789684814,0.665286991677,0.0841441381016,0.0642418381353,True,17.8809678243,17.8202101668
d000220_300_022,22,neutral 5 (.70 D),mean_lab,30.0997786394,1.94263000674,2.7932506756,0.297383091234,0.273443310657,0.261295607958,18.6691809408,,,,,4128,2044,50.7594147632,-0.142714357614,0.14067277892,1.54290367971,6.57108430514,0.117985121941,0.207699650873,0.0977748759683,0.0953789684814,0.665286991677,0.0841441381016,0.0642418381353,True,17.8809678243,17.8202101668
d000220_300_022,22,neutral 5 (.70 D),median_lab,31.3372409347,1.96558390096,2.90074056757,0.309147816769,0.28455212757,0.271743128242,17.7645020276,,,,,4128,2044,50.7594147632,-0.142714357614,0.14067277892,1.54290367971,6.57108430514,0.117985121941,0.207699650873,0.0977748759683,0.0953789684814,0.665286991677,0.0841441381016,0.0642418381353,True,17.8809678243,17.8202101668
d000220_300_022,22,neutral 5 (.70 D),medoid_5000px,31.2143142462,1.98485825309,2.83593655206,0.307974296929,0.283414090162,0.271033066697,17.8531120879,,,,,4128,2044,50.7594147632,-0.142714357614,0.14067277892,1.54290367971,6.57108430514,0.117985121941,0.207699650873,0.0977748759683,0.0953789684814,0.665286991677,0.0841441381016,0.0642418381353,True,17.8809678243,17.8202101668
d000220_300_022,22,neutral 5 (.70 D),prof_geomed_srgb,31.7860954981,1.97063911736,3.16037780322,0.313954375525,0.288548104067,0.274204623484,17.4606855684,1.60169115957,1.52053558025,2.71944050454,15.0875887303,4128,2044,50.7594147632,-0.142714357614,0.14067277892,1.54290367971,6.57108430514,0.117985121941,0.207699650873,0.0977748759683,0.0953789684814,0.665286991677,0.0841441381016,0.0642418381353,True,17.8809678243,17.8202101668
d000220_300_022,22,neutral 5 (.70 D),prof_geomed_srgb_strict,32.6112286406,1.88665756162,3.16172026145,0.321078311634,0.29623047957,0.281636003014,16.8191060026,2.03208022863,1.98974533401,2.71823552752,15.3352102872,4128,2044,50.7594147632,-0.142714357614,0.14067277892,1.54290367971,6.57108430514,0.117985121941,0.207699650873,0.0977748759683,0.0953789684814,0.665286991677,0.0841441381016,0.0642418381353,True,17.8809678243,17.8202101668
d000220_300_022,23,neutral 3.5 (1.05 D),core_geomed_lab,21.9408409383,1.3439884711,2.09323555323,0.21927099435,0.20299534226,0.194095037506,11.0150683745,0.91961442274,0.815917720309,2.05794779891,10.066564923,4368,2164,35.6377687286,-0.412811499754,-0.468413957925,1.21197197532,3.92860737729,0.102648044182,0.136808077501,0.173202311814,0.100581691882,0.283899412554,0.219236264599,0.0434758344211,True,11.7497099586,11.6037605598
d000220_300_022,23,neutral 3.5 (1.05 D),core_mean_srgb,21.532198501,1.33335721612,2.10189891564,0.215678214869,0.199506486283,0.19056598984,11.2851475681,0.794682357113,0.841480354766,2.07939249096,9.93361934872,4368,2164,35.6377687286,-0.412811499754,-0.468413957925,1.21197197532,3.92860737729,0.102648044182,0.136808077501,0.173202311814,0.100581691882,0.283899412554,0.219236264599,0.0434758344211,True,11.7497099586,11.6037605598
d000220_300_022,23,neutral 3.5 (1.05 D),core_medoid_de2000,21.8322637835,1.37698020229,2.14790696072,0.218647665295,0.2019899085,0.192860536753,11.1079842658,0.898877502288,0.798490947161,2.05690410194,10.0515527762,4368,2164,35.6377687286,-0.412811499754,-0.468413957925,1.21197197532,3.92860737729,0.102648044182,0.136808077501,0.173202311814,0.100581691882,0.283899412554,0.219236264599,0.0434758344211,True,11.7497099586,11.6037605598
d000220_300_022,23,neutral 3.5 (1.05 D),geomed_lab_converged,21.0314342171,1.29636028571,2.08582032138,0.211089510131,0.195308705811,0.186408585284,11.6036691136,,,,,4368,2164,35.6377687286,-0.412811499754,-0.468413957925,1.21197197532,3.92860737729,0.102648044182,0.136808077501,0.173202311814,0.100581691882,0.283899412554,0.219236264599,0.0434758344211,True,11.7497099586,11.6037605598
d000220_300_022,23,neutral 3.5 (1.05 D),mc_geomedian,21.0312961734,1.29637191897,2.08580193663,0.211088340622,0.195307510672,0.186407522812,11.6037605598,,,,,4368,2164,35.6377687286,-0.412811499754,-0.468413957925,1.21197197532,3.92860737729,0.102648044182,0.136808077501,0.173202311814,0.100581691882,0.283899412554,0.219236264599,0.0434758344211,True,11.7497099586,11.6037605598
d000220_300_022,23,neutral 3.5 (1.05 D),mc_medoid,20.8191479078,1.34763503167,2.03456782093,0.209431185689,0.193414125676,0.184910525563,11.7497099586,,,,,4368,2164,35.6377687286,-0.412811499754,-0.468413957925,1.21197197532,3.92860737729,0.102648044182,0.136808077501,0.173202311814,0.100581691882,0.283899412554,0.219236264599,0.0434758344211,True,11.7497099586,11.6037605598
d000220_300_022,23,neutral 3.5 (1.05 D),mean_lab,20.2818938448,1.21469983466,2.09053138716,0.204164785082,0.189085742836,0.18004357002,12.0784829844,,,,,4368,2164,35.6377687286,-0.412811499754,-0.468413957925,1.21197197532,3.92860737729,0.102648044182,0.136808077501,0.173202311814,0.100581691882,0.283899412554,0.219236264599,0.0434758344211,True,11.7497099586,11.6037605598
d000220_300_022,23,neutral 3.5 (1.05 D),median_lab,21.1780069662,1.27151475911,2.03305443596,0.212089153378,0.196617302345,0.187948677873,11.4896690372,,,,,4368,2164,35.6377687286,-0.412811499754,-0.468413957925,1.21197197532,3.92860737729,0.102648044182,0.136808077501,0.173202311814,0.100581691882,0.283899412554,0.219236264599,0.0434758344211,True,11.7497099586,11.6037605598
d000220_300_022,23,neutral 3.5 (1.05 D),medoid_5000px,20.8437852203,1.3202629585,2.04380423182,0.209507482804,0.193673531355,0.185063118092,11.7271945904,,,,,4368,2164,35.6377687286,-0.412811499754,-0.468413957925,1.21197197532,3.92860737729,0.102648044182,0.136808077501,0.173202311814,0.100581691882,0.283899412554,0.219236264599,0.0434758344211,True,11.7497099586,11.6037605598
d000220_300_022,23,neutral 3.5 (1.05 D),prof_geomed_srgb,21.7568711066,1.42380914588,2.20728608432,0.218402380407,0.201235980774,0.191882200351,11.1841337788,0.868278163923,0.880654561124,2.0623935328,9.9240980814,4368,2164,35.6377687286,-0.412811499754,-0.468413957925,1.21197197532,3.92860737729,0.102648044182,0.136808077501,0.173202311814,0.100581691882,0.283899412554,0.219236264599,0.0434758344211,True,11.7497099586,11.6037605598
d000220_300_022,23,neutral 3.5 (1.05 D),prof_geomed_srgb_strict,22.0373292597,1.28272546393,2.12805440828,0.219834736029,0.203925858038,0.194708519898,10.9390949319,0.917647176009,0.793025378219,2.05742814271,10.0874353543,4368,2164,35.6377687286,-0.412811499754,-0.468413957925,1.21197197532,3.92860737729,0.102648044182,0.136808077501,0.173202311814,0.100581691882,0.283899412554,0.219236264599,0.0434758344211,True,11.7497099586,11.6037605598
d000220_300_022,24,black 2 (1.5 D),core_geomed_lab,11.2615510346,0.386286399671,2.71748496806,0.125921449158,0.116444892833,0.103303634624,6.93206222727,3.32757626397,3.2744536633,1.34466136635,4.96771929613,4368,2164,20.6442233442,0.113218723005,-0.456645905619,0.75076216678,1.98284775836,0.136255969073,0.184408229041,0.108447550828,0.0634076249749,0.160397062303,0.0491599186544,0.133429833706,True,6.84814900109,6.90767823519
d000220_300_022,24,black 2 (1.5 D),core_mean_srgb,11.301485617,0.507998103232,2.6067394697,0.126659838184,0.116567440717,0.10421347146,6.87683040673,3.54579893891,3.49186494424,1.26306932275,4.87270515699,4368,2164,20.6442233442,0.113218723005,-0.456645905619,0.75076216678,1.98284775836,0.136255969073,0.184408229041,0.108447550828,0.0634076249749,0.160397062303,0.0491599186544,0.133429833706,True,6.84814900109,6.90767823519
d000220_300_022,24,black 2 (1.5 D),core_medoid_de2000,11.1911417734,0.355417503236,2.71399982151,0.125185659588,0.11594220497,0.102770730026,6.96887593616,3.32225182374,3.27252110846,1.33851071628,4.95563410617,4368,2164,20.6442233442,0.113218723005,-0.456645905619,0.75076216678,1.98284775836,0.136255969073,0.184408229041,0.108447550828,0.0634076249749,0.160397062303,0.0491599186544,0.133429833706,True,6.84814900109,6.90767823519
d000220_300_022,24,black 2 (1.5 D),geomed_lab_converged,11.2217995766,0.423548018173,2.58752899108,0.125531638209,0.116090933148,0.103686303196,6.90767627725,,,,,4368,2164,20.6442233442,0.113218723005,-0.456645905619,0.75076216678,1.98284775836,0.136255969073,0.184408229041,0.108447550828,0.0634076249749,0.160397062303,0.0491599186544,0.133429833706,True,6.84814900109,6.90767823519
d000220_300_022,24,black 2 (1.5 D),mc_geomedian,11.2217753947,0.423578826257,2.58749115027,0.125531530045,0.116090696183,0.103686318547,6.90767823519,,,,,4368,2164,20.6442233442,0.113218723005,-0.456645905619,0.75076216678,1.98284775836,0.136255969073,0.184408229041,0.108447550828,0.0634076249749,0.160397062303,0.0491599186544,0.133429833706,True,6.84814900109,6.90767823519
d000220_300_022,24,black 2 (1.5 D),mc_medoid,11.2718249336,0.366161369758,2.51586193063,0.125475609608,0.11659834186,0.104449219218,6.84814900109,,,,,4368,2164,20.6442233442,0.113218723005,-0.456645905619,0.75076216678,1.98284775836,0.136255969073,0.184408229041,0.108447550828,0.0634076249749,0.160397062303,0.0491599186544,0.133429833706,True,6.84814900109,6.90767823519
d000220_300_022,24,black 2 (1.5 D),mean_lab,11.2060470842,0.487253313347,2.49078438842,0.125543398446,0.115874973001,0.104082575078,6.88620721463,,,,,4368,2164,20.6442233442,0.113218723005,-0.456645905619,0.75076216678,1.98284775836,0.136255969073,0.184408229041,0.108447550828,0.0634076249749,0.160397062303,0.0491599186544,0.133429833706,True,6.84814900109,6.90767823519
d000220_300_022,24,black 2 (1.5 D),median_lab,11.2150506479,0.395504717632,2.4762866461,0.125095015407,0.116106665249,0.104219418371,6.86811147637,,,,,4368,2164,20.6442233442,0.113218723005,-0.456645905619,0.75076216678,1.98284775836,0.136255969073,0.184408229041,0.108447550828,0.0634076249749,0.160397062303,0.0491599186544,0.133429833706,True,6.84814900109,6.90767823519
d000220_300_022,24,black 2 (1.5 D),medoid_5000px,11.1854874325,0.409085244474,2.63472703613,0.125261961029,0.115820131097,0.103152201229,6.94520354679,,,,,4368,2164,20.6442233442,0.113218723005,-0.456645905619,0.75076216678,1.98284775836,0.136255969073,0.184408229041,0.108447550828,0.0634076249749,0.160397062303,0.0491599186544,0.133429833706,True,6.84814900109,6.90767823519
d000220_300_022,24,black 2 (1.5 D),prof_geomed_srgb,11.3074968259,0.489807848138,2.55940565821,0.126512550546,0.1166552224,0.10450904097,6.85373939577,3.4938980681,3.44809966737,1.25763140369,4.86540234351,4368,2164,20.6442233442,0.113218723005,-0.456645905619,0.75076216678,1.98284775836,0.136255969073,0.184408229041,0.108447550828,0.0634076249749,0.160397062303,0.0491599186544,0.133429833706,True,6.84814900109,6.90767823519
d000220_300_022,24,black 2 (1.5 D),prof_geomed_srgb_strict,11.299020796,0.404785721064,2.66678249792,0.126214542028,0.116714559318,0.103864827807,6.89238217716,3.26972850293,3.21538365659,1.34777139362,4.98361241486,4368,2164,20.6442233442,0.113218723005,-0.456645905619,0.75076216678,1.98284775836,0.136255969073,0.184408229041,0.108447550828,0.0634076249749,0.160397062303,0.0491599186544,0.133429833706,True,6.84814900109,6.90767823519
d000220_300_038,1,dark skin,core_geomed_lab,22.3319326289,8.42892209423,10.5785181952,0.276088274769,0.189996820164,0.149404715412,12.334685893,1.8096227335,1.77947322958,0.817973231143,10.5394778684,5104,2520,37.3149072323,13.3705344523,14.5797859647,0.488573543943,1.73303641533,0.0876515806812,0.144934815289,0.0772834162892,0.0176978752265,0.0250277236792,0.038775413114,0.0691875915527,True,12.5878852295,12.513265552
d000220_300_038,1,dark skin,core_mean_srgb,22.3252480132,8.47378875658,10.5401261124,0.276195126559,0.189836867735,0.149578578513,12.3290570827,2.18761096142,2.16660947189,0.820865755676,10.4081483016,5104,2520,37.3149072323,13.3705344523,14.5797859647,0.488573543943,1.73303641533,0.0876515806812,0.144934815289,0.0772834162892,0.0176978752265,0.0250277236792,0.038775413114,0.0691875915527,True,12.5878852295,12.513265552
d000220_300_038,1,dark skin,core_medoid_de2000,22.3283240145,8.43975404555,10.6028547155,0.276142381449,0.189937196911,0.149235208234,12.3323765763,1.8374822948,1.80377902407,0.822802332389,10.5455023563,5104,2520,37.3149072323,13.3705344523,14.5797859647,0.488573543943,1.73303641533,0.0876515806812,0.144934815289,0.0772834162892,0.0176978752265,0.0250277236792,0.038775413114,0.0691875915527,True,12.5878852295,12.513265552
d000220_300_038,1,dark skin,geomed_lab_converged,22.1425030263,8.25014682104,10.549807083,0.273397050878,0.18878948722,0.147982914259,12.5132507048,,,,,5104,2520,37.3149072323,13.3705344523,14.5797859647,0.488573543943,1.73303641533,0.0876515806812,0.144934815289,0.0772834162892,0.0176978752265,0.0250277236792,0.038775413114,0.0691875915527,True,12.5878852295,12.513265552
d000220_300_038,1,dark skin,mc_geomedian,22.142483361,8.25014431659,10.5497879701,0.273396828799,0.188789328581,0.147982863218,12.513265552,,,,,5104,2520,37.3149072323,13.3705344523,14.5797859647,0.488573543943,1.73303641533,0.0876515806812,0.144934815289,0.0772834162892,0.0176978752265,0.0250277236792,0.038775413114,0.0691875915527,True,12.5878852295,12.513265552
d000220_300_038,1,dark skin,mc_medoid,22.0342498904,8.23935158046,10.5432287929,0.272327630473,0.187892387754,0.147129449958,12.5878852295,,,,,5104,2520,37.3149072323,13.3705344523,14.5797859647,0.488573543943,1.73303641533,0.0876515806812,0.144934815289,0.0772834162892,0.0176978752265,0.0250277236792,0.038775413114,0.0691875915527,True,12.5878852295,12.513265552
d000220_300_038,1,dark skin,mean_lab,21.9285494741,8.20762312427,10.372061873,0.270948721143,0.187093832492,0.147249390433,12.6777942543,,,,,5104,2520,37.3149072323,13.3705344523,14.5797859647,0.488573543943,1.73303641533,0.0876515806812,0.144934815289,0.0772834162892,0.0176978752265,0.0250277236792,0.038775413114,0.0691875915527,True,12.5878852295,12.513265552
d000220_300_038,1,dark skin,median_lab,22.2247189213,8.15941991774,10.510789232,0.273656262846,0.189701602285,0.14887100569,12.4892189334,,,,,5104,2520,37.3149072323,13.3705344523,14.5797859647,0.488573543943,1.73303641533,0.0876515806812,0.144934815289,0.0772834162892,0.0176978752265,0.0250277236792,0.038775413114,0.0691875915527,True,12.5878852295,12.513265552
d000220_300_038,1,dark skin,medoid_5000px,22.0742756837,8.2417972643,10.6287827798,0.272831172353,0.188212842859,0.14696160773,12.5557485569,,,,,5104,2520,37.3149072323,13.3705344523,14.5797859647,0.488573543943,1.73303641533,0.0876515806812,0.144934815289,0.0772834162892,0.0176978752265,0.0250277236792,0.038775413114,0.0691875915527,True,12.5878852295,12.513265552
d000220_300_038,1,dark skin,prof_geomed_srgb,22.3244150114,8.43651211494,10.5421550861,0.276005188067,0.189913786526,0.14955367361,12.3399474828,2.060932673,2.03516501244,0.809271232409,10.4250944183,5104,2520,37.3149072323,13.3705344523,14.5797859647,0.488573543943,1.73303641533,0.0876515806812,0.144934815289,0.0772834162892,0.0176978752265,0.0250277236792,0.038775413114,0.0691875915527,True,12.5878852295,12.513265552
d000220_300_038,1,dark skin,prof_geomed_srgb_strict,22.348293832,8.43220943027,10.5639716982,0.276236878033,0.190123474114,0.149622674934,12.3239326934,1.7681256913,1.73656042564,0.814470589323,10.5764730808,5104,2520,37.3149072323,13.3705344523,14.5797859647,0.488573543943,1.73303641533,0.0876515806812,0.144934815289,0.0772834162892,0.0176978752265,0.0250277236792,0.038775413114,0.0691875915527,True,12.5878852295,12.513265552
d000220_300_038,2,light skin,core_geomed_lab,41.4308444327,13.5328364058,13.9716139358,0.495822106696,0.349206935604,0.296042580024,22.6200164025,0.856305118071,0.853539726159,0.845492268123,17.851891683,5191,2567,64.3749744464,18.0235169593,17.0522039412,0.547103159357,4.25789524136,0.060909759694,0.0933724236495,0.0642034399987,0.0287681491719,0.225473717449,0.115632330365,0.0744812778064,True,22.9728960244,23.0537866682
d000220_300_038,2,light skin,core_mean_srgb,41.3222525553,13.5143681008,13.8912978444,0.494473074677,0.348231405356,0.295556292847,22.7446802857,0.652841979938,0.65417578186,0.804078703819,17.5554671214,5191,2567,64.3749744464,18.0235169593,17.0522039412,0.547103159357,4.25789524136,0.060909759694,0.0933724236495,0.0642034399987,0.0287681491719,0.225473717449,0.115632330365,0.0744812778064,True,22.9728960244,23.0537866682
d000220_300_038,2,light skin,core_medoid_de2000,41.4133056067,13.5390648709,14.0085217077,0.49573500633,0.349017857496,0.295646678649,22.6384298413,0.899142514385,0.89826707129,0.843819166202,17.8856592956,5191,2567,64.3749744464,18.0235169593,17.0522039412,0.547103159357,4.25789524136,0.060909759694,0.0933724236495,0.0642034399987,0.0287681491719,0.225473717449,0.115632330365,0.0744812778064,True,22.9728960244,23.0537866682
d000220_300_038,2,light skin,geomed_lab_converged,41.0604615207,13.3608402902,13.7722407214,0.490743854443,0.346188021427,0.293898680431,23.0537108869,,,,,5191,2567,64.3749744464,18.0235169593,17.0522039412,0.547103159357,4.25789524136,0.060909759694,0.0933724236495,0.0642034399987,0.0287681491719,0.225473717449,0.115632330365,0.0744812778064,True,22.9728960244,23.0537866682
d000220_300_038,2,light skin,mc_geomedian,41.0603952711,13.3608334785,13.7721907384,0.490743055433,0.346187424194,0.293898392972,23.0537866682,,,,,5191,2567,64.3749744464,18.0235169593,17.0522039412,0.547103159357,4.25789524136,0.060909759694,0.0933724236495,0.0642034399987,0.0287681491719,0.225473717449,0.115632330365,0.0744812778064,True,22.9728960244,23.0537866682
d000220_300_038,2,light skin,mc_medoid,41.1318104452,13.3703892529,13.7777901888,0.491538795094,0.346835698632,0.294517486438,22.9728960244,,,,,5191,2567,64.3749744464,18.0235169593,17.0522039412,0.547103159357,4.25789524136,0.060909759694,0.0933724236495,0.0642034399987,0.0287681491719,0.225473717449,0.115632330365,0.0744812778064,True,22.9728960244,23.0537866682
d000220_300_038,2,light skin,mean_lab,40.4335498064,13.2068666101,13.5478710732,0.483102228268,0.340719059249,0.289578242354,23.7739101474,,,,,5191,2567,64.3749744464,18.0235169593,17.0522039412,0.547103159357,4.25789524136,0.060909759694,0.0933724236495,0.0642034399987,0.0287681491719,0.225473717449,0.115632330365,0.0744812778064,True,22.9728960244,23.0537866682
d000220_300_038,2,light skin,median_lab,41.114136773,13.2552316947,13.7735425328,0.490716650945,0.346960878599,0.294362627792,23.0033657948,,,,,5191,2567,64.3749744464,18.0235169593,17.0522039412,0.547103159357,4.25789524136,0.060909759694,0.0933724236495,0.0642034399987,0.0287681491719,0.225473717449,0.115632330365,0.0744812778064,True,22.9728960244,23.0537866682
d000220_300_038,2,light skin,medoid_5000px,41.0523508189,13.3544853412,13.7424395071,0.490577478228,0.346133759315,0.294013932337,23.0639835633,,,,,5191,2567,64.3749744464,18.0235169593,17.0522039412,0.547103159357,4.25789524136,0.060909759694,0.0933724236495,0.0642034399987,0.0287681491719,0.225473717449,0.115632330365,0.0744812778064,True,22.9728960244,23.0537866682
d000220_300_038,2,light skin,prof_geomed_srgb,41.2860577759,13.6314101616,13.8529884993,0.494682230869,0.347600518807,0.29549095903,22.776004002,0.596334992513,0.592094865326,0.830573641252,17.5950605212,5191,2567,64.3749744464,18.0235169593,17.0522039412,0.547103159357,4.25789524136,0.060909759694,0.0933724236495,0.0642034399987,0.0287681491719,0.225473717449,0.115632330365,0.0744812778064,True,22.9728960244,23.0537866682
d000220_300_038,2,light skin,prof_geomed_srgb_strict,41.4362877173,13.4987588827,14.0007881555,0.495737687754,0.349325257658,0.29589634368,22.6164478291,0.87814268466,0.874218645248,0.846128241953,17.9332442445,5191,2567,64.3749744464,18.0235169593,17.0522039412,0.547103159357,4.25789524136,0.060909759694,0.0933724236495,0.0642034399987,0.0287681491719,0.225473717449,0.115632330365,0.0744812778064,True,22.9728960244,23.0537866682
d000220_300_038,3,blue sky,core_geomed_lab,29.129810295,3.47492950945,-11.9842105145,0.251813385539,0.265638374943,0.341430017784,20.1919702339,1.74047856254,1.75399025334,0.73710133341,15.347541139,4582,2264,49.6180419709,-1.18031118953,-22.1653639872,0.556345249446,1.42496008496,0.0572337540696,0.130755806753,0.0790671638981,0.052064893257,0.158303076734,0.0485041376827,0.0293475575213,True,20.2900321171,20.3267965602
d000220_300_038,3,blue sky,core_mean_srgb,28.998428038,3.50428568691,-11.9604779241,0.250930645319,0.264389709219,0.3400566781,20.3012777974,2.4489749019,2.33535742729,0.696938036339,15.0876850287,4582,2264,49.6180419709,-1.18031118953,-22.1653639872,0.556345249446,1.42496008496,0.0572337540696,0.130755806753,0.0790671638981,0.052064893257,0.158303076734,0.0485041376827,0.0293475575213,True,20.2900321171,20.3267965602
d000220_300_038,3,blue sky,core_medoid_de2000,29.1243404577,3.43627109972,-11.9312102564,0.251701977533,0.265650539897,0.34105620304,20.1885474267,1.757530359,1.77413013709,0.731769784999,15.3333286186,4582,2264,49.6180419709,-1.18031118953,-22.1653639872,0.556345249446,1.42496008496,0.0572337540696,0.130755806753,0.0790671638981,0.052064893257,0.158303076734,0.0485041376827,0.0293475575213,True,20.2900321171,20.3267965602
d000220_300_038,3,blue sky,geomed_lab_converged,28.91457865,3.39790209421,-11.8548083116,0.249845277674,0.26382688919,0.338628301642,20.3267695888,,,,,4582,2264,49.6180419709,-1.18031118953,-22.1653639872,0.556345249446,1.42496008496,0.0572337540696,0.130755806753,0.0790671638981,0.052064893257,0.158303076734,0.0485041376827,0.0293475575213,True,20.2900321171,20.3267965602
d000220_300_038,3,blue sky,mc_geomedian,28.9145207723,3.39786885311,-11.8547829651,0.249844620542,0.263826430552,0.338627604532,20.3267965602,,,,,4582,2264,49.6180419709,-1.18031118953,-22.1653639872,0.556345249446,1.42496008496,0.0572337540696,0.130755806753,0.0790671638981,0.052064893257,0.158303076734,0.0485041376827,0.0293475575213,True,20.2900321171,20.3267965602
d000220_300_038,3,blue sky,mc_medoid,28.9187163439,3.33735921,-11.8596669428,0.249428369499,0.263987263641,0.338691045984,20.2900321171,,,,,4582,2264,49.6180419709,-1.18031118953,-22.1653639872,0.556345249446,1.42496008496,0.0572337540696,0.130755806753,0.0790671638981,0.052064893257,0.158303076734,0.0485041376827,0.0293475575213,True,20.2900321171,20.3267965602
d000220_300_038,3,blue sky,mean_lab,28.6885175516,3.37980326574,-11.8047702982,0.247882400651,0.261827335105,0.336211145486,20.4796642933,,,,,4582,2264,49.6180419709,-1.18031118953,-22.1653639872,0.556345249446,1.42496008496,0.0572337540696,0.130755806753,0.0790671638981,0.052064893257,0.158303076734,0.0485041376827,0.0293475575213,True,20.2900321171,20.3267965602
d000220_300_038,3,blue sky,median_lab,29.0340419821,3.41189063024,-11.8375236277,0.251092686126,0.264861791886,0.339644033177,20.2599766547,,,,,4582,2264,49.6180419709,-1.18031118953,-22.1653639872,0.556345249446,1.42496008496,0.0572337540696,0.130755806753,0.0790671638981,0.052064893257,0.158303076734,0.0485041376827,0.0293475575213,True,20.2900321171,20.3267965602
d000220_300_038,3,blue sky,medoid_5000px,28.9079208016,3.36023808361,-11.8761382382,0.249428369499,0.263849930635,0.338691044765,20.3051613452,,,,,4582,2264,49.6180419709,-1.18031118953,-22.1653639872,0.556345249446,1.42496008496,0.0572337540696,0.130755806753,0.0790671638981,0.052064893257,0.158303076734,0.0485041376827,0.0293475575213,True,20.2900321171,20.3267965602
d000220_300_038,3,blue sky,prof_geomed_srgb,28.9873094587,3.54250143392,-11.9984976822,0.250949874113,0.264225223163,0.340184634165,20.3194742465,2.30479329441,2.31590103025,0.736275900595,15.0563059257,4582,2264,49.6180419709,-1.18031118953,-22.1653639872,0.556345249446,1.42496008496,0.0572337540696,0.130755806753,0.0790671638981,0.052064893257,0.158303076734,0.0485041376827,0.0293475575213,True,20.2900321171,20.3267965602
d000220_300_038,3,blue sky,prof_geomed_srgb_strict,29.1596633784,3.4711584608,-11.9758021718,0.252085539098,0.265904340731,0.341657104321,20.1723865877,1.68794980209,1.7015981146,0.737048462175,15.3829662649,4582,2264,49.6180419709,-1.18031118953,-22.1653639872,0.556345249446,1.42496008496,0.0572337540696,0.130755806753,0.0790671638981,0.052064893257,0.158303076734,0.0485041376827,0.0293475575213,True,20.2900321171,20.3267965602
d000220_300_038,4,foliage,core_geomed_lab,26.5020594079,-9.64863451352,16.9790162348,0.223988540514,0.259504230507,0.142174467586,14.4249298454,4.39695193888,4.41307335607,0.833230042098,12.8847534099,4959,2451,43.3546978928,-14.6439666211,22.8637467789,0.509538587833,2.55978497876,0.145839213992,0.241182721033,0.121480530972,0.0398319132527,0.183933060423,0.134315980828,0.221540370724,True,14.7447415594,14.6587026351
d000220_300_038,4,foliage,core_mean_srgb,26.3221528746,-9.65243226874,16.9193927793,0.222254234417,0.257903430936,0.141043528461,14.5562296572,4.39598788184,4.38711363513,0.776321904465,12.7174872856,4959,2451,43.3546978928,-14.6439666211,22.8637467789,0.509538587833,2.55978497876,0.145839213992,0.241182721033,0.121480530972,0.0398319132527,0.183933060423,0.134315980828,0.221540370724,True,14.7447415594,14.6587026351
d000220_300_038,4,foliage,core_medoid_de2000,26.4688919167,-9.64704228864,16.9257825113,0.223605921479,0.259212069335,0.142232701475,14.453246932,4.30270456232,4.31452375489,0.830416352083,12.8567914288,4959,2451,43.3546978928,-14.6439666211,22.8637467789,0.509538587833,2.55978497876,0.145839213992,0.241182721033,0.121480530972,0.0398319132527,0.183933060423,0.134315980828,0.221540370724,True,14.7447415594,14.6587026351
d000220_300_038,4,foliage,geomed_lab_converged,26.2182343755,-9.59036208039,16.6967013238,0.221313632173,0.256912674857,0.141589664219,14.6586387367,,,,,4959,2451,43.3546978928,-14.6439666211,22.8637467789,0.509538587833,2.55978497876,0.145839213992,0.241182721033,0.121480530972,0.0398319132527,0.183933060423,0.134315980828,0.221540370724,True,14.7447415594,14.6587026351
d000220_300_038,4,foliage,mc_geomedian,26.2181565417,-9.59033802591,16.6966393431,0.22131297823,0.256911949946,0.141589408048,14.6587026351,,,,,4959,2451,43.3546978928,-14.6439666211,22.8637467789,0.509538587833,2.55978497876,0.145839213992,0.241182721033,0.121480530972,0.0398319132527,0.183933060423,0.134315980828,0.221540370724,True,14.7447415594,14.6587026351
d000220_300_038,4,foliage,mc_medoid,26.0807325841,-9.59050701872,16.807867897,0.220294709133,0.255671894605,0.139745448349,14.7447415594,,,,,4959,2451,43.3546978928,-14.6439666211,22.8637467789,0.509538587833,2.55978497876,0.145839213992,0.241182721033,0.121480530972,0.0398319132527,0.183933060423,0.134315980828,0.221540370724,True,14.7447415594,14.6587026351
d000220_300_038,4,foliage,mean_lab,25.7364059404,-9.36754068162,16.3986691843,0.217892110939,0.252303244862,0.139480874976,15.056764096,,,,,4959,2451,43.3546978928,-14.6439666211,22.8637467789,0.509538587833,2.55978497876,0.145839213992,0.241182721033,0.121480530972,0.0398319132527,0.183933060423,0.134315980828,0.221540370724,True,14.7447415594,14.6587026351
d000220_300_038,4,foliage,median_lab,26.2747619199,-9.54291018139,16.6653898482,0.22205736733,0.25734579584,0.142266018915,14.6290089041,,,,,4959,2451,43.3546978928,-14.6439666211,22.8637467789,0.509538587833,2.55978497876,0.145839213992,0.241182721033,0.121480530972,0.0398319132527,0.183933060423,0.134315980828,0.221540370724,True,14.7447415594,14.6587026351
d000220_300_038,4,foliage,medoid_5000px,26.3216619674,-9.56330917501,16.5792799096,0.222186859619,0.257808196895,0.143193967809,14.6013410466,,,,,4959,2451,43.3546978928,-14.6439666211,22.8637467789,0.509538587833,2.55978497876,0.145839213992,0.241182721033,0.121480530972,0.0398319132527,0.183933060423,0.134315980828,0.221540370724,True,14.7447415594,14.6587026351
d000220_300_038,4,foliage,prof_geomed_srgb,26.3563579969,-9.81003851367,16.9343825342,0.221591515984,0.258457312886,0.141206988632,14.5082938639,4.49969590189,4.50485104801,0.82326232857,12.6839955966,4959,2451,43.3546978928,-14.6439666211,22.8637467789,0.509538587833,2.55978497876,0.145839213992,0.241182721033,0.121480530972,0.0398319132527,0.183933060423,0.134315980828,0.221540370724,True,14.7447415594,14.6587026351
d000220_300_038,4,foliage,prof_geomed_srgb_strict,26.5144770628,-9.68795765701,17.0497108519,0.223980160761,0.259661710181,0.141822718473,14.4041639729,4.39821252075,4.41773452728,0.837083758186,12.9074638992,4959,2451,43.3546978928,-14.6439666211,22.8637467789,0.509538587833,2.55978497876,0.145839213992,0.241182721033,0.121480530972,0.0398319132527,0.183933060423,0.134315980828,0.221540370724,True,14.7447415594,14.6587026351
d000220_300_038,5,blue flower,core_geomed_lab,32.0357973849,10.135406737,-12.2612202555,0.322596951732,0.277488294488,0.371151920371,22.7280375196,2.69149817578,2.71942427153,1.00730232303,17.6144246574,5249,2599,55.1801131524,12.1421884056,-24.571222951,0.653187213554,4.34566060258,0.0641164293931,0.136291546764,0.0661017242906,0.0198995662261,0.256306271705,0.06209964108,0.0437616843082,True,23.0697286677,23.0837087571
d000220_300_038,5,blue flower,core_mean_srgb,31.7860789986,10.1513888201,-12.2823288894,0.320295130267,0.275191909795,0.368906270122,22.904657197,1.69943861071,1.82672045609,0.991194586123,17.3003222577,5249,2599,55.1801131524,12.1421884056,-24.571222951,0.653187213554,4.34566060258,0.0641164293931,0.136291546764,0.0661017242906,0.0198995662261,0.256306271705,0.06209964108,0.0437616843082,True,23.0697286677,23.0837087571
d000220_300_038,5,blue flower,core_medoid_de2000,32.0464039541,10.1313031433,-12.2339528603,0.322762397504,0.277584537128,0.371086001934,22.7260744999,2.65446601543,2.68023793927,1.00854024291,17.6148531539,5249,2599,55.1801131524,12.1421884056,-24.571222951,0.653187213554,4.34566060258,0.0641164293931,0.136291546764,0.0661017242906,0.0198995662261,0.256306271705,0.06209964108,0.0437616843082,True,23.0697286677,23.0837087571
d000220_300_038,5,blue flower,geomed_lab_converged,31.5626559755,10.0306821964,-12.1582363045,0.317861577531,0.273416964359,0.366019352329,23.0836119898,,,,,5249,2599,55.1801131524,12.1421884056,-24.571222951,0.653187213554,4.34566060258,0.0641164293931,0.136291546764,0.0661017242906,0.0198995662261,0.256306271705,0.06209964108,0.0437616843082,True,23.0697286677,23.0837087571
d000220_300_038,5,blue flower,mc_geomedian,31.5625234937,10.0306727967,-12.158225545,0.31786032015,0.273415786032,0.366018028845,23.0837087571,,,,,5249,2599,55.1801131524,12.1421884056,-24.571222951,0.653187213554,4.34566060258,0.0641164293931,0.136291546764,0.0661017242906,0.0198995662261,0.256306271705,0.06209964108,0.0437616843082,True,23.0697286677,23.0837087571
d000220_300_038,5,blue flower,mc_medoid,31.5928500821,10.0930452349,-12.1429036909,0.318596640568,0.27354081063,0.366218350823,23.0697286677,,,,,5249,2599,55.1801131524,12.1421884056,-24.571222951,0.653187213554,4.34566060258,0.0641164293931,0.136291546764,0.0661017242906,0.0198995662261,0.256306271705,0.06209964108,0.0437616843082,True,23.0697286677,23.0837087571
d000220_300_038,5,blue flower,mean_lab,30.7593936362,9.86976037706,-11.9173472025,0.310181773025,0.266467151635,0.356935459357,23.6983784639,,,,,5249,2599,55.1801131524,12.1421884056,-24.571222951,0.653187213554,4.34566060258,0.0641164293931,0.136291546764,0.0661017242906,0.0198995662261,0.256306271705,0.06209964108,0.0437616843082,True,23.0697286677,23.0837087571
d000220_300_038,5,blue flower,median_lab,31.611677491,9.96578543329,-12.1002414687,0.318097000832,0.27398938731,0.366125326818,23.056562047,,,,,5249,2599,55.1801131524,12.1421884056,-24.571222951,0.653187213554,4.34566060258,0.0641164293931,0.136291546764,0.0661017242906,0.0198995662261,0.256306271705,0.06209964108,0.0437616843082,True,23.0697286677,23.0837087571
d000220_300_038,5,blue flower,medoid_5000px,31.6256224546,10.074621567,-12.1798112397,0.318657689986,0.273891766526,0.36675241822,23.0368192434,,,,,5249,2599,55.1801131524,12.1421884056,-24.571222951,0.653187213554,4.34566060258,0.0641164293931,0.136291546764,0.0661017242906,0.0198995662261,0.256306271705,0.06209964108,0.0437616843082,True,23.0697286677,23.0837087571
d000220_300_038,5,blue flower,prof_geomed_srgb,31.7877090292,10.0790253512,-12.2551835095,0.319935912108,0.275364309148,0.368749523156,22.9041396431,1.92075163918,1.94170762606,1.01136441873,17.3164316759,5249,2599,55.1801131524,12.1421884056,-24.571222951,0.653187213554,4.34566060258,0.0641164293931,0.136291546764,0.0661017242906,0.0198995662261,0.256306271705,0.06209964108,0.0437616843082,True,23.0697286677,23.0837087571
d000220_300_038,5,blue flower,prof_geomed_srgb_strict,32.1024165206,10.1469560662,-12.2654319503,0.323275519631,0.278058558434,0.37181062718,22.679848288,2.74691267056,2.7762613941,1.00542875331,17.6519741039,5249,2599,55.1801131524,12.1421884056,-24.571222951,0.653187213554,4.34566060258,0.0641164293931,0.136291546764,0.0661017242906,0.0198995662261,0.256306271705,0.06209964108,0.0437616843082,True,23.0697286677,23.0837087571
d000220_300_038,6,bluish green,core_geomed_lab,43.1722454296,-15.0807420724,2.7490623238,0.293512648369,0.427153673512,0.380405656711,26.9022789906,1.02044271842,0.931987277779,1.29699717806,22.1364842266,5278,2616,70.6705390714,-31.9379466806,0.084064595589,1.09103786889,7.61032818826,0.17746415884,0.223019664246,0.102975060991,0.0757436406705,0.532417831466,0.00893590452271,0.121067174362,True,27.7610745471,27.6728842358
d000220_300_038,6,bluish green,core_mean_srgb,42.6841808181,-14.8345408753,2.6093576329,0.290504606988,0.422000919741,0.376685159481,27.4597701371,0.580689512536,0.512599708608,1.31515122698,21.7683070763,5278,2616,70.6705390714,-31.9379466806,0.084064595589,1.09103786889,7.61032818826,0.17746415884,0.223019664246,0.102975060991,0.0757436406705,0.532417831466,0.00893590452271,0.121067174362,True,27.7610745471,27.6728842358
d000220_300_038,6,bluish green,core_medoid_de2000,43.2346775372,-15.1478813004,2.76832238292,0.293588132536,0.427871831054,0.380868639499,26.8233588263,1.11139591682,1.02308983701,1.29858134372,22.0960627557,5278,2616,70.6705390714,-31.9379466806,0.084064595589,1.09103786889,7.61032818826,0.17746415884,0.223019664246,0.102975060991,0.0757436406705,0.532417831466,0.00893590452271,0.121067174362,True,27.7610745471,27.6728842358
d000220_300_038,6,bluish green,geomed_lab_converged,42.4865979291,-14.7873622388,2.51908991102,0.28869285885,0.420025524168,0.375396649913,27.6727120381,,,,,5278,2616,70.6705390714,-31.9379466806,0.084064595589,1.09103786889,7.61032818826,0.17746415884,0.223019664246,0.102975060991,0.0757436406705,0.532417831466,0.00893590452271,0.121067174362,True,27.7610745471,27.6728842358
d000220_300_038,6,bluish green,mc_geomedian,42.4864477136,-14.7872866467,2.51903489887,0.288691884404,0.420023946908,0.375395584709,27.6728842358,,,,,5278,2616,70.6705390714,-31.9379466806,0.084064595589,1.09103786889,7.61032818826,0.17746415884,0.223019664246,0.102975060991,0.0757436406705,0.532417831466,0.00893590452271,0.121067174362,True,27.7610745471,27.6728842358
d000220_300_038,6,bluish green,mc_medoid,42.4108721929,-14.725705742,2.43059569,0.28815588716,0.419204543735,0.375253241161,27.7610745471,,,,,5278,2616,70.6705390714,-31.9379466806,0.084064595589,1.09103786889,7.61032818826,0.17746415884,0.223019664246,0.102975060991,0.0757436406705,0.532417831466,0.00893590452271,0.121067174362,True,27.7610745471,27.6728842358
d000220_300_038,6,bluish green,mean_lab,41.1476124077,-14.2760560461,2.37352479166,0.280031244502,0.406202400294,0.363696623806,29.2099149536,,,,,5278,2616,70.6705390714,-31.9379466806,0.084064595589,1.09103786889,7.61032818826,0.17746415884,0.223019664246,0.102975060991,0.0757436406705,0.532417831466,0.00893590452271,0.121067174362,True,27.7610745471,27.6728842358
d000220_300_038,6,bluish green,median_lab,42.6043315915,-14.7506897781,2.4150255043,0.289688101851,0.421133980514,0.377189959213,27.5502545738,,,,,5278,2616,70.6705390714,-31.9379466806,0.084064595589,1.09103786889,7.61032818826,0.17746415884,0.223019664246,0.102975060991,0.0757436406705,0.532417831466,0.00893590452271,0.121067174362,True,27.7610745471,27.6728842358
d000220_300_038,6,bluish green,medoid_5000px,42.5422857526,-14.7387936695,2.4513842665,0.289361353131,0.420501588491,0.376367159531,27.6206712504,,,,,5278,2616,70.6705390714,-31.9379466806,0.084064595589,1.09103786889,7.61032818826,0.17746415884,0.223019664246,0.102975060991,0.0757436406705,0.532417831466,0.00893590452271,0.121067174362,True,27.7610745471,27.6728842358
d000220_300_038,6,bluish green,prof_geomed_srgb,42.6796279966,-14.8252910296,2.60294219792,0.290516517891,0.421942473487,0.376684214542,27.46623588,0.525554330097,0.448740125076,1.29794506664,21.7931132528,5278,2616,70.6705390714,-31.9379466806,0.084064595589,1.09103786889,7.61032818826,0.17746415884,0.223019664246,0.102975060991,0.0757436406705,0.532417831466,0.00893590452271,0.121067174362,True,27.7610745471,27.6728842358
d000220_300_038,6,bluish green,prof_geomed_srgb_strict,43.1889993137,-15.1323800863,2.79975371162,0.293421028135,0.427383808525,0.380228787022,26.8767889745,1.03964523838,0.947622204228,1.30030432829,22.2114323304,5278,2616,70.6705390714,-31.9379466806,0.084064595589,1.09103786889,7.61032818826,0.17746415884,0.223019664246,0.102975060991,0.0757436406705,0.532417831466,0.00893590452271,0.121067174362,True,27.7610745471,27.6728842358
d000220_300_038,7,orange,core_geomed_lab,35.0316298574,18.2633986868,33.4972010918,0.47459486824,0.274001968429,0.109939033737,28.1214427944,0.897463072462,0.888223665772,2.63451736029,25.3831319113,13024,6212,62.1081508121,33.3696320444,55.7646303752,1.30858804982,18.0046590022,0.118821154826,0.218455902039,0.0570221413081,0.152449871519,0.977271535463,0.850534627846,0.0629589924992,True,28.7817056659,28.7991483152
d000220_300_038,7,orange,core_mean_srgb,33.1105260052,17.2339343139,31.5363738447,0.447660840088,0.259609892248,0.107268850751,29.8950961546,2.65431245653,2.61352690553,3.25797406736,25.0884962977,13024,6212,62.1081508121,33.3696320444,55.7646303752,1.30858804982,18.0046590022,0.118821154826,0.218455902039,0.0570221413081,0.152449871519,0.977271535463,0.850534627846,0.0629589924992,True,28.7817056659,28.7991483152
d000220_300_038,7,orange,core_medoid_de2000,35.2046925438,18.2773498395,33.6189090983,0.47661403128,0.275531580616,0.110556610823,27.966129567,1.03366941667,1.02299049232,2.6515670956,25.4276712361,13024,6212,62.1081508121,33.3696320444,55.7646303752,1.30858804982,18.0046590022,0.118821154826,0.218455902039,0.0570221413081,0.152449871519,0.977271535463,0.850534627846,0.0629589924992,True,28.7817056659,28.7991483152
d000220_300_038,7,orange,geomed_lab_converged,34.3234444011,17.7743030759,32.7709490086,0.464103851398,0.26899440191,0.108949419883,28.7990318435,,,,,13024,6212,62.1081508121,33.3696320444,55.7646303752,1.30858804982,18.0046590022,0.118821154826,0.218455902039,0.0570221413081,0.152449871519,0.977271535463,0.850534627846,0.0629589924992,True,28.7817056659,28.7991483152
d000220_300_038,7,orange,mc_geomedian,34.3233213893,17.7742319966,32.7708019171,0.464102084613,0.268993496736,0.108949409549,28.7991483152,,,,,13024,6212,62.1081508121,33.3696320444,55.7646303752,1.30858804982,18.0046590022,0.118821154826,0.218455902039,0.0570221413081,0.152449871519,0.977271535463,0.850534627846,0.0629589924992,True,28.7817056659,28.7991483152
d000220_300_038,7,orange,mc_medoid,34.3558952353,17.762383178,32.658971211,0.464315310075,0.269336036487,0.110068124809,28.7817056659,,,,,13024,6212,62.1081508121,33.3696320444,55.7646303752,1.30858804982,18.0046590022,0.118821154826,0.218455902039,0.0570221413081,0.152449871519,0.977271535463,0.850534627846,0.0629589924992,True,28.7817056659,28.7991483152
d000220_300_038,7,orange,mean_lab,31.8626058058,16.4529290845,29.9222271939,0.429515630749,0.250696437187,0.107892340283,31.0293386014,,,,,13024,6212,62.1081508121,33.3696320444,55.7646303752,1.30858804982,18.0046590022,0.118821154826,0.218455902039,0.0570221413081,0.152449871519,0.977271535463,0.850534627846,0.0629589924992,True,28.7817056659,28.7991483152
d000220_300_038,7,orange,median_lab,34.3999060523,17.6651655025,32.7844859449,0.464406264229,0.269993984622,0.109475988284,28.7458008002,,,,,13024,6212,62.1081508121,33.3696320444,55.7646303752,1.30858804982,18.0046590022,0.118821154826,0.218455902039,0.0570221413081,0.152449871519,0.977271535463,0.850534627846,0.0629589924992,True,28.7817056659,28.7991483152
d000220_300_038,7,orange,medoid_5000px,34.3470972565,17.7296909492,32.7569348186,0.464132198777,0.269336031352,0.109244168088,28.7848049051,,,,,13024,6212,62.1081508121,33.3696320444,55.7646303752,1.30858804982,18.0046590022,0.118821154826,0.218455902039,0.0570221413081,0.152449871519,0.977271535463,0.850534627846,0.0629589924992,True,28.7817056659,28.7991483152
d000220_300_038,7,orange,prof_geomed_srgb,34.0321632137,17.4886865951,32.5078976015,0.459418631266,0.267154955367,0.108232242313,29.0780376622,1.02671053786,0.971668145914,2.983636421,25.0803964791,13024,6212,62.1081508121,33.3696320444,55.7646303752,1.30858804982,18.0046590022,0.118821154826,0.218455902039,0.0570221413081,0.152449871519,0.977271535463,0.850534627846,0.0629589924992,True,28.7817056659,28.7991483152
d000220_300_038,7,orange,prof_geomed_srgb_strict,35.0528831242,18.2825063895,33.5612026478,0.47496264148,0.274120536512,0.109645637802,28.0975633398,1.00120290247,0.987704647836,2.59501952293,25.4038614697,13024,6212,62.1081508121,33.3696320444,55.7646303752,1.30858804982,18.0046590022,0.118821154826,0.218455902039,0.0570221413081,0.152449871519,0.977271535463,0.850534627846,0.0629589924992,True,28.7817056659,28.7991483152
d000220_300_038,8,purplish blue,core_geomed_lab,17.8141205105,16.7970735216,-29.288803831,0.160642907479,0.145631405689,0.337952485331,19.200119363,3.04189497566,3.09982080527,1.32515021486,13.3855422508,13246,6334,40.055640693,16.2557324798,-44.3692721207,0.685408657758,10.1060802045,0.105238879723,0.176003855376,0.0728686479911,0.0405686083319,0.703967756417,0.0132046894356,0.100452585262,True,19.5388241965,19.4808458165
d000220_300_038,8,purplish blue,core_mean_srgb,17.1781678598,16.1013261872,-28.1655733567,0.156174800263,0.141580560035,0.325409757376,19.7272598059,2.18342259556,2.29961918743,1.34294157902,13.2246628036,13246,6334,40.055640693,16.2557324798,-44.3692721207,0.685408657758,10.1060802045,0.105238879723,0.176003855376,0.0728686479911,0.0405686083319,0.703967756417,0.0132046894356,0.100452585262,True,19.5388241965,19.4808458165
d000220_300_038,8,purplish blue,core_medoid_de2000,17.7963027422,16.8403316061,-29.2683949752,0.16094491297,0.145359641541,0.337667879112,19.2269514675,2.87346183486,2.93733751011,1.32399469624,13.371133497,13246,6334,40.055640693,16.2557324798,-44.3692721207,0.685408657758,10.1060802045,0.105238879723,0.176003855376,0.0728686479911,0.0405686083319,0.703967756417,0.0132046894356,0.100452585262,True,19.5388241965,19.4808458165
d000220_300_038,8,purplish blue,geomed_lab_converged,17.4527544171,16.5016061648,-28.7977106128,0.157973655483,0.143154236702,0.331673128243,19.4807781299,,,,,13246,6334,40.055640693,16.2557324798,-44.3692721207,0.685408657758,10.1060802045,0.105238879723,0.176003855376,0.0728686479911,0.0405686083319,0.703967756417,0.0132046894356,0.100452585262,True,19.5388241965,19.4808458165
d000220_300_038,8,purplish blue,mc_geomedian,17.452664187,16.5015562478,-28.7976167202,0.157972996788,0.143153573326,0.331671730427,19.4808458165,,,,,13246,6334,40.055640693,16.2557324798,-44.3692721207,0.685408657758,10.1060802045,0.105238879723,0.176003855376,0.0728686479911,0.0405686083319,0.703967756417,0.0132046894356,0.100452585262,True,19.5388241965,19.4808458165
d000220_300_038,8,purplish blue,mc_medoid,17.4061450638,16.5116107313,-28.6991671704,0.158228596292,0.142689323243,0.330663974917,19.5388241965,,,,,13246,6334,40.055640693,16.2557324798,-44.3692721207,0.685408657758,10.1060802045,0.105238879723,0.176003855376,0.0728686479911,0.0405686083319,0.703967756417,0.0132046894356,0.100452585262,True,19.5388241965,19.4808458165
d000220_300_038,8,purplish blue,mean_lab,16.5450051789,15.3553312065,-26.8270402429,0.152641090972,0.137577858464,0.311738029645,20.3113020713,,,,,13246,6334,40.055640693,16.2557324798,-44.3692721207,0.685408657758,10.1060802045,0.105238879723,0.176003855376,0.0728686479911,0.0405686083319,0.703967756417,0.0132046894356,0.100452585262,True,19.5388241965,19.4808458165
d000220_300_038,8,purplish blue,median_lab,17.4506065786,16.4573815799,-28.8283902117,0.157410764632,0.143269632863,0.331827718508,19.4625427795,,,,,13246,6334,40.055640693,16.2557324798,-44.3692721207,0.685408657758,10.1060802045,0.105238879723,0.176003855376,0.0728686479911,0.0405686083319,0.703967756417,0.0132046894356,0.100452585262,True,19.5388241965,19.4808458165
d000220_300_038,8,purplish blue,medoid_5000px,17.500886626,16.5227597113,-28.8320030889,0.158381265931,0.143513300815,0.332327212228,19.4478777282,,,,,13246,6334,40.055640693,16.2557324798,-44.3692721207,0.685408657758,10.1060802045,0.105238879723,0.176003855376,0.0728686479911,0.0405686083319,0.703967756417,0.0132046894356,0.100452585262,True,19.5388241965,19.4808458165
d000220_300_038,8,purplish blue,prof_geomed_srgb,17.1738610244,16.1252196697,-28.1889455909,0.156176089113,0.141496910048,0.3255054551,19.7287234551,2.69953496475,2.81107451514,1.32453750664,13.241126773,13246,6334,40.055640693,16.2557324798,-44.3692721207,0.685408657758,10.1060802045,0.105238879723,0.176003855376,0.0728686479911,0.0405686083319,0.703967756417,0.0132046894356,0.100452585262,True,19.5388241965,19.4808458165
d000220_300_038,8,purplish blue,prof_geomed_srgb_strict,17.8322321738,16.8585988139,-29.367941116,0.160793174409,0.145662809306,0.338585904477,19.1819504539,3.11413573096,3.17927524086,1.32670250452,13.4104072545,13246,6334,40.055640693,16.2557324798,-44.3692721207,0.685408657758,10.1060802045,0.105238879723,0.176003855376,0.0728686479911,0.0405686083319,0.703967756417,0.0132046894356,0.100452585262,True,19.5388241965,19.4808458165
d000220_300_038,9,moderate red,core_geomed_lab,29.0959811162,28.4841642215,13.1318803498,0.441859011145,0.190382780042,0.194870896098,19.7678616172,2.01435815115,2.16195010507,1.35177795112,17.0532491701,11692,5504,50.0579766452,48.095691371,15.6009692873,0.785134840705,6.72888105308,0.0386588604488,0.0656220845656,0.0560767890858,0.0975432423315,0.374767397632,0.295266196593,0.0573560082129,True,20.0191377015,20.0711782218
d000220_300_038,9,moderate red,core_mean_srgb,28.4375522805,27.9435899585,12.8604006543,0.432147340827,0.186377613551,0.190764257981,20.3014303865,1.48992786625,1.56207218503,1.45259675905,16.8679792127,11692,5504,50.0579766452,48.095691371,15.6009692873,0.785134840705,6.72888105308,0.0386588604488,0.0656220845656,0.0560767890858,0.0975432423315,0.374767397632,0.295266196593,0.0573560082129,True,20.0191377015,20.0711782218
d000220_300_038,9,moderate red,core_medoid_de2000,28.9901601307,28.3856599212,13.0556594195,0.440206739605,0.189791711023,0.194401696983,19.8539769959,1.98320069558,2.12992412028,1.34798969457,17.0596346922,11692,5504,50.0579766452,48.095691371,15.6009692873,0.785134840705,6.72888105308,0.0386588604488,0.0656220845656,0.0560767890858,0.0975432423315,0.374767397632,0.295266196593,0.0573560082129,True,20.0191377015,20.0711782218
d000220_300_038,9,moderate red,geomed_lab_converged,28.7069844872,28.201883631,12.8623407902,0.436170611875,0.187912866734,0.193099957048,20.0711024792,,,,,11692,5504,50.0579766452,48.095691371,15.6009692873,0.785134840705,6.72888105308,0.0386588604488,0.0656220845656,0.0560767890858,0.0975432423315,0.374767397632,0.295266196593,0.0573560082129,True,20.0191377015,20.0711782218
d000220_300_038,9,moderate red,mc_geomedian,28.7068869161,28.2018173706,12.8622822122,0.436169217301,0.187912228831,0.19309946037,20.0711782218,,,,,11692,5504,50.0579766452,48.095691371,15.6009692873,0.785134840705,6.72888105308,0.0386588604488,0.0656220845656,0.0560767890858,0.0975432423315,0.374767397632,0.295266196593,0.0573560082129,True,20.0191377015,20.0711782218
d000220_300_038,9,moderate red,mc_medoid,28.7707722303,28.2416856156,12.8413560494,0.437002358859,0.188357249167,0.19377606123,20.0191377015,,,,,11692,5504,50.0579766452,48.095691371,15.6009692873,0.785134840705,6.72888105308,0.0386588604488,0.0656220845656,0.0560767890858,0.0975432423315,0.374767397632,0.295266196593,0.0573560082129,True,20.0191377015,20.0711782218
d000220_300_038,9,moderate red,mean_lab,27.760592729,27.3777992985,12.4759066194,0.422040474673,0.182363372504,0.187180047806,20.844347688,,,,,11692,5504,50.0579766452,48.095691371,15.6009692873,0.785134840705,6.72888105308,0.0386588604488,0.0656220845656,0.0560767890858,0.0975432423315,0.374767397632,0.295266196593,0.0573560082129,True,20.0191377015,20.0711782218
d000220_300_038,9,moderate red,median_lab,28.7894501222,28.243555082,12.7799149542,0.437140945706,0.188536977009,0.194300482722,20.0028601239,,,,,11692,5504,50.0579766452,48.095691371,15.6009692873,0.785134840705,6.72888105308,0.0386588604488,0.0656220845656,0.0560767890858,0.0975432423315,0.374767397632,0.295266196593,0.0573560082129,True,20.0191377015,20.0711782218
d000220_300_038,9,moderate red,medoid_5000px,28.7167615168,28.155237321,12.8045583248,0.435995267218,0.188189351469,0.193516656547,20.0695392408,,,,,11692,5504,50.0579766452,48.095691371,15.6009692873,0.785134840705,6.72888105308,0.0386588604488,0.0656220845656,0.0560767890858,0.0975432423315,0.374767397632,0.295266196593,0.0573560082129,True,20.0191377015,20.0711782218
d000220_300_038,9,moderate red,prof_geomed_srgb,28.7707722303,28.2416856156,12.8413560494,0.437003128099,0.188342107271,0.193774319066,20.0191377015,1.65436719021,1.69336011048,1.41640259884,16.8918279518,11692,5504,50.0579766452,48.095691371,15.6009692873,0.785134840705,6.72888105308,0.0386588604488,0.0656220845656,0.0560767890858,0.0975432423315,0.374767397632,0.295266196593,0.0573560082129,True,20.0191377015,20.0711782218
d000220_300_038,9,moderate red,prof_geomed_srgb_strict,29.1673078455,28.5414665699,13.1912596971,0.442940479016,0.190797829395,0.195135885327,19.7118772387,2.07913474043,2.22456596607,1.35033882757,17.0912612769,11692,5504,50.0579766452,48.095691371,15.6009692873,0.785134840705,6.72888105308,0.0386588604488,0.0656220845656,0.0560767890858,0.0975432423315,0.374767397632,0.295266196593,0.0573560082129,True,20.0191377015,20.0711782218
d000220_300_038,10,purple,core_geomed_lab,13.7737325919,14.4788775731,-10.9784225019,0.187549573586,0.109886508285,0.198368315241,13.4639363215,2.44968478501,2.39831681552,0.705238446701,10.0701964286,12654,6014,30.2103699882,24.3892386639,-20.8819504697,0.51742383233,4.95031984497,0.0457006243017,0.0804659379195,0.0424451175667,0.0171536458321,0.404186438704,0.0677129126919,0.0279564015901,True,13.6366587216,13.6695470321
d000220_300_038,10,purple,core_mean_srgb,13.48283681,14.118486852,-10.7201654606,0.183864956997,0.10839157908,0.194441057638,13.7535914811,2.21490001541,2.19202275143,0.751040659431,9.87878982799,12654,6014,30.2103699882,24.3892386639,-20.8819504697,0.51742383233,4.95031984497,0.0457006243017,0.0804659379195,0.0424451175667,0.0171536458321,0.404186438704,0.0677129126919,0.0279564015901,True,13.6366587216,13.6695470321
d000220_300_038,10,purple,core_medoid_de2000,13.7753240268,14.4633783463,-10.9536217202,0.187550399371,0.109930995197,0.198246072591,13.471336668,2.42720321362,2.37557355066,0.708952420068,10.0841687908,12654,6014,30.2103699882,24.3892386639,-20.8819504697,0.51742383233,4.95031984497,0.0457006243017,0.0804659379195,0.0424451175667,0.0171536458321,0.404186438704,0.0677129126919,0.0279564015901,True,13.6366587216,13.6695470321
d000220_300_038,10,purple,geomed_lab_converged,13.5494550643,14.2934248684,-10.7709601757,0.185210651551,0.108489969316,0.195302583912,13.6694986661,,,,,12654,6014,30.2103699882,24.3892386639,-20.8819504697,0.51742383233,4.95031984497,0.0457006243017,0.0804659379195,0.0424451175667,0.0171536458321,0.404186438704,0.0677129126919,0.0279564015901,True,13.6366587216,13.6695470321
d000220_300_038,10,purple,mc_geomedian,13.549408426,14.2933705143,-10.7709060858,0.185210113444,0.108489716781,0.195301886521,13.6695470321,,,,,12654,6014,30.2103699882,24.3892386639,-20.8819504697,0.51742383233,4.95031984497,0.0457006243017,0.0804659379195,0.0424451175667,0.0171536458321,0.404186438704,0.0677129126919,0.0279564015901,True,13.6366587216,13.6695470321
d000220_300_038,10,purple,mc_medoid,13.598126462,14.2833046987,-10.8092745216,0.185475153571,0.10892385832,0.195926696736,13.6366587216,,,,,12654,6014,30.2103699882,24.3892386639,-20.8819504697,0.51742383233,4.95031984497,0.0457006243017,0.0804659379195,0.0424451175667,0.0171536458321,0.404186438704,0.0677129126919,0.0279564015901,True,13.6366587216,13.6695470321
d000220_300_038,10,purple,mean_lab,13.13630792,13.6310594428,-10.2786903254,0.179551900076,0.106720279436,0.189053187231,14.1436986879,,,,,12654,6014,30.2103699882,24.3892386639,-20.8819504697,0.51742383233,4.95031984497,0.0457006243017,0.0804659379195,0.0424451175667,0.0171536458321,0.404186438704,0.0677129126919,0.0279564015901,True,13.6366587216,13.6695470321
d000220_300_038,10,purple,median_lab,13.5589140793,14.3062614357,-10.7511422768,0.18541246247,0.108524491736,0.195277408411,13.6657782698,,,,,12654,6014,30.2103699882,24.3892386639,-20.8819504697,0.51742383233,4.95031984497,0.0457006243017,0.0804659379195,0.0424451175667,0.0171536458321,0.404186438704,0.0677129126919,0.0279564015901,True,13.6366587216,13.6695470321
d000220_300_038,10,purple,medoid_5000px,13.5571490997,14.2927495955,-10.8204838627,0.185139454141,0.108572893272,0.195636773251,13.6550422974,,,,,12654,6014,30.2103699882,24.3892386639,-20.8819504697,0.51742383233,4.95031984497,0.0457006243017,0.0804659379195,0.0424451175667,0.0171536458321,0.404186438704,0.0677129126919,0.0279564015901,True,13.6366587216,13.6695470321
d000220_300_038,10,purple,prof_geomed_srgb,13.5091341956,14.0711402222,-10.6209613975,0.184115358206,0.10869001297,0.19412527657,13.770066186,2.135017447,2.09684520833,0.734559121227,9.92670068628,12654,6014,30.2103699882,24.3892386639,-20.8819504697,0.51742383233,4.95031984497,0.0457006243017,0.0804659379195,0.0424451175667,0.0171536458321,0.404186438704,0.0677129126919,0.0279564015901,True,13.6366587216,13.6695470321
d000220_300_038,10,purple,prof_geomed_srgb_strict,13.7823613581,14.5225211924,-11.0106250648,0.187761411259,0.109847377002,0.198620099053,13.4436501805,2.51738181982,2.46710968987,0.703138377592,10.0937255057,12654,6014,30.2103699882,24.3892386639,-20.8819504697,0.51742383233,4.95031984497,0.0457006243017,0.0804659379195,0.0424451175667,0.0171536458321,0.404186438704,0.0677129126919,0.0279564015901,True,13.6366587216,13.6695470321
d000220_300_038,11,yellow green,core_geomed_lab,43.3734498609,-17.787130814,35.8779719783,0.360199890139,0.428473352981,0.154523507881,26.7647704901,1.65077838934,1.69883061,1.0708741331,23.734952835,13394,6422,71.5229920181,-28.4163521473,58.8483467164,1.17797588352,9.7446909682,0.0630772050447,0.0868678650998,0.0740012777414,0.0449288283444,1.00947592717,0.0328371681804,0.0374443364396,True,27.550119907,27.6285241123
d000220_300_038,11,yellow green,core_mean_srgb,42.4344737843,-17.5028350806,35.0534470378,0.351653621058,0.418944446349,0.152441523101,27.8518051297,0.639302609161,0.679868275155,1.15095647135,23.3826227481,13394,6422,71.5229920181,-28.4163521473,58.8483467164,1.17797588352,9.7446909682,0.0630772050447,0.0868678650998,0.0740012777414,0.0449288283444,1.00947592717,0.0328371681804,0.0374443364396,True,27.550119907,27.6285241123
d000220_300_038,11,yellow green,core_medoid_de2000,43.4176180124,-17.7753349166,35.9130380358,0.360768399516,0.428881018999,0.154658418825,26.7152740634,1.68406311893,1.73344598536,1.0762223744,23.7068103792,13394,6422,71.5229920181,-28.4163521473,58.8483467164,1.17797588352,9.7446909682,0.0630772050447,0.0868678650998,0.0740012777414,0.0449288283444,1.00947592717,0.0328371681804,0.0374443364396,True,27.550119907,27.6285241123
d000220_300_038,11,yellow green,geomed_lab_converged,42.6278288429,-17.5717268827,35.2010459586,0.353307596929,0.420931170338,0.153051953502,27.6283609749,,,,,13394,6422,71.5229920181,-28.4163521473,58.8483467164,1.17797588352,9.7446909682,0.0630772050447,0.0868678650998,0.0740012777414,0.0449288283444,1.00947592717,0.0328371681804,0.0374443364396,True,27.550119907,27.6285241123
d000220_300_038,11,yellow green,mc_geomedian,42.6276905403,-17.5716663157,35.2009062068,0.353306439428,0.420929741235,0.153051799179,27.6285241123,,,,,13394,6422,71.5229920181,-28.4163521473,58.8483467164,1.17797588352,9.7446909682,0.0630772050447,0.0868678650998,0.0740012777414,0.0449288283444,1.00947592717,0.0328371681804,0.0374443364396,True,27.550119907,27.6285241123
d000220_300_038,11,yellow green,mc_medoid,42.7055909872,-17.5636412112,35.150248664,0.354054466582,0.421678581908,0.154185132096,27.550119907,,,,,13394,6422,71.5229920181,-28.4163521473,58.8483467164,1.17797588352,9.7446909682,0.0630772050447,0.0868678650998,0.0740012777414,0.0449288283444,1.00947592717,0.0328371681804,0.0374443364396,True,27.550119907,27.6285241123
d000220_300_038,11,yellow green,mean_lab,41.0188071961,-16.8569439193,33.8557282379,0.340359510475,0.404319076466,0.149004664315,29.5238373971,,,,,13394,6422,71.5229920181,-28.4163521473,58.8483467164,1.17797588352,9.7446909682,0.0630772050447,0.0868678650998,0.0740012777414,0.0449288283444,1.00947592717,0.0328371681804,0.0374443364396,True,27.550119907,27.6285241123
d000220_300_038,11,yellow green,median_lab,42.7128903696,-17.5766425009,35.1057309396,0.353972558694,0.421775230086,0.154604315291,27.5459952742,,,,,13394,6422,71.5229920181,-28.4163521473,58.8483467164,1.17797588352,9.7446909682,0.0630772050447,0.0868678650998,0.0740012777414,0.0449288283444,1.00947592717,0.0328371681804,0.0374443364396,True,27.550119907,27.6285241123
d000220_300_038,11,yellow green,medoid_5000px,42.6829542678,-17.542990855,35.2067565812,0.354054460653,0.421419177927,0.153529017137,27.5698452509,,,,,13394,6422,71.5229920181,-28.4163521473,58.8483467164,1.17797588352,9.7446909682,0.0630772050447,0.0868678650998,0.0740012777414,0.0449288283444,1.00947592717,0.0328371681804,0.0374443364396,True,27.550119907,27.6285241123
d000220_300_038,11,yellow green,prof_geomed_srgb,42.4021369086,-17.5053913444,35.088709797,0.351369497215,0.418631265736,0.151857785916,27.8832219582,0.672541444909,0.724913451074,1.12540877628,23.3034379262,13394,6422,71.5229920181,-28.4163521473,58.8483467164,1.17797588352,9.7446909682,0.0630772050447,0.0868678650998,0.0740012777414,0.0449288283444,1.00947592717,0.0328371681804,0.0374443364396,True,27.550119907,27.6285241123
d000220_300_038,11,yellow green,prof_geomed_srgb_strict,43.4349030136,-17.7993274127,35.9910716696,0.360890835773,0.429070326458,0.154174977211,26.6890683837,1.69234598316,1.73955638742,1.06951648746,23.7429119727,13394,6422,71.5229920181,-28.4163521473,58.8483467164,1.17797588352,9.7446909682,0.0630772050447,0.0868678650998,0.0740012777414,0.0449288283444,1.00947592717,0.0328371681804,0.0374443364396,True,27.550119907,27.6285241123
d000220_300_038,12,orange yellow,core_geomed_lab,41.8352296978,5.15352722713,40.8176341747,0.486229581534,0.369170425608,0.106693406332,28.3443793205,2.62576441279,2.50214516888,1.53786265858,26.0439644385,13468,6452,70.9646413125,14.7507847582,67.2475837126,0.963635928523,7.32550782462,0.0616627319663,0.111313918758,0.0419112162006,0.0589704587538,0.553380745329,0.105089318532,0.0,True,29.124923977,29.1003068873
d000220_300_038,12,orange yellow,core_mean_srgb,41.2449110644,5.02414684891,40.2013490431,0.478766198343,0.363942725503,0.106389959015,29.0468253107,1.57909009065,1.47780672118,1.80147976988,25.5434171752,13468,6452,70.9646413125,14.7507847582,67.2475837126,0.963635928523,7.32550782462,0.0616627319663,0.111313918758,0.0419112162006,0.0589704587538,0.553380745329,0.105089318532,0.0,True,29.124923977,29.1003068873
d000220_300_038,12,orange yellow,core_medoid_de2000,41.8721123118,5.13807249945,40.9430830719,0.486639146004,0.369541606549,0.105906519823,28.2965026166,2.74931154031,2.62170046353,1.55101129836,26.0655424016,13468,6452,70.9646413125,14.7507847582,67.2475837126,0.963635928523,7.32550782462,0.0616627319663,0.111313918758,0.0419112162006,0.0589704587538,0.553380745329,0.105089318532,0.0,True,29.124923977,29.1003068873
d000220_300_038,12,orange yellow,geomed_lab_converged,41.1940563879,5.04152128838,40.2021458338,0.478317711338,0.363438818044,0.105901521197,29.1001923477,,,,,13468,6452,70.9646413125,14.7507847582,67.2475837126,0.963635928523,7.32550782462,0.0616627319663,0.111313918758,0.0419112162006,0.0589704587538,0.553380745329,0.105089318532,0.0,True,29.124923977,29.1003068873
d000220_300_038,12,orange yellow,mc_geomedian,41.1939603149,5.04151387399,40.2020315657,0.478316560066,0.363437941412,0.105901604772,29.1003068873,,,,,13468,6452,70.9646413125,14.7507847582,67.2475837126,0.963635928523,7.32550782462,0.0616627319663,0.111313918758,0.0419112162006,0.0589704587538,0.553380745329,0.105089318532,0.0,True,29.124923977,29.1003068873
d000220_300_038,12,orange yellow,mc_medoid,41.1822199004,5.01030958206,40.0970416859,0.477941543478,0.363407246277,0.106714891252,29.124923977,,,,,13468,6452,70.9646413125,14.7507847582,67.2475837126,0.963635928523,7.32550782462,0.0616627319663,0.111313918758,0.0419112162006,0.0589704587538,0.553380745329,0.105089318532,0.0,True,29.124923977,29.1003068873
d000220_300_038,12,orange yellow,mean_lab,39.8122292137,4.86429298651,38.8504538787,0.461663380272,0.350999044735,0.104407038272,30.7494503231,,,,,13468,6452,70.9646413125,14.7507847582,67.2475837126,0.963635928523,7.32550782462,0.0616627319663,0.111313918758,0.0419112162006,0.0589704587538,0.553380745329,0.105089318532,0.0,True,29.124923977,29.1003068873
d000220_300_038,12,orange yellow,median_lab,41.2442042688,4.99604618691,40.2290063116,0.478628872205,0.364010208419,0.106128917359,29.0484963452,,,,,13468,6452,70.9646413125,14.7507847582,67.2475837126,0.963635928523,7.32550782462,0.0616627319663,0.111313918758,0.0419112162006,0.0589704587538,0.553380745329,0.105089318532,0.0,True,29.124923977,29.1003068873
d000220_300_038,12,orange yellow,medoid_5000px,41.1822199004,5.01030958206,40.0970416859,0.477941543478,0.363407246277,0.106714891252,29.124923977,,,,,13468,6452,70.9646413125,14.7507847582,67.2475837126,0.963635928523,7.32550782462,0.0616627319663,0.111313918758,0.0419112162006,0.0589704587538,0.553380745329,0.105089318532,0.0,True,29.124923977,29.1003068873
d000220_300_038,12,orange yellow,prof_geomed_srgb,41.2845429262,4.89077660942,40.2054723997,0.478477149615,0.364614328222,0.10667582208,29.018353554,1.75257683001,1.67140043867,1.70855299684,25.4700268887,13468,6452,70.9646413125,14.7507847582,67.2475837126,0.963635928523,7.32550782462,0.0616627319663,0.111313918758,0.0419112162006,0.0589704587538,0.553380745329,0.105089318532,0.0,True,29.124923977,29.1003068873
d000220_300_038,12,orange yellow,prof_geomed_srgb_strict,41.8271489294,5.14045007042,40.8254201421,0.486081113979,0.369109069433,0.106527435002,28.3539310732,2.56898749849,2.44444346899,1.50632986707,25.9566542608,13468,6452,70.9646413125,14.7507847582,67.2475837126,0.963635928523,7.32550782462,0.0616627319663,0.111313918758,0.0419112162006,0.0589704587538,0.553380745329,0.105089318532,0.0,True,29.124923977,29.1003068873
d000220_300_038,13,blue,core_geomed_lab,11.1248331397,23.1213724389,-34.2575779254,0.111554291441,0.0765121139232,0.303719797683,15.1526298309,1.47769300588,1.39770855351,2.53825715842,9.29444226585,9504,4632,29.1495129498,21.6670229957,-48.7421271756,0.998547588655,10.5935735026,0.0942180459667,0.161967242195,0.0239785557794,0.0445351030798,0.905326377515,0.0282234553855,0.0271995732186,True,15.4883952641,15.4649331347
d000220_300_038,13,blue,core_mean_srgb,10.8881128427,21.5540316429,-32.3510121156,0.110577130996,0.0783456064361,0.290712401302,15.4831443189,2.75294068248,2.46309236014,2.70337248797,9.2216350646,9504,4632,29.1495129498,21.6670229957,-48.7421271756,0.998547588655,10.5935735026,0.0942180459667,0.161967242195,0.0239785557794,0.0445351030798,0.905326377515,0.0282234553855,0.0271995732186,True,15.4883952641,15.4649331347
d000220_300_038,13,blue,core_medoid_de2000,11.061129901,23.1630020713,-34.2811869117,0.111064734273,0.0758825536384,0.303258498806,15.1890974462,1.17850633683,1.22128520125,2.60464052262,9.21015738075,9504,4632,29.1495129498,21.6670229957,-48.7421271756,0.998547588655,10.5935735026,0.0942180459667,0.161967242195,0.0239785557794,0.0445351030798,0.905326377515,0.0282234553855,0.0271995732186,True,15.4883952641,15.4649331347
d000220_300_038,13,blue,geomed_lab_converged,10.8804823398,21.8355128113,-32.6375690543,0.110691604083,0.0775862857506,0.292263145513,15.4648921841,,,,,9504,4632,29.1495129498,21.6670229957,-48.7421271756,0.998547588655,10.5935735026,0.0942180459667,0.161967242195,0.0239785557794,0.0445351030798,0.905326377515,0.0282234553855,0.0271995732186,True,15.4883952641,15.4649331347
d000220_300_038,13,blue,mc_geomedian,10.880446871,21.8353529718,-32.6373743165,0.11069138371,0.0775863787743,0.292261715412,15.4649331347,,,,,9504,4632,29.1495129498,21.6670229957,-48.7421271756,0.998547588655,10.5935735026,0.0942180459667,0.161967242195,0.0239785557794,0.0445351030798,0.905326377515,0.0282234553855,0.0271995732186,True,15.4883952641,15.4649331347
d000220_300_038,13,blue,mc_medoid,10.8473688325,21.832397775,-32.6151605962,0.110499437862,0.0773173086601,0.291829486614,15.4883952641,,,,,9504,4632,29.1495129498,21.6670229957,-48.7421271756,0.998547588655,10.5935735026,0.0942180459667,0.161967242195,0.0239785557794,0.0445351030798,0.905326377515,0.0282234553855,0.0271995732186,True,15.4883952641,15.4649331347
d000220_300_038,13,blue,mean_lab,10.7070685911,19.4204844746,-29.3766708157,0.112771632188,0.0814105659181,0.272333709017,16.0627917146,,,,,9504,4632,29.1495129498,21.6670229957,-48.7421271756,0.998547588655,10.5935735026,0.0942180459667,0.161967242195,0.0239785557794,0.0445351030798,0.905326377515,0.0282234553855,0.0271995732186,True,15.4883952641,15.4649331347
d000220_300_038,13,blue,median_lab,10.8689944421,21.8018521356,-32.6747001979,0.110020549495,0.0776404369731,0.292362927281,15.4499160833,,,,,9504,4632,29.1495129498,21.6670229957,-48.7421271756,0.998547588655,10.5935735026,0.0942180459667,0.161967242195,0.0239785557794,0.0445351030798,0.905326377515,0.0282234553855,0.0271995732186,True,15.4883952641,15.4649331347
d000220_300_038,13,blue,medoid_5000px,10.8475290369,21.8839666616,-32.6742932678,0.110484202033,0.0771952206136,0.29216518497,15.4821856674,,,,,9504,4632,29.1495129498,21.6670229957,-48.7421271756,0.998547588655,10.5935735026,0.0942180459667,0.161967242195,0.0239785557794,0.0445351030798,0.905326377515,0.0282234553855,0.0271995732186,True,15.4883952641,15.4649331347
d000220_300_038,13,blue,prof_geomed_srgb,10.8604570243,21.5332097213,-32.3021716932,0.110490577554,0.0781567101549,0.290180819409,15.5081177985,3.07338756781,2.92086071006,3.25253363528,9.34133279917,9504,4632,29.1495129498,21.6670229957,-48.7421271756,0.998547588655,10.5935735026,0.0942180459667,0.161967242195,0.0239785557794,0.0445351030798,0.905326377515,0.0282234553855,0.0271995732186,True,15.4883952641,15.4649331347
d000220_300_038,13,blue,prof_geomed_srgb_strict,11.0825051309,23.1944096536,-34.3087148555,0.111326450936,0.0759664923098,0.303614750729,15.1776485102,1.35964770349,1.279164192,2.50556771034,9.28495930729,9504,4632,29.1495129498,21.6670229957,-48.7421271756,0.998547588655,10.5935735026,0.0942180459667,0.161967242195,0.0239785557794,0.0445351030798,0.905326377515,0.0282234553855,0.0271995732186,True,15.4883952641,15.4649331347
d000220_300_038,14,green,core_geomed_lab,34.999876128,-23.0051934143,21.1619550257,0.212200158448,0.357362006632,0.185354354503,19.9176986813,1.27825342939,1.42179618819,2.28619887323,18.3478036358,9666,4722,54.3538637158,-42.6786194261,32.8714488287,1.76359064608,12.4247303602,0.147588070878,0.276281394955,0.0539774285322,0.0554449464717,0.818962471746,0.495005125738,0.0358690435977,True,21.2109179851,21.2600665027
d000220_300_038,14,green,core_mean_srgb,33.5838350513,-21.8442596961,20.0702210527,0.206031243122,0.342425231843,0.180475738947,21.1987253079,0.675618106343,0.494968717636,2.45344707901,18.1244316617,9666,4722,54.3538637158,-42.6786194261,32.8714488287,1.76359064608,12.4247303602,0.147588070878,0.276281394955,0.0539774285322,0.0554449464717,0.818962471746,0.495005125738,0.0358690435977,True,21.2109179851,21.2600665027
d000220_300_038,14,green,core_medoid_de2000,35.0100813761,-22.9145371432,21.0681219193,0.212818664615,0.357343647307,0.186088519123,19.9300775801,1.27835909592,1.44670733015,2.29569383237,18.3214935853,9666,4722,54.3538637158,-42.6786194261,32.8714488287,1.76359064608,12.4247303602,0.147588070878,0.276281394955,0.0539774285322,0.0554449464717,0.818962471746,0.495005125738,0.0358690435977,True,21.2109179851,21.2600665027
d000220_300_038,14,green,geomed_lab_converged,33.5098573579,-21.8498437696,19.9273365499,0.204915856287,0.341759454016,0.180782776571,21.2598942308,,,,,9666,4722,54.3538637158,-42.6786194261,32.8714488287,1.76359064608,12.4247303602,0.147588070878,0.276281394955,0.0539774285322,0.0554449464717,0.818962471746,0.495005125738,0.0358690435977,True,21.2109179851,21.2600665027
d000220_300_038,14,green,mc_geomedian,33.5096684161,-21.8496782641,19.9271816332,0.20491509758,0.341757456132,0.180782187628,21.2600665027,,,,,9666,4722,54.3538637158,-42.6786194261,32.8714488287,1.76359064608,12.4247303602,0.147588070878,0.276281394955,0.0539774285322,0.0554449464717,0.818962471746,0.495005125738,0.0358690435977,True,21.2109179851,21.2600665027
d000220_300_038,14,green,mc_medoid,33.566258662,-21.8805096764,19.9828666294,0.205326485729,0.342328496426,0.180900195227,21.2109179851,,,,,9666,4722,54.3538637158,-42.6786194261,32.8714488287,1.76359064608,12.4247303602,0.147588070878,0.276281394955,0.0539774285322,0.0554449464717,0.818962471746,0.495005125738,0.0358690435977,True,21.2109179851,21.2600665027
d000220_300_038,14,green,mean_lab,31.4535633841,-20.0418631672,18.4918471819,0.197330218564,0.320087760588,0.172722487349,23.1063189476,,,,,9666,4722,54.3538637158,-42.6786194261,32.8714488287,1.76359064608,12.4247303602,0.147588070878,0.276281394955,0.0539774285322,0.0554449464717,0.818962471746,0.495005125738,0.0358690435977,True,21.2109179851,21.2600665027
d000220_300_038,14,green,median_lab,33.5667808144,-21.8624366826,19.8089852269,0.20500967082,0.342329942411,0.18205860002,21.2248136716,,,,,9666,4722,54.3538637158,-42.6786194261,32.8714488287,1.76359064608,12.4247303602,0.147588070878,0.276281394955,0.0539774285322,0.0554449464717,0.818962471746,0.495005125738,0.0358690435977,True,21.2109179851,21.2600665027
d000220_300_038,14,green,medoid_5000px,33.5714990495,-21.8390994705,19.9147468702,0.205540119187,0.342328497059,0.181403731442,21.2183024468,,,,,9666,4722,54.3538637158,-42.6786194261,32.8714488287,1.76359064608,12.4247303602,0.147588070878,0.276281394955,0.0539774285322,0.0554449464717,0.818962471746,0.495005125738,0.0358690435977,True,21.2109179851,21.2600665027
d000220_300_038,14,green,prof_geomed_srgb,34.0923791142,-22.3702194688,20.391342921,0.207125963226,0.347936217288,0.182681010147,20.7269677092,0.353708901259,0.637929825254,2.4076295671,18.1204996598,9666,4722,54.3538637158,-42.6786194261,32.8714488287,1.76359064608,12.4247303602,0.147588070878,0.276281394955,0.0539774285322,0.0554449464717,0.818962471746,0.495005125738,0.0358690435977,True,21.2109179851,21.2600665027
d000220_300_038,14,green,prof_geomed_srgb_strict,34.9544159872,-23.0085038774,21.1357513291,0.211676264251,0.356929025723,0.185126971956,19.9520358931,1.25817693529,1.38921199069,2.29360962664,18.3899076247,9666,4722,54.3538637158,-42.6786194261,32.8714488287,1.76359064608,12.4247303602,0.147588070878,0.276281394955,0.0539774285322,0.0554449464717,0.818962471746,0.495005125738,0.0358690435977,True,21.2109179851,21.2600665027
d000220_300_038,15,red,core_geomed_lab,26.3990877395,29.6959241509,18.9399547151,0.424153455471,0.159468914432,0.137989182808,14.5829561602,0.917812824849,0.843530974952,1.28591392884,14.203879916,8532,4128,41.8159677202,50.323734474,27.3622600889,0.830292256934,7.77679388283,0.0606201175033,0.144551248039,0.0829013944989,0.0201357573335,0.581174656038,0.330911543847,0.123445423621,True,15.0150377417,15.070830295
d000220_300_038,15,red,core_mean_srgb,25.4844836826,28.5534016433,18.0060642996,0.408635630526,0.155809854105,0.135796571215,15.4111315798,1.51850505326,1.47094574093,1.38713508229,13.9557961894,8532,4128,41.8159677202,50.323734474,27.3622600889,0.830292256934,7.77679388283,0.0606201175033,0.144551248039,0.0829013944989,0.0201357573335,0.581174656038,0.330911543847,0.123445423621,True,15.0150377417,15.070830295
d000220_300_038,15,red,core_medoid_de2000,26.3971806291,29.7418769484,18.9597816822,0.424352269429,0.15925956465,0.137867052399,14.5742256606,0.925477251358,0.851130342572,1.26745686845,14.0807381647,8532,4128,41.8159677202,50.323734474,27.3622600889,0.830292256934,7.77679388283,0.0606201175033,0.144551248039,0.0829013944989,0.0201357573335,0.581174656038,0.330911543847,0.123445423621,True,15.0150377417,15.070830295
d000220_300_038,15,red,geomed_lab_converged,25.847937808,29.0558208503,18.4036531736,0.415027179473,0.157076839505,0.136524737358,15.0706929573,,,,,8532,4128,41.8159677202,50.323734474,27.3622600889,0.830292256934,7.77679388283,0.0606201175033,0.144551248039,0.0829013944989,0.0201357573335,0.581174656038,0.330911543847,0.123445423621,True,15.0150377417,15.070830295
d000220_300_038,15,red,mc_geomedian,25.8477820247,29.0556417691,18.4035342528,0.415024638382,0.157076148526,0.13652412843,15.070830295,,,,,8532,4128,41.8159677202,50.323734474,27.3622600889,0.830292256934,7.77679388283,0.0606201175033,0.144551248039,0.0829013944989,0.0201357573335,0.581174656038,0.330911543847,0.123445423621,True,15.0150377417,15.070830295
d000220_300_038,15,red,mc_medoid,25.8746388073,29.2351048066,18.4533453969,0.416142947574,0.156588875149,0.136493705462,15.0150377417,,,,,8532,4128,41.8159677202,50.323734474,27.3622600889,0.830292256934,7.77679388283,0.0606201175033,0.144551248039,0.0829013944989,0.0201357573335,0.581174656038,0.330911543847,0.123445423621,True,15.0150377417,15.070830295
d000220_300_038,15,red,mean_lab,24.7874088328,27.6069904844,17.3399677934,0.396564941411,0.153313942101,0.133832725775,16.0611363207,,,,,8532,4128,41.8159677202,50.323734474,27.3622600889,0.830292256934,7.77679388283,0.0606201175033,0.144551248039,0.0829013944989,0.0201357573335,0.581174656038,0.330911543847,0.123445423621,True,15.0150377417,15.070830295
d000220_300_038,15,red,median_lab,25.8750257264,29.0664543629,18.337216248,0.415308424094,0.157297327514,0.137145661086,15.052193316,,,,,8532,4128,41.8159677202,50.323734474,27.3622600889,0.830292256934,7.77679388283,0.0606201175033,0.144551248039,0.0829013944989,0.0201357573335,0.581174656038,0.330911543847,0.123445423621,True,15.0150377417,15.070830295
d000220_300_038,15,red,medoid_5000px,25.7446844146,29.0589829582,18.3854446081,0.413930395851,0.156115734561,0.135791787523,15.1348849129,,,,,8532,4128,41.8159677202,50.323734474,27.3622600889,0.830292256934,7.77679388283,0.0606201175033,0.144551248039,0.0829013944989,0.0201357573335,0.581174656038,0.330911543847,0.123445423621,True,15.0150377417,15.070830295
d000220_300_038,15,red,prof_geomed_srgb,25.7601369767,29.1150487398,18.3477331248,0.414312962539,0.156023498894,0.136156252384,15.1136809308,0.82786937835,0.780968108885,1.33462901045,13.9892604922,8532,4128,41.8159677202,50.323734474,27.3622600889,0.830292256934,7.77679388283,0.0606201175033,0.144551248039,0.0829013944989,0.0201357573335,0.581174656038,0.330911543847,0.123445423621,True,15.0150377417,15.070830295
d000220_300_038,15,red,prof_geomed_srgb_strict,26.3907323265,29.6929964251,18.9516661865,0.424061742836,0.159384632085,0.13784793348,14.5888481108,0.869117934136,0.792175366139,1.29362687704,14.1605441379,8532,4128,41.8159677202,50.323734474,27.3622600889,0.830292256934,7.77679388283,0.0606201175033,0.144551248039,0.0829013944989,0.0201357573335,0.581174656038,0.330911543847,0.123445423621,True,15.0150377417,15.070830295
d000220_300_038,16,yellow,core_geomed_lab,54.5346400874,-3.87991651632,50.7920898102,0.580786484752,0.511156218827,0.136729613742,22.629426059,1.25849158569,1.3050766338,2.19876039153,21.6935580054,9234,4498,81.2952417117,-1.87406763019,80.91564034,1.87936503333,15.2475784313,0.111892160043,0.205908889557,0.137533055925,0.011453412408,1.41173839673,0.0150616756401,0.196667132335,True,23.7131298841,23.8455787943
d000220_300_038,16,yellow,core_mean_srgb,53.1998830193,-3.82808376666,49.4987389351,0.565353902278,0.497854909906,0.13557838393,23.9248810049,1.02427963406,0.729028617732,2.97453887262,21.1709613251,9234,4498,81.2952417117,-1.87406763019,80.91564034,1.87936503333,15.2475784313,0.111892160043,0.205908889557,0.137533055925,0.011453412408,1.41173839673,0.0150616756401,0.196667132335,True,23.7131298841,23.8455787943
d000220_300_038,16,yellow,core_medoid_de2000,54.5245392812,-3.87347411336,50.8049058575,0.580726011748,0.511040766812,0.136490335049,22.6364550057,1.3331686967,1.40473897859,2.31006005471,21.7163044115,9234,4498,81.2952417117,-1.87406763019,80.91564034,1.87936503333,15.2475784313,0.111892160043,0.205908889557,0.137533055925,0.011453412408,1.41173839673,0.0150616756401,0.196667132335,True,23.7131298841,23.8455787943
d000220_300_038,16,yellow,geomed_lab_converged,53.2912707973,-3.70523623094,49.4181530631,0.567000088988,0.498530086322,0.137450339758,23.8454276933,,,,,9234,4498,81.2952417117,-1.87406763019,80.91564034,1.87936503333,15.2475784313,0.111892160043,0.205908889557,0.137533055925,0.011453412408,1.41173839673,0.0150616756401,0.196667132335,True,23.7131298841,23.8455787943
d000220_300_038,16,yellow,mc_geomedian,53.2911177865,-3.70522597527,49.4179882588,0.566998333136,0.498528559121,0.137450370936,23.8455787943,,,,,9234,4498,81.2952417117,-1.87406763019,80.91564034,1.87936503333,15.2475784313,0.111892160043,0.205908889557,0.137533055925,0.011453412408,1.41173839673,0.0150616756401,0.196667132335,True,23.7131298841,23.8455787943
d000220_300_038,16,yellow,mc_medoid,53.4212168615,-3.68457571343,49.5810522221,0.568686697437,0.499764036355,0.137206815057,23.7131298841,,,,,9234,4498,81.2952417117,-1.87406763019,80.91564034,1.87936503333,15.2475784313,0.111892160043,0.205908889557,0.137533055925,0.011453412408,1.41173839673,0.0150616756401,0.196667132335,True,23.7131298841,23.8455787943
d000220_300_038,16,yellow,mean_lab,50.8687347942,-3.58972020358,47.0534583934,0.539267901043,0.474532795848,0.135344210405,26.2522328302,,,,,9234,4498,81.2952417117,-1.87406763019,80.91564034,1.87936503333,15.2475784313,0.111892160043,0.205908889557,0.137533055925,0.011453412408,1.41173839673,0.0150616756401,0.196667132335,True,23.7131298841,23.8455787943
d000220_300_038,16,yellow,median_lab,53.3919412457,-3.67360093438,49.3670195066,0.5682358998,0.499469394556,0.139055592587,23.7604160517,,,,,9234,4498,81.2952417117,-1.87406763019,80.91564034,1.87936503333,15.2475784313,0.111892160043,0.205908889557,0.137533055925,0.011453412408,1.41173839673,0.0150616756401,0.196667132335,True,23.7131298841,23.8455787943
d000220_300_038,16,yellow,medoid_5000px,53.2311582892,-3.71090914768,49.3782847013,0.566275782216,0.497948150436,0.137206715071,23.9027999268,,,,,9234,4498,81.2952417117,-1.87406763019,80.91564034,1.87936503333,15.2475784313,0.111892160043,0.205908889557,0.137533055925,0.011453412408,1.41173839673,0.0150616756401,0.196667132335,True,23.7131298841,23.8455787943
d000220_300_038,16,yellow,prof_geomed_srgb,53.2031903959,-3.85002610238,49.510297935,0.565270466163,0.497932402533,0.135484855421,23.9221129028,0.392119346795,0.830658894001,2.42676227264,21.0558764304,9234,4498,81.2952417117,-1.87406763019,80.91564034,1.87936503333,15.2475784313,0.111892160043,0.205908889557,0.137533055925,0.011453412408,1.41173839673,0.0150616756401,0.196667132335,True,23.7131298841,23.8455787943
d000220_300_038,16,yellow,prof_geomed_srgb_strict,54.5990786749,-3.89077260458,50.9129614113,0.581538838121,0.511795332959,0.136157919485,22.5619950362,1.33870502765,1.37898640253,2.1525425091,21.5846707955,9234,4498,81.2952417117,-1.87406763019,80.91564034,1.87936503333,15.2475784313,0.111892160043,0.205908889557,0.137533055925,0.011453412408,1.41173839673,0.0150616756401,0.196667132335,True,23.7131298841,23.8455787943
d000220_300_038,17,magenta,core_geomed_lab,30.6752089898,34.4934048826,-7.18930442641,0.457382502373,0.18825932061,0.330381310872,18.6830295692,0.644815747824,0.75575898189,1.59411212729,16.4703787017,9774,4766,50.4032815274,52.48562976,-14.8215971057,1.11823068592,9.89471541377,0.0707434722526,0.204020584459,0.0773369994815,0.0457485601922,0.705821773626,0.0096991341429,0.0798251338882,True,19.3761652326,19.4403439267
d000220_300_038,17,magenta,core_mean_srgb,29.9548728738,33.5962868278,-7.00608125173,0.445848721621,0.185049638725,0.322483829391,19.3135662825,0.212463412882,0.113702464092,1.43801104832,16.1478440284,9774,4766,50.4032815274,52.48562976,-14.8215971057,1.11823068592,9.89471541377,0.0707434722526,0.204020584459,0.0773369994815,0.0457485601922,0.705821773626,0.0096991341429,0.0798251338882,True,19.3761652326,19.4403439267
d000220_300_038,17,magenta,core_medoid_de2000,30.6434896776,34.5428235587,-7.25441786251,0.457176291187,0.187777057977,0.330481218242,18.6949641925,0.616825435483,0.717498382699,1.60403048305,16.4052375871,9774,4766,50.4032815274,52.48562976,-14.8215971057,1.11823068592,9.89471541377,0.0707434722526,0.204020584459,0.0773369994815,0.0457485601922,0.705821773626,0.0096991341429,0.0798251338882,True,19.3761652326,19.4403439267
d000220_300_038,17,magenta,geomed_lab_converged,29.7992693235,33.481575623,-6.96246486691,0.443763318582,0.184043537786,0.320769724721,19.4402457752,,,,,9774,4766,50.4032815274,52.48562976,-14.8215971057,1.11823068592,9.89471541377,0.0707434722526,0.204020584459,0.0773369994815,0.0457485601922,0.705821773626,0.0096991341429,0.0798251338882,True,19.3761652326,19.4403439267
d000220_300_038,17,magenta,mc_geomedian,29.7991537779,33.4814493794,-6.96244283269,0.443761547564,0.184042954908,0.320768507856,19.4403439267,,,,,9774,4766,50.4032815274,52.48562976,-14.8215971057,1.11823068592,9.89471541377,0.0707434722526,0.204020584459,0.0773369994815,0.0457485601922,0.705821773626,0.0096991341429,0.0798251338882,True,19.3761652326,19.4403439267
d000220_300_038,17,magenta,mc_medoid,29.866543257,33.6219449354,-6.96104592114,0.445152164193,0.184099197143,0.321402081905,19.3761652326,,,,,9774,4766,50.4032815274,52.48562976,-14.8215971057,1.11823068592,9.89471541377,0.0707434722526,0.204020584459,0.0773369994815,0.0457485601922,0.705821773626,0.0096991341429,0.0798251338882,True,19.3761652326,19.4403439267
d000220_300_038,17,magenta,mean_lab,28.2001467268,31.298780908,-6.45543190519,0.417607473764,0.177633876433,0.302759516742,20.8643585297,,,,,9774,4766,50.4032815274,52.48562976,-14.8215971057,1.11823068592,9.89471541377,0.0707434722526,0.204020584459,0.0773369994815,0.0457485601922,0.705821773626,0.0096991341429,0.0798251338882,True,19.3761652326,19.4403439267
d000220_300_038,17,magenta,median_lab,29.812211021,33.5152223996,-6.8235384443,0.444324263714,0.183965911566,0.320067982599,19.4379567491,,,,,9774,4766,50.4032815274,52.48562976,-14.8215971057,1.11823068592,9.89471541377,0.0707434722526,0.204020584459,0.0773369994815,0.0457485601922,0.705821773626,0.0096991341429,0.0798251338882,True,19.3761652326,19.4403439267
d000220_300_038,17,magenta,medoid_5000px,29.7989231415,33.4894906271,-6.99733834155,0.443733083097,0.184022825489,0.320974828564,19.4368614143,,,,,9774,4766,50.4032815274,52.48562976,-14.8215971057,1.11823068592,9.89471541377,0.0707434722526,0.204020584459,0.0773369994815,0.0457485601922,0.705821773626,0.0096991341429,0.0798251338882,True,19.3761652326,19.4403439267
d000220_300_038,17,magenta,prof_geomed_srgb,29.9534999795,33.6202020698,-7.01033351601,0.445944914931,0.184939345388,0.322499427787,19.3113318224,0.281300890155,0.130926812157,1.53690751077,16.1455918667,9774,4766,50.4032815274,52.48562976,-14.8215971057,1.11823068592,9.89471541377,0.0707434722526,0.204020584459,0.0773369994815,0.0457485601922,0.705821773626,0.0096991341429,0.0798251338882,True,19.3761652326,19.4403439267
d000220_300_038,17,magenta,prof_geomed_srgb_strict,30.7178608965,34.5678049582,-7.22702808878,0.458120950745,0.188355689621,0.331011793806,18.6411069822,0.725804132544,0.833278776531,1.6116074313,16.4374238241,9774,4766,50.4032815274,52.48562976,-14.8215971057,1.11823068592,9.89471541377,0.0707434722526,0.204020584459,0.0773369994815,0.0457485601922,0.705821773626,0.0096991341429,0.0798251338882,True,19.3761652326,19.4403439267
d000220_300_038,18,cyan,core_geomed_lab,29.3365121103,-4.94303720635,-17.6905352577,0.146084193646,0.285043212107,0.377261483896,21.9926987468,3.82992764679,3.91961795541,1.33842597817,16.3684910183,9828,4796,50.0976007177,-24.9810885068,-27.5185652256,1.02075967586,8.46193689096,0.0974708858656,0.167118377783,0.0788209032426,0.10285130984,0.0595508466865,0.497489048761,0.0514117262805,False,22.6976564813,22.6310040299
d000220_300_038,18,cyan,core_mean_srgb,28.7686387379,-4.81021671624,-17.2689196621,0.145422738857,0.279534746823,0.369294963193,22.4359873748,3.7879124601,3.96549378369,1.18178847409,16.0404321825,9828,4796,50.0976007177,-24.9810885068,-27.5185652256,1.02075967586,8.46193689096,0.0974708858656,0.167118377783,0.0788209032426,0.10285130984,0.0595508466865,0.497489048761,0.0514117262805,False,22.6976564813,22.6310040299
d000220_300_038,18,cyan,core_medoid_de2000,29.3432657887,-4.86393836713,-17.5492346974,0.148267900708,0.284921067491,0.376472446666,22.0361632979,4.0206900795,3.89640910492,1.06270250107,16.3628155011,9828,4796,50.0976007177,-24.9810885068,-27.5185652256,1.02075967586,8.46193689096,0.0974708858656,0.167118377783,0.0788209032426,0.10285130984,0.0595508466865,0.497489048761,0.0514117262805,False,22.6976564813,22.6310040299
d000220_300_038,18,cyan,geomed_lab_converged,28.5687349788,-4.67038033962,-17.2131729069,0.145528105635,0.27747692889,0.367067560304,22.6308664489,,,,,9828,4796,50.0976007177,-24.9810885068,-27.5185652256,1.02075967586,8.46193689096,0.0974708858656,0.167118377783,0.0788209032426,0.10285130984,0.0595508466865,0.497489048761,0.0514117262805,False,22.6976564813,22.6310040299
d000220_300_038,18,cyan,mc_geomedian,28.5685705384,-4.67031964744,-17.2130739712,0.145527974663,0.277475309047,0.367065402366,22.6310040299,,,,,9828,4796,50.0976007177,-24.9810885068,-27.5185652256,1.02075967586,8.46193689096,0.0974708858656,0.167118377783,0.0788209032426,0.10285130984,0.0595508466865,0.497489048761,0.0514117262805,False,22.6976564813,22.6310040299
d000220_300_038,18,cyan,mc_medoid,28.5058288349,-4.62569749783,-17.1232148589,0.146146381951,0.276803189497,0.365928419114,22.6976564813,,,,,9828,4796,50.0976007177,-24.9810885068,-27.5185652256,1.02075967586,8.46193689096,0.0974708858656,0.167118377783,0.0788209032426,0.10285130984,0.0595508466865,0.497489048761,0.0514117262805,False,22.6976564813,22.6310040299
d000220_300_038,18,cyan,mean_lab,27.0947141676,-4.27401517398,-15.9977299585,0.145005815139,0.263164322055,0.345831692547,23.8163862653,,,,,9828,4796,50.0976007177,-24.9810885068,-27.5185652256,1.02075967586,8.46193689096,0.0974708858656,0.167118377783,0.0788209032426,0.10285130984,0.0595508466865,0.497489048761,0.0514117262805,False,22.6976564813,22.6310040299
d000220_300_038,18,cyan,median_lab,28.6232674528,-4.56373257372,-17.2380669553,0.147110457101,0.277793390597,0.367744354022,22.6481480178,,,,,9828,4796,50.0976007177,-24.9810885068,-27.5185652256,1.02075967586,8.46193689096,0.0974708858656,0.167118377783,0.0788209032426,0.10285130984,0.0595508466865,0.497489048761,0.0514117262805,False,22.6976564813,22.6310040299
d000220_300_038,18,cyan,medoid_5000px,28.5344361149,-4.59026203742,-17.1736965363,0.146436317081,0.277016817025,0.366508262369,22.6940005473,,,,,9828,4796,50.0976007177,-24.9810885068,-27.5185652256,1.02075967586,8.46193689096,0.0974708858656,0.167118377783,0.0788209032426,0.10285130984,0.0595508466865,0.497489048761,0.0514117262805,False,22.6976564813,22.6310040299
d000220_300_038,18,cyan,prof_geomed_srgb,29.3341477079,-4.91279842425,-17.7029152802,0.146307909758,0.284969326972,0.377314455537,22.0079718266,3.85065436624,3.94965324358,1.32748219202,16.2255328753,9828,4796,50.0976007177,-24.9810885068,-27.5185652256,1.02075967586,8.46193689096,0.0974708858656,0.167118377783,0.0788209032426,0.10285130984,0.0595508466865,0.497489048761,0.0514117262805,False,22.6976564813,22.6310040299
d000220_300_038,18,cyan,prof_geomed_srgb_strict,29.3980239224,-4.94212461089,-17.7424358281,0.146271400256,0.285611645325,0.378163094789,21.9516727451,3.82494071736,3.90788255978,1.33310867536,16.4376677049,9828,4796,50.0976007177,-24.9810885068,-27.5185652256,1.02075967586,8.46193689096,0.0974708858656,0.167118377783,0.0788209032426,0.10285130984,0.0595508466865,0.497489048761,0.0514117262805,False,22.6976564813,22.6310040299
d000220_300_038,19,white 9.5 (.05 D),core_geomed_lab,65.6669085468,2.75860115874,5.99668878641,0.663348231717,0.617570054271,0.584050767675,21.2500440162,1.05613846187,1.00171210187,1.6794978512,19.7429803988,4224,2092,95.1674415299,-1.29945577469,2.91936760367,1.43826903823,17.2037050221,0.12577704194,0.242544227712,0.108013351663,0.0572352900014,0.314538259479,0.514315069088,0.0766023892756,True,22.2635184172,22.3074953145
d000220_300_038,19,white 9.5 (.05 D),core_mean_srgb,64.7961387741,2.79879336734,5.62811650084,0.653421894012,0.608519742125,0.577663643892,21.9029320139,0.336197607298,0.244024688459,1.61930662335,19.4776262676,4224,2092,95.1674415299,-1.29945577469,2.91936760367,1.43826903823,17.2037050221,0.12577704194,0.242544227712,0.108013351663,0.0572352900014,0.314538259479,0.514315069088,0.0766023892756,True,22.2635184172,22.3074953145
d000220_300_038,19,white 9.5 (.05 D),core_medoid_de2000,65.6143954741,2.75761295255,6.04286716959,0.66291569919,0.61701498615,0.58318922363,21.2933682806,1.02345905123,0.963342236019,1.67694004538,19.7090799036,4224,2092,95.1674415299,-1.29945577469,2.91936760367,1.43826903823,17.2037050221,0.12577704194,0.242544227712,0.108013351663,0.0572352900014,0.314538259479,0.514315069088,0.0766023892756,True,22.2635184172,22.3074953145
d000220_300_038,19,white 9.5 (.05 D),geomed_lab_converged,64.2403128207,2.73425196396,5.56724338134,0.646959951633,0.602944194358,0.572379552003,22.3073402422,,,,,4224,2092,95.1674415299,-1.29945577469,2.91936760367,1.43826903823,17.2037050221,0.12577704194,0.242544227712,0.108013351663,0.0572352900014,0.314538259479,0.514315069088,0.0766023892756,True,22.2635184172,22.3074953145
d000220_300_038,19,white 9.5 (.05 D),mc_geomedian,64.2401098258,2.73425447227,5.56719090172,0.646957690485,0.60294210196,0.572377835283,22.3074953145,,,,,4224,2092,95.1674415299,-1.29945577469,2.91936760367,1.43826903823,17.2037050221,0.12577704194,0.242544227712,0.108013351663,0.0572352900014,0.314538259479,0.514315069088,0.0766023892756,True,22.2635184172,22.3074953145
d000220_300_038,19,white 9.5 (.05 D),mc_medoid,64.3137930088,2.78532928594,5.51091125492,0.647931354455,0.603601939471,0.573530148917,22.2635184172,,,,,4224,2092,95.1674415299,-1.29945577469,2.91936760367,1.43826903823,17.2037050221,0.12577704194,0.242544227712,0.108013351663,0.0572352900014,0.314538259479,0.514315069088,0.0766023892756,True,22.2635184172,22.3074953145
d000220_300_038,19,white 9.5 (.05 D),mean_lab,61.6849533169,2.76437061932,5.29168509195,0.61966822893,0.576616747673,0.548196450797,24.3196489244,,,,,4224,2092,95.1674415299,-1.29945577469,2.91936760367,1.43826903823,17.2037050221,0.12577704194,0.242544227712,0.108013351663,0.0572352900014,0.314538259479,0.514315069088,0.0766023892756,True,22.2635184172,22.3074953145
d000220_300_038,19,white 9.5 (.05 D),median_lab,64.2641832746,2.75132005093,5.48737222623,0.647106789238,0.603172446778,0.573179803798,22.2892764661,,,,,4224,2092,95.1674415299,-1.29945577469,2.91936760367,1.43826903823,17.2037050221,0.12577704194,0.242544227712,0.108013351663,0.0572352900014,0.314538259479,0.514315069088,0.0766023892756,True,22.2635184172,22.3074953145
d000220_300_038,19,white 9.5 (.05 D),medoid_5000px,64.3092589674,2.75680989732,5.58292304948,0.647885567148,0.603601942467,0.572980827732,22.2622571601,,,,,4224,2092,95.1674415299,-1.29945577469,2.91936760367,1.43826903823,17.2037050221,0.12577704194,0.242544227712,0.108013351663,0.0572352900014,0.314538259479,0.514315069088,0.0766023892756,True,22.2635184172,22.3074953145
d000220_300_038,19,white 9.5 (.05 D),prof_geomed_srgb,65.3899216632,2.77139445014,5.81212484942,0.659998474098,0.614694438087,0.582482642863,21.4512912001,0.679245062182,0.630476959193,1.6490029377,19.4589391243,4224,2092,95.1674415299,-1.29945577469,2.91936760367,1.43826903823,17.2037050221,0.12577704194,0.242544227712,0.108013351663,0.0572352900014,0.314538259479,0.514315069088,0.0766023892756,True,22.2635184172,22.3074953145
d000220_300_038,19,white 9.5 (.05 D),prof_geomed_srgb_strict,65.703923615,2.76060047936,6.03038199884,0.66384400832,0.617925071892,0.584192753497,21.2252926657,1.1133240916,1.05517077504,1.68448902328,19.7878888227,4224,2092,95.1674415299,-1.29945577469,2.91936760367,1.43826903823,17.2037050221,0.12577704194,0.242544227712,0.108013351663,0.0572352900014,0.314538259479,0.514315069088,0.0766023892756,True,22.2635184172,22.3074953145
d000220_300_038,20,neutral 8 (.23 D),core_geomed_lab,54.4060990647,2.29333743958,3.8156795692,0.53747489335,0.504241235944,0.484936952861,21.9321970836,2.03097148439,2.00580292119,2.15771760625,18.7876810732,4296,2124,81.2891860096,-0.609436302439,0.444598310633,1.98175945425,16.8304185549,0.0955067903978,0.195717471317,0.0564116018145,0.152784272584,0.618142297625,0.113409175027,0.0,True,22.8975190602,22.8727880915
d000220_300_038,20,neutral 8 (.23 D),core_mean_srgb,53.8374961742,2.23712681514,3.62488910635,0.530796786755,0.498711129905,0.480552671141,22.4131529139,1.12634059118,1.12401593228,2.12029944954,18.4696840338,4296,2124,81.2891860096,-0.609436302439,0.444598310633,1.98175945425,16.8304185549,0.0955067903978,0.195717471317,0.0564116018145,0.152784272584,0.618142297625,0.113409175027,0.0,True,22.8975190602,22.8727880915
d000220_300_038,20,neutral 8 (.23 D),core_medoid_de2000,54.2983488094,2.37635011821,3.86718598195,0.53708956574,0.502966108184,0.483531701576,22.0543816508,2.00603480683,1.98036493834,2.15535526244,18.7471685423,4296,2124,81.2891860096,-0.609436302439,0.444598310633,1.98175945425,16.8304185549,0.0955067903978,0.195717471317,0.0564116018145,0.152784272584,0.618142297625,0.113409175027,0.0,True,22.8975190602,22.8727880915
d000220_300_038,20,neutral 8 (.23 D),geomed_lab_converged,53.3375276979,2.29420226312,3.53026167847,0.525867876243,0.49363012752,0.476236214873,22.872553621,,,,,4296,2124,81.2891860096,-0.609436302439,0.444598310633,1.98175945425,16.8304185549,0.0955067903978,0.195717471317,0.0564116018145,0.152784272584,0.618142297625,0.113409175027,0.0,True,22.8975190602,22.8727880915
d000220_300_038,20,neutral 8 (.23 D),mc_geomedian,53.3372702381,2.29422115854,3.53020605722,0.525865248389,0.493627531406,0.476234036547,22.8727880915,,,,,4296,2124,81.2891860096,-0.609436302439,0.444598310633,1.98175945425,16.8304185549,0.0955067903978,0.195717471317,0.0564116018145,0.152784272584,0.618142297625,0.113409175027,0.0,True,22.8975190602,22.8727880915
d000220_300_038,20,neutral 8 (.23 D),mc_medoid,53.3132374999,2.32118316758,3.49447985339,0.525706349397,0.49333739006,0.476237810096,22.8975190602,,,,,4296,2124,81.2891860096,-0.609436302439,0.444598310633,1.98175945425,16.8304185549,0.0955067903978,0.195717471317,0.0564116018145,0.152784272584,0.618142297625,0.113409175027,0.0,True,22.8975190602,22.8727880915
d000220_300_038,20,neutral 8 (.23 D),mean_lab,50.691457796,2.22888333121,3.33814973812,0.498284037407,0.467550819585,0.451399095058,25.3102934762,,,,,4296,2124,81.2891860096,-0.609436302439,0.444598310633,1.98175945425,16.8304185549,0.0955067903978,0.195717471317,0.0564116018145,0.152784272584,0.618142297625,0.113409175027,0.0,True,22.8975190602,22.8727880915
d000220_300_038,20,neutral 8 (.23 D),median_lab,53.357088932,2.32525814574,3.54655555549,0.526321842003,0.493752825901,0.476325478653,22.8633285566,,,,,4296,2124,81.2891860096,-0.609436302439,0.444598310633,1.98175945425,16.8304185549,0.0955067903978,0.195717471317,0.0564116018145,0.152784272584,0.618142297625,0.113409175027,0.0,True,22.8975190602,22.8727880915
d000220_300_038,20,neutral 8 (.23 D),medoid_5000px,53.3132374999,2.32118316758,3.49447985339,0.525706349397,0.49333739006,0.476237810096,22.8975190602,,,,,4296,2124,81.2891860096,-0.609436302439,0.444598310633,1.98175945425,16.8304185549,0.0955067903978,0.195717471317,0.0564116018145,0.152784272584,0.618142297625,0.113409175027,0.0,True,22.8975190602,22.8727880915
d000220_300_038,20,neutral 8 (.23 D),prof_geomed_srgb,53.8183396366,2.2916486455,3.54051151896,0.530739299611,0.498420691234,0.48093385214,22.4346567761,1.58188105437,1.56722745646,2.14288620147,18.4603609878,4296,2124,81.2891860096,-0.609436302439,0.444598310633,1.98175945425,16.8304185549,0.0955067903978,0.195717471317,0.0564116018145,0.152784272584,0.618142297625,0.113409175027,0.0,True,22.8975190602,22.8727880915
d000220_300_038,20,neutral 8 (.23 D),prof_geomed_srgb_strict,54.3944681105,2.30244044413,3.85589908563,0.537527923929,0.504081087505,0.484549203859,21.9491793804,2.10459582423,2.07826333078,2.15640112763,18.8372081274,4296,2124,81.2891860096,-0.609436302439,0.444598310633,1.98175945425,16.8304185549,0.0955067903978,0.195717471317,0.0564116018145,0.152784272584,0.618142297625,0.113409175027,0.0,True,22.8975190602,22.8727880915
d000220_300_038,21,neutral 6.5 (.44 D),core_geomed_lab,44.4372227578,2.16121153512,3.19830006688,0.435595838881,0.406688375924,0.391651407778,21.6532957818,1.1389325185,1.22681831576,2.00055027527,17.8975003595,3792,1880,66.8953464077,-0.741716456682,-0.0479932850446,1.45202840768,6.98497076254,0.0972621085641,0.283157987992,0.114260005458,0.104215140145,0.376443140983,0.70227186791,0.0971735730167,True,22.5104810063,22.6211710153
d000220_300_038,21,neutral 6.5 (.44 D),core_mean_srgb,43.4931066607,2.14394598022,3.04525380501,0.425866184871,0.397669630813,0.383607987611,22.6498201379,0.52069839028,0.567478434338,1.95296223867,17.5667560041,3792,1880,66.8953464077,-0.741716456682,-0.0479932850446,1.45202840768,6.98497076254,0.0972621085641,0.283157987992,0.114260005458,0.104215140145,0.376443140983,0.70227186791,0.0971735730167,True,22.5104810063,22.6211710153
d000220_300_038,21,neutral 6.5 (.44 D),core_medoid_de2000,44.5039712715,2.13379549449,3.10918006404,0.435830295725,0.407411794761,0.392861930205,21.5655554322,1.08672877455,1.17664559523,1.9984860197,17.8577314848,3792,1880,66.8953464077,-0.741716456682,-0.0479932850446,1.45202840768,6.98497076254,0.0972621085641,0.283157987992,0.114260005458,0.104215140145,0.376443140983,0.70227186791,0.0971735730167,True,22.5104810063,22.6211710153
d000220_300_038,21,neutral 6.5 (.44 D),geomed_lab_converged,43.5086637056,2.06012419943,3.11716694213,0.425663936771,0.397990512784,0.383286841633,22.6209545886,,,,,3792,1880,66.8953464077,-0.741716456682,-0.0479932850446,1.45202840768,6.98497076254,0.0972621085641,0.283157987992,0.114260005458,0.104215140145,0.376443140983,0.70227186791,0.0971735730167,True,22.5104810063,22.6211710153
d000220_300_038,21,neutral 6.5 (.44 D),mc_geomedian,43.5084615562,2.06011988182,3.11714568819,0.425661884872,0.397988586171,0.383285049425,22.6211710153,,,,,3792,1880,66.8953464077,-0.741716456682,-0.0479932850446,1.45202840768,6.98497076254,0.0972621085641,0.283157987992,0.114260005458,0.104215140145,0.376443140983,0.70227186791,0.0971735730167,True,22.5104810063,22.6211710153
d000220_300_038,21,neutral 6.5 (.44 D),mc_medoid,43.6017967702,2.008726066,3.13924681324,0.426293363288,0.398988602323,0.384026903122,22.5104810063,,,,,3792,1880,66.8953464077,-0.741716456682,-0.0479932850446,1.45202840768,6.98497076254,0.0972621085641,0.283157987992,0.114260005458,0.104215140145,0.376443140983,0.70227186791,0.0971735730167,True,22.5104810063,22.6211710153
d000220_300_038,21,neutral 6.5 (.44 D),mean_lab,42.2072443706,2.05932036002,3.00045238374,0.412719013808,0.385559508288,0.371654165718,24.0382010221,,,,,3792,1880,66.8953464077,-0.741716456682,-0.0479932850446,1.45202840768,6.98497076254,0.0972621085641,0.283157987992,0.114260005458,0.104215140145,0.376443140983,0.70227186791,0.0971735730167,True,22.5104810063,22.6211710153
d000220_300_038,21,neutral 6.5 (.44 D),median_lab,43.5482822079,2.04683184118,3.01223308019,0.425682690247,0.398424432351,0.384337256815,22.5640635602,,,,,3792,1880,66.8953464077,-0.741716456682,-0.0479932850446,1.45202840768,6.98497076254,0.0972621085641,0.283157987992,0.114260005458,0.104215140145,0.376443140983,0.70227186791,0.0971735730167,True,22.5104810063,22.6211710153
d000220_300_038,21,neutral 6.5 (.44 D),medoid_5000px,43.5478420898,2.06322633183,3.10533712569,0.426033957715,0.398362974441,0.383736975617,22.5778768822,,,,,3792,1880,66.8953464077,-0.741716456682,-0.0479932850446,1.45202840768,6.98497076254,0.0972621085641,0.283157987992,0.114260005458,0.104215140145,0.376443140983,0.70227186791,0.0971735730167,True,22.5104810063,22.6211710153
d000220_300_038,21,neutral 6.5 (.44 D),prof_geomed_srgb,44.201218529,2.04472770756,3.25201404313,0.432669565881,0.404638742657,0.389028763256,21.8840735347,0.803368776201,0.881484230505,1.97654505114,17.5581758659,3792,1880,66.8953464077,-0.741716456682,-0.0479932850446,1.45202840768,6.98497076254,0.0972621085641,0.283157987992,0.114260005458,0.104215140145,0.376443140983,0.70227186791,0.0971735730167,True,22.5104810063,22.6211710153
d000220_300_038,21,neutral 6.5 (.44 D),prof_geomed_srgb_strict,44.5592954187,2.1706909668,3.24874344897,0.436983517563,0.40782158986,0.392493106191,21.5310691948,1.18374147194,1.27414725396,2.00027467266,17.9489810994,3792,1880,66.8953464077,-0.741716456682,-0.0479932850446,1.45202840768,6.98497076254,0.0972621085641,0.283157987992,0.114260005458,0.104215140145,0.376443140983,0.70227186791,0.0971735730167,True,22.5104810063,22.6211710153
d000220_300_038,22,neutral 5 (.70 D),core_geomed_lab,32.6334142087,2.1397518082,2.54904985339,0.321321927249,0.296067564496,0.285612325231,16.7843865635,2.04633321105,2.00709479301,2.19006237188,15.191145342,4104,2028,50.7594147632,-0.142714357614,0.14067277892,1.25179868372,6.25874524093,0.187966446505,0.361214096788,0.167152824247,0.0321397109546,0.507202468262,0.330581776325,0.0,True,17.670811947,17.6052005897
d000220_300_038,22,neutral 5 (.70 D),core_mean_srgb,31.864936855,2.10645808606,2.55710764026,0.314025802494,0.289126600072,0.278601689718,17.3599010934,1.27834471549,1.24022635778,2.20011059741,14.9811742802,4104,2028,50.7594147632,-0.142714357614,0.14067277892,1.25179868372,6.25874524093,0.187966446505,0.361214096788,0.167152824247,0.0321397109546,0.507202468262,0.330581776325,0.0,True,17.670811947,17.6052005897
d000220_300_038,22,neutral 5 (.70 D),core_medoid_de2000,32.6156624527,2.16018179274,2.54170261632,0.321265009022,0.295865736304,0.285498689117,16.8020242773,1.99307159421,1.95403002442,2.19147147645,15.1665176234,4104,2028,50.7594147632,-0.142714357614,0.14067277892,1.25179868372,6.25874524093,0.187966446505,0.361214096788,0.167152824247,0.0321397109546,0.507202468262,0.330581776325,0.0,True,17.670811947,17.6052005897
d000220_300_038,22,neutral 5 (.70 D),geomed_lab_converged,31.5131092968,2.08221668684,2.41588771955,0.310280995795,0.286021668493,0.276283857776,17.6050306484,,,,,4104,2028,50.7594147632,-0.142714357614,0.14067277892,1.25179868372,6.25874524093,0.187966446505,0.361214096788,0.167152824247,0.0321397109546,0.507202468262,0.330581776325,0.0,True,17.670811947,17.6052005897
d000220_300_038,22,neutral 5 (.70 D),mc_geomedian,31.5128779463,2.08219956356,2.4158848373,0.310278751818,0.286019604952,0.276281786661,17.6052005897,,,,,4104,2028,50.7594147632,-0.142714357614,0.14067277892,1.25179868372,6.25874524093,0.187966446505,0.361214096788,0.167152824247,0.0321397109546,0.507202468262,0.330581776325,0.0,True,17.670811947,17.6052005897
d000220_300_038,22,neutral 5 (.70 D),mc_medoid,31.4036840726,1.98475111683,2.46538252627,0.308798351871,0.285214655581,0.274985151152,17.670811947,,,,,4104,2028,50.7594147632,-0.142714357614,0.14067277892,1.25179868372,6.25874524093,0.187966446505,0.361214096788,0.167152824247,0.0321397109546,0.507202468262,0.330581776325,0.0,True,17.670811947,17.6052005897
d000220_300_038,22,neutral 5 (.70 D),mean_lab,30.3141921362,1.99378279272,2.37788939046,0.298633971169,0.275366226226,0.265724924872,18.478581009,,,,,4104,2028,50.7594147632,-0.142714357614,0.14067277892,1.25179868372,6.25874524093,0.187966446505,0.361214096788,0.167152824247,0.0321397109546,0.507202468262,0.330581776325,0.0,True,17.670811947,17.6052005897
d000220_300_038,22,neutral 5 (.70 D),median_lab,31.5168687716,2.06983869968,2.45220732171,0.310330318002,0.286072479515,0.276095772653,17.6030504369,,,,,4104,2028,50.7594147632,-0.142714357614,0.14067277892,1.25179868372,6.25874524093,0.187966446505,0.361214096788,0.167152824247,0.0321397109546,0.507202468262,0.330581776325,0.0,True,17.670811947,17.6052005897
d000220_300_038,22,neutral 5 (.70 D),medoid_5000px,31.4036840726,1.98475111683,2.46538252627,0.308798351871,0.285214655581,0.274985151152,17.670811947,,,,,4104,2028,50.7594147632,-0.142714357614,0.14067277892,1.25179868372,6.25874524093,0.187966446505,0.361214096788,0.167152824247,0.0321397109546,0.507202468262,0.330581776325,0.0,True,17.670811947,17.6052005897
d000220_300_038,22,neutral 5 (.70 D),prof_geomed_srgb,32.102842511,2.25896103796,2.38490764883,0.31673151751,0.291020065614,0.28181887541,17.1988081615,1.68764293976,1.64614309421,2.19497029879,14.9754320893,4104,2028,50.7594147632,-0.142714357614,0.14067277892,1.25179868372,6.25874524093,0.187966446505,0.361214096788,0.167152824247,0.0321397109546,0.507202468262,0.330581776325,0.0,True,17.670811947,17.6052005897
d000220_300_038,22,neutral 5 (.70 D),prof_geomed_srgb_strict,32.6876724324,2.14922111365,2.51806981108,0.321804150786,0.296542024397,0.286292468288,16.741992994,2.08618898807,2.04478586969,2.18782036377,15.2252968127,4104,2028,50.7594147632,-0.142714357614,0.14067277892,1.25179868372,6.25874524093,0.187966446505,0.361214096788,0.167152824247,0.0321397109546,0.507202468262,0.330581776325,0.0,True,17.670811947,17.6052005897
d000220_300_038,23,neutral 3.5 (1.05 D),core_geomed_lab,22.1490824145,1.21670471777,2.20335408827,0.220601798953,0.205000899944,0.195222718962,10.8603574755,0.961199645933,0.985701614096,1.82584542533,9.69302099964,4344,2156,35.6377687286,-0.412811499754,-0.468413957925,1.04978218236,4.06713925573,0.0549460459583,0.124240262495,0.0268773872016,0.18436270912,0.476464013366,0.12516882882,0.0,True,11.4421039611,11.4506212207
d000220_300_038,23,neutral 3.5 (1.05 D),core_mean_srgb,21.6444546575,1.06475449757,2.25059072448,0.215440360792,0.200942676328,0.19063718165,11.1651931263,0.934864242955,0.977138871209,1.81588606373,9.55647685833,4344,2156,35.6377687286,-0.412811499754,-0.468413957925,1.04978218236,4.06713925573,0.0549460459583,0.124240262495,0.0268773872016,0.18436270912,0.476464013366,0.12516882882,0.0,True,11.4421039611,11.4506212207
d000220_300_038,23,neutral 3.5 (1.05 D),core_medoid_de2000,21.9009621443,1.2213407667,2.14300580034,0.218327242395,0.20287492541,0.193455645767,11.0149926184,0.935305843844,0.963759508384,1.82344462631,9.67655581148,4344,2156,35.6377687286,-0.412811499754,-0.468413957925,1.04978218236,4.06713925573,0.0549460459583,0.124240262495,0.0268773872016,0.18436270912,0.476464013366,0.12516882882,0.0,True,11.4421039611,11.4506212207
d000220_300_038,23,neutral 3.5 (1.05 D),geomed_lab_converged,21.1774278398,1.12780567604,2.03172586735,0.211246252238,0.196883169098,0.18793501007,11.4505266014,,,,,4344,2156,35.6377687286,-0.412811499754,-0.468413957925,1.04978218236,4.06713925573,0.0549460459583,0.124240262495,0.0268773872016,0.18436270912,0.476464013366,0.12516882882,0.0,True,11.4421039611,11.4506212207
d000220_300_038,23,neutral 3.5 (1.05 D),mc_geomedian,21.1772773041,1.12781328023,2.03168384483,0.211244895352,0.19688187855,0.187933974907,11.4506212207,,,,,4344,2156,35.6377687286,-0.412811499754,-0.468413957925,1.04978218236,4.06713925573,0.0549460459583,0.124240262495,0.0268773872016,0.18436270912,0.476464013366,0.12516882882,0.0,True,11.4421039611,11.4506212207
d000220_300_038,23,neutral 3.5 (1.05 D),mc_medoid,21.178623969,1.11414447866,2.00974255497,0.211124977164,0.196923739512,0.188069167673,11.4421039611,,,,,4344,2156,35.6377687286,-0.412811499754,-0.468413957925,1.04978218236,4.06713925573,0.0549460459583,0.124240262495,0.0268773872016,0.18436270912,0.476464013366,0.12516882882,0.0,True,11.4421039611,11.4506212207
d000220_300_038,23,neutral 3.5 (1.05 D),mean_lab,20.458767114,1.09851885876,1.97745065658,0.204749780152,0.190828823611,0.182163595558,11.9117170357,,,,,4344,2156,35.6377687286,-0.412811499754,-0.468413957925,1.04978218236,4.06713925573,0.0549460459583,0.124240262495,0.0268773872016,0.18436270912,0.476464013366,0.12516882882,0.0,True,11.4421039611,11.4506212207
d000220_300_038,23,neutral 3.5 (1.05 D),median_lab,21.234708712,1.12944086827,1.96860068096,0.211601203725,0.197382709376,0.188781555548,11.4011896207,,,,,4344,2156,35.6377687286,-0.412811499754,-0.468413957925,1.04978218236,4.06713925573,0.0549460459583,0.124240262495,0.0268773872016,0.18436270912,0.476464013366,0.12516882882,0.0,True,11.4421039611,11.4506212207
d000220_300_038,23,neutral 3.5 (1.05 D),medoid_5000px,21.178623969,1.11414447866,2.00974255497,0.211124977164,0.196923739512,0.188069167673,11.4421039611,,,,,4344,2156,35.6377687286,-0.412811499754,-0.468413957925,1.04978218236,4.06713925573,0.0549460459583,0.124240262495,0.0268773872016,0.18436270912,0.476464013366,0.12516882882,0.0,True,11.4421039611,11.4506212207
d000220_300_038,23,neutral 3.5 (1.05 D),prof_geomed_srgb,21.6389339222,1.09590884768,2.382568445,0.215884641794,0.200808728161,0.189837491417,11.2044011175,0.939033392946,0.972300614969,1.82202450085,9.5468224982,4344,2156,35.6377687286,-0.412811499754,-0.468413957925,1.04978218236,4.06713925573,0.0549460459583,0.124240262495,0.0268773872016,0.18436270912,0.476464013366,0.12516882882,0.0,True,11.4421039611,11.4506212207
d000220_300_038,23,neutral 3.5 (1.05 D),prof_geomed_srgb_strict,22.1932426739,1.23448264763,2.19597336261,0.221071554025,0.205341975338,0.195642044733,10.8345674425,0.964035552221,0.989714694926,1.82415480412,9.71420654086,4344,2156,35.6377687286,-0.412811499754,-0.468413957925,1.04978218236,4.06713925573,0.0549460459583,0.124240262495,0.0268773872016,0.18436270912,0.476464013366,0.12516882882,0.0,True,11.4421039611,11.4506212207
d000220_300_038,24,black 2 (1.5 D),core_geomed_lab,11.0865052637,1.21680592004,1.25005775155,0.125828979819,0.113902925118,0.109780162044,6.73499028078,1.28186123405,1.32209400766,1.83001033232,5.48410507981,4368,2164,20.6442233442,0.113218723005,-0.456645905619,0.987482445022,1.88611663719,0.0750996819702,0.180085650931,0.0677800700133,0.341994721292,0.0815529524568,0.174999030809,0.0658560106943,False,6.69029386699,6.70562128793
d000220_300_038,24,black 2 (1.5 D),core_mean_srgb,11.2617483552,1.13934910931,1.41284745651,0.127172820551,0.115384972289,0.11028637179,6.64565114701,1.44244499549,1.45115280287,1.7666587366,5.39815313257,4368,2164,20.6442233442,0.113218723005,-0.456645905619,0.987482445022,1.88611663719,0.0750996819702,0.180085650931,0.0677800700133,0.341994721292,0.0815529524568,0.174999030809,0.0658560106943,False,6.69029386699,6.70562128793
d000220_300_038,24,black 2 (1.5 D),core_medoid_de2000,10.6013717726,1.25440111093,1.40363824326,0.122484896878,0.109991068112,0.105181561369,7.06908351205,1.29099619151,1.33052363946,1.82492579964,5.47363347294,4368,2164,20.6442233442,0.113218723005,-0.456645905619,0.987482445022,1.88611663719,0.0750996819702,0.180085650931,0.0677800700133,0.341994721292,0.0815529524568,0.174999030809,0.0658560106943,False,6.69029386699,6.70562128793
d000220_300_038,24,black 2 (1.5 D),geomed_lab_converged,11.0366969608,0.793872497376,1.45737711384,0.123618099865,0.114207401701,0.108252058355,6.70566522048,,,,,4368,2164,20.6442233442,0.113218723005,-0.456645905619,0.987482445022,1.88611663719,0.0750996819702,0.180085650931,0.0677800700133,0.341994721292,0.0815529524568,0.174999030809,0.0658560106943,False,6.69029386699,6.70562128793
d000220_300_038,24,black 2 (1.5 D),mc_geomedian,11.0367830566,0.79384267246,1.45743008605,0.12361874294,0.114208121814,0.108252449849,6.70562128793,,,,,4368,2164,20.6442233442,0.113218723005,-0.456645905619,0.987482445022,1.88611663719,0.0750996819702,0.180085650931,0.0677800700133,0.341994721292,0.0815529524568,0.174999030809,0.0658560106943,False,6.69029386699,6.70562128793
d000220_300_038,24,black 2 (1.5 D),mc_medoid,11.0913137687,0.800455889938,1.51895324653,0.124224464912,0.11461459821,0.108355476331,6.69029386699,,,,,4368,2164,20.6442233442,0.113218723005,-0.456645905619,0.987482445022,1.88611663719,0.0750996819702,0.180085650931,0.0677800700133,0.341994721292,0.0815529524568,0.174999030809,0.0658560106943,False,6.69029386699,6.70562128793
d000220_300_038,24,black 2 (1.5 D),mean_lab,11.2002781151,0.803976868218,1.51893644211,0.125114204218,0.115468470111,0.109209578738,6.62582886737,,,,,4368,2164,20.6442233442,0.113218723005,-0.456645905619,0.987482445022,1.88611663719,0.0750996819702,0.180085650931,0.0677800700133,0.341994721292,0.0815529524568,0.174999030809,0.0658560106943,False,6.69029386699,6.70562128793
d000220_300_038,24,black 2 (1.5 D),median_lab,11.1638478174,0.72375816686,1.59870362106,0.124565924085,0.115304335059,0.108494323293,6.65408783976,,,,,4368,2164,20.6442233442,0.113218723005,-0.456645905619,0.987482445022,1.88611663719,0.0750996819702,0.180085650931,0.0677800700133,0.341994721292,0.0815529524568,0.174999030809,0.0658560106943,False,6.69029386699,6.70562128793
d000220_300_038,24,black 2 (1.5 D),medoid_5000px,11.1407956744,0.776263020037,1.46760186541,0.124377066325,0.115057111404,0.109011615697,6.64243311628,,,,,4368,2164,20.6442233442,0.113218723005,-0.456645905619,0.987482445022,1.88611663719,0.0750996819702,0.180085650931,0.0677800700133,0.341994721292,0.0815529524568,0.174999030809,0.0658560106943,False,6.69029386699,6.70562128793
d000220_300_038,24,black 2 (1.5 D),prof_geomed_srgb,11.2272920714,1.22662635805,1.29188465313,0.127099711247,0.114983654018,0.110664077799,6.66404502962,1.36379138438,1.38774828212,1.80616722397,5.39081158919,4368,2164,20.6442233442,0.113218723005,-0.456645905619,0.987482445022,1.88611663719,0.0750996819702,0.180085650931,0.0677800700133,0.341994721292,0.0815529524568,0.174999030809,0.0658560106943,False,6.69029386699,6.70562128793
d000220_300_038,24,black 2 (1.5 D),prof_geomed_srgb_strict,11.2107602246,1.25736803617,1.22292301844,0.12698085495,0.114812880167,0.110901649216,6.66822487629,1.27301951725,1.31692259478,1.82162727116,5.49885644801,4368,2164,20.6442233442,0.113218723005,-0.456645905619,0.987482445022,1.88611663719,0.0750996819702,0.180085650931,0.0677800700133,0.341994721292,0.0815529524568,0.174999030809,0.0658560106943,False,6.69029386699,6.70562128793
d000320_300_003,1,dark skin,core_geomed_lab,23.9924648557,9.3384183089,10.1439641464,0.295567177342,0.202245263025,0.165864043639,11.0417725779,1.84958132452,1.83496415175,0.866709478539,9.70897737058,2832,1408,37.3149072323,13.3705344523,14.5797859647,0.523187322417,2.28596679153,0.0545230383587,0.0934993407399,0.047527644396,0.0401154088111,0.115100045462,0.0497700392041,0.0639294428876,True,11.2566868194,11.2913529083
d000320_300_003,1,dark skin,core_mean_srgb,23.9530326822,9.31191455338,10.1883428764,0.295127126726,0.201949556795,0.165268407062,11.068544686,2.41200205302,2.41492109787,0.870594312991,9.58951486209,2832,1408,37.3149072323,13.3705344523,14.5797859647,0.523187322417,2.28596679153,0.0545230383587,0.0934993407399,0.047527644396,0.0401154088111,0.115100045462,0.0497700392041,0.0639294428876,True,11.2566868194,11.2913529083
d000320_300_003,1,dark skin,core_medoid_de2000,24.0394966979,9.32202111869,10.116198658,0.295887607432,0.202694205601,0.166416908826,11.0169838918,1.86406977507,1.85114818751,0.867763865209,9.71464758429,2832,1408,37.3149072323,13.3705344523,14.5797859647,0.523187322417,2.28596679153,0.0545230383587,0.0934993407399,0.047527644396,0.0401154088111,0.115100045462,0.0497700392041,0.0639294428876,True,11.2566868194,11.2913529083
d000320_300_003,1,dark skin,geomed_lab_converged,23.676446956,9.14681105126,10.1855246468,0.291693450012,0.199956050068,0.162953272354,11.2913275687,,,,,2832,1408,37.3149072323,13.3705344523,14.5797859647,0.523187322417,2.28596679153,0.0545230383587,0.0934993407399,0.047527644396,0.0401154088111,0.115100045462,0.0497700392041,0.0639294428876,True,11.2566868194,11.2913529083
d000320_300_003,1,dark skin,mc_geomedian,23.6764134397,9.14678240301,10.1855563818,0.291693037257,0.199955821598,0.162952802744,11.2913529083,,,,,2832,1408,37.3149072323,13.3705344523,14.5797859647,0.523187322417,2.28596679153,0.0545230383587,0.0934993407399,0.047527644396,0.0401154088111,0.115100045462,0.0497700392041,0.0639294428876,True,11.2566868194,11.2913529083
d000320_300_003,1,dark skin,mc_medoid,23.731339315,9.15289949085,10.1543702543,0.292194919059,0.20042052097,0.163593979593,11.2566868194,,,,,2832,1408,37.3149072323,13.3705344523,14.5797859647,0.523187322417,2.28596679153,0.0545230383587,0.0934993407399,0.047527644396,0.0401154088111,0.115100045462,0.0497700392041,0.0639294428876,True,11.2566868194,11.2913529083
d000320_300_003,1,dark skin,mean_lab,23.374113518,9.02507164983,10.0683988649,0.28807716364,0.19765674519,0.161101430469,11.5351050655,,,,,2832,1408,37.3149072323,13.3705344523,14.5797859647,0.523187322417,2.28596679153,0.0545230383587,0.0934993407399,0.047527644396,0.0401154088111,0.115100045462,0.0497700392041,0.0639294428876,True,11.2566868194,11.2913529083
d000320_300_003,1,dark skin,median_lab,23.7057727471,9.11329196876,10.0803577262,0.291649008909,0.200305184983,0.163807411263,11.2915280473,,,,,2832,1408,37.3149072323,13.3705344523,14.5797859647,0.523187322417,2.28596679153,0.0545230383587,0.0934993407399,0.047527644396,0.0401154088111,0.115100045462,0.0497700392041,0.0639294428876,True,11.2566868194,11.2913529083
d000320_300_003,1,dark skin,medoid_5000px,23.6461476618,9.13350441593,10.1420338367,0.291279377205,0.199733842994,0.162953095789,11.3196914387,,,,,2832,1408,37.3149072323,13.3705344523,14.5797859647,0.523187322417,2.28596679153,0.0545230383587,0.0934993407399,0.047527644396,0.0401154088111,0.115100045462,0.0497700392041,0.0639294428876,True,11.2566868194,11.2913529083
d000320_300_003,1,dark skin,prof_geomed_srgb,23.9594837035,9.30316494168,10.2490128628,0.295231555657,0.20201419089,0.164965285725,11.0588387275,2.40989054754,2.41656825815,0.928476386277,9.67786151519,2832,1408,37.3149072323,13.3705344523,14.5797859647,0.523187322417,2.28596679153,0.0545230383587,0.0934993407399,0.047527644396,0.0401154088111,0.115100045462,0.0497700392041,0.0639294428876,True,11.2566868194,11.2913529083
d000320_300_003,1,dark skin,prof_geomed_srgb_strict,24.0070676964,9.34939596138,10.1365191049,0.295749114457,0.202338622286,0.166029419594,11.0305460056,1.83540547214,1.82107785247,0.864080612992,9.75079233829,2832,1408,37.3149072323,13.3705344523,14.5797859647,0.523187322417,2.28596679153,0.0545230383587,0.0934993407399,0.047527644396,0.0401154088111,0.115100045462,0.0497700392041,0.0639294428876,True,11.2566868194,11.2913529083
d000320_300_003,2,light skin,core_geomed_lab,43.7685432046,14.9701230577,13.8619310174,0.527803389508,0.367733010046,0.318537099299,19.924876489,0.770574485186,0.795490468129,0.890734624207,15.5348080519,2928,1456,64.3749744464,18.0235169593,17.0522039412,0.643755824571,6.39288999002,0.112513588109,0.130197556564,0.0855437543686,0.0171853471029,0.150925013605,0.0395279317784,0.0997999415316,True,20.3680280179,20.4500334226
d000320_300_003,2,light skin,core_mean_srgb,43.6477908396,14.9783693085,13.81933749,0.526521374788,0.366554571544,0.317691777399,20.0593960832,0.70624672734,0.766710169021,0.889773745683,15.2614489294,2928,1456,64.3749744464,18.0235169593,17.0522039412,0.643755824571,6.39288999002,0.112513588109,0.130197556564,0.0855437543686,0.0171853471029,0.150925013605,0.0395279317784,0.0997999415316,True,20.3680280179,20.4500334226
d000320_300_003,2,light skin,core_medoid_de2000,43.7699849104,14.9944311831,13.8767602805,0.527977342153,0.36768045099,0.318459008012,19.9215025176,0.791872395917,0.823961676177,0.887480537122,15.5706008819,2928,1456,64.3749744464,18.0235169593,17.0522039412,0.643755824571,6.39288999002,0.112513588109,0.130197556564,0.0855437543686,0.0171853471029,0.150925013605,0.0395279317784,0.0997999415316,True,20.3680280179,20.4500334226
d000320_300_003,2,light skin,geomed_lab_converged,43.3079009325,14.7717675374,13.7079998748,0.521658110915,0.363889381622,0.315230816391,20.4498689087,,,,,2928,1456,64.3749744464,18.0235169593,17.0522039412,0.643755824571,6.39288999002,0.112513588109,0.130197556564,0.0855437543686,0.0171853471029,0.150925013605,0.0395279317784,0.0997999415316,True,20.3680280179,20.4500334226
d000320_300_003,2,light skin,mc_geomedian,43.3077555919,14.7717424564,13.7079434158,0.52165636862,0.363888074536,0.315229831621,20.4500334226,,,,,2928,1456,64.3749744464,18.0235169593,17.0522039412,0.643755824571,6.39288999002,0.112513588109,0.130197556564,0.0855437543686,0.0171853471029,0.150925013605,0.0395279317784,0.0997999415316,True,20.3680280179,20.4500334226
d000320_300_003,2,light skin,mc_medoid,43.3857811459,14.7492808403,13.6355624223,0.522224712063,0.364704781091,0.316414270268,20.3680280179,,,,,2928,1456,64.3749744464,18.0235169593,17.0522039412,0.643755824571,6.39288999002,0.112513588109,0.130197556564,0.0855437543686,0.0171853471029,0.150925013605,0.0395279317784,0.0997999415316,True,20.3680280179,20.4500334226
d000320_300_003,2,light skin,mean_lab,42.250078773,14.5282550816,13.3128904718,0.508694638125,0.354551631515,0.307964697208,21.6559983237,,,,,2928,1456,64.3749744464,18.0235169593,17.0522039412,0.643755824571,6.39288999002,0.112513588109,0.130197556564,0.0855437543686,0.0171853471029,0.150925013605,0.0395279317784,0.0997999415316,True,20.3680280179,20.4500334226
d000320_300_003,2,light skin,median_lab,43.3355800862,14.7610262138,13.71707069,0.521901283337,0.364178853415,0.315426461422,20.4194184974,,,,,2928,1456,64.3749744464,18.0235169593,17.0522039412,0.643755824571,6.39288999002,0.112513588109,0.130197556564,0.0855437543686,0.0171853471029,0.150925013605,0.0395279317784,0.0997999415316,True,20.3680280179,20.4500334226
d000320_300_003,2,light skin,medoid_5000px,43.2980445939,14.7962572011,13.7263545995,0.521721151114,0.363728202704,0.315025696897,20.4587460956,,,,,2928,1456,64.3749744464,18.0235169593,17.0522039412,0.643755824571,6.39288999002,0.112513588109,0.130197556564,0.0855437543686,0.0171853471029,0.150925013605,0.0395279317784,0.0997999415316,True,20.3680280179,20.4500334226
d000320_300_003,2,light skin,prof_geomed_srgb,43.6612969282,14.9249472732,13.7968956742,0.526329442283,0.366826886397,0.317952239261,20.0480191044,0.859107429506,0.925694442024,0.912024806488,15.3115174939,2928,1456,64.3749744464,18.0235169593,17.0522039412,0.643755824571,6.39288999002,0.112513588109,0.130197556564,0.0855437543686,0.0171853471029,0.150925013605,0.0395279317784,0.0997999415316,True,20.3680280179,20.4500334226
d000320_300_003,2,light skin,prof_geomed_srgb_strict,43.8127053012,14.9758380248,13.8807134589,0.528326116664,0.368121228273,0.318822796856,19.8751804132,0.772995540124,0.811386910439,0.900244348932,15.6205036632,2928,1456,64.3749744464,18.0235169593,17.0522039412,0.643755824571,6.39288999002,0.112513588109,0.130197556564,0.0855437543686,0.0171853471029,0.150925013605,0.0395279317784,0.0997999415316,True,20.3680280179,20.4500334226
d000320_300_003,3,blue sky,core_geomed_lab,30.7240850135,4.24941999524,-13.00717077,0.267668688979,0.278719243,0.362712331172,19.3026626114,1.27587341988,1.2287266823,1.10734954491,14.3224590583,2656,1312,49.6180419709,-1.18031118953,-22.1653639872,0.683744017603,2.44055502973,0.0586742470352,0.132607386033,0.0881241154181,0.045046768539,0.243828888622,0.0594967110204,0.0,True,19.658983593,19.5920178264
d000320_300_003,3,blue sky,core_mean_srgb,30.6074061114,4.28728493592,-13.0149486943,0.266841121947,0.277584787593,0.361655729484,19.3999947084,2.10064973746,2.03364904096,1.08418112962,14.0554269907,2656,1312,49.6180419709,-1.18031118953,-22.1653639872,0.683744017603,2.44055502973,0.0586742470352,0.132607386033,0.0881241154181,0.045046768539,0.243828888622,0.0594967110204,0.0,True,19.658983593,19.5920178264
d000320_300_003,3,blue sky,core_medoid_de2000,30.6673198602,4.25550118187,-13.004606402,0.267205402717,0.278193710999,0.362159486354,19.3444483912,1.25035502629,1.20403100856,1.11086395342,14.3081709678,2656,1312,49.6180419709,-1.18031118953,-22.1653639872,0.683744017603,2.44055502973,0.0586742470352,0.132607386033,0.0881241154181,0.045046768539,0.243828888622,0.0594967110204,0.0,True,19.658983593,19.5920178264
d000320_300_003,3,blue sky,geomed_lab_converged,30.3793468605,4.32584695536,-12.9477253979,0.265321411788,0.275434556586,0.359094329623,19.591968642,,,,,2656,1312,49.6180419709,-1.18031118953,-22.1653639872,0.683744017603,2.44055502973,0.0586742470352,0.132607386033,0.0881241154181,0.045046768539,0.243828888622,0.0594967110204,0.0,True,19.658983593,19.5920178264
d000320_300_003,3,blue sky,mc_geomedian,30.3792831977,4.32585281026,-12.9477116808,0.265320930353,0.275433966669,0.359093644735,19.5920178264,,,,,2656,1312,49.6180419709,-1.18031118953,-22.1653639872,0.683744017603,2.44055502973,0.0586742470352,0.132607386033,0.0881241154181,0.045046768539,0.243828888622,0.0594967110204,0.0,True,19.658983593,19.5920178264
d000320_300_003,3,blue sky,mc_medoid,30.3189084036,4.31966250173,-12.8379444982,0.265175867838,0.274867205618,0.357856424291,19.658983593,,,,,2656,1312,49.6180419709,-1.18031118953,-22.1653639872,0.683744017603,2.44055502973,0.0586742470352,0.132607386033,0.0881241154181,0.045046768539,0.243828888622,0.0594967110204,0.0,True,19.658983593,19.5920178264
d000320_300_003,3,blue sky,mean_lab,29.9850693266,4.37806248304,-12.876893921,0.2623989416,0.271756809331,0.354943881107,19.9015675359,,,,,2656,1312,49.6180419709,-1.18031118953,-22.1653639872,0.683744017603,2.44055502973,0.0586742470352,0.132607386033,0.0881241154181,0.045046768539,0.243828888622,0.0594967110204,0.0,True,19.658983593,19.5920178264
d000320_300_003,3,blue sky,median_lab,30.5120652161,4.38203300433,-12.866397762,0.267266588703,0.27648798451,0.359861212016,19.5617488427,,,,,2656,1312,49.6180419709,-1.18031118953,-22.1653639872,0.683744017603,2.44055502973,0.0586742470352,0.132607386033,0.0881241154181,0.045046768539,0.243828888622,0.0594967110204,0.0,True,19.658983593,19.5920178264
d000320_300_003,3,blue sky,medoid_5000px,30.3189084036,4.31966250173,-12.8379444982,0.265175867838,0.274867205618,0.357856424291,19.658983593,,,,,2656,1312,49.6180419709,-1.18031118953,-22.1653639872,0.683744017603,2.44055502973,0.0586742470352,0.132607386033,0.0881241154181,0.045046768539,0.243828888622,0.0594967110204,0.0,True,19.658983593,19.5920178264
d000320_300_003,3,blue sky,prof_geomed_srgb,30.6206603614,4.33808196337,-13.0385045357,0.267231250477,0.277607385367,0.361928740368,19.4150109752,1.83261624778,1.77651092416,1.09314951608,14.01321851,2656,1312,49.6180419709,-1.18031118953,-22.1653639872,0.683744017603,2.44055502973,0.0586742470352,0.132607386033,0.0881241154181,0.045046768539,0.243828888622,0.0594967110204,0.0,True,19.658983593,19.5920178264
d000320_300_003,3,blue sky,prof_geomed_srgb_strict,30.8379839751,4.18597583102,-12.9511338329,0.268475680454,0.279853175704,0.363443663616,19.2053517294,1.16648607645,1.11942439223,1.10303230967,14.3570550085,2656,1312,49.6180419709,-1.18031118953,-22.1653639872,0.683744017603,2.44055502973,0.0586742470352,0.132607386033,0.0881241154181,0.045046768539,0.243828888622,0.0594967110204,0.0,True,19.658983593,19.5920178264
d000320_300_003,4,foliage,core_geomed_lab,28.1080665326,-8.58555911704,16.1920038866,0.243583358824,0.2722954987,0.160794614036,13.5661445717,3.75699062037,3.73010278754,1.10127124964,12.214679555,2784,1376,43.3546978928,-14.6439666211,22.8637467789,0.726462716279,3.90316048801,0.088917299799,0.128860188629,0.0832461229384,0.0339025770783,0.196395876037,0.18460595993,0.0990681674162,True,13.8440995364,13.9173596876
d000320_300_003,4,foliage,core_mean_srgb,27.815315762,-8.64886573357,16.1099850171,0.240402119585,0.269769216165,0.158822764243,13.7659395439,3.29290804377,3.24247263749,1.08465611777,12.0369983562,2784,1376,43.3546978928,-14.6439666211,22.8637467789,0.726462716279,3.90316048801,0.088917299799,0.128860188629,0.0832461229384,0.0339025770783,0.196395876037,0.18460595993,0.0990681674162,True,13.8440995364,13.9173596876
d000320_300_003,4,foliage,core_medoid_de2000,28.1425274135,-8.57564806949,16.154662965,0.243885245847,0.272594643774,0.161321682674,13.54822481,3.63039253284,3.60220753748,1.09778868233,12.1891047661,2784,1376,43.3546978928,-14.6439666211,22.8637467789,0.726462716279,3.90316048801,0.088917299799,0.128860188629,0.0832461229384,0.0339025770783,0.196395876037,0.18460595993,0.0990681674162,True,13.8440995364,13.9173596876
d000320_300_003,4,foliage,geomed_lab_converged,27.5978763488,-8.64634925352,16.1173203973,0.23848161257,0.267817497598,0.15694749672,13.9172755257,,,,,2784,1376,43.3546978928,-14.6439666211,22.8637467789,0.726462716279,3.90316048801,0.088917299799,0.128860188629,0.0832461229384,0.0339025770783,0.196395876037,0.18460595993,0.0990681674162,True,13.8440995364,13.9173596876
d000320_300_003,4,foliage,mc_geomedian,27.5977697506,-8.64632520142,16.117274107,0.238480720957,0.267816507142,0.156946892521,13.9173596876,,,,,2784,1376,43.3546978928,-14.6439666211,22.8637467789,0.726462716279,3.90316048801,0.088917299799,0.128860188629,0.0832461229384,0.0339025770783,0.196395876037,0.18460595993,0.0990681674162,True,13.8440995364,13.9173596876
d000320_300_003,4,foliage,mc_medoid,27.7044893459,-8.65599324709,16.0883417465,0.239322793828,0.268795043259,0.158025709073,13.8440995364,,,,,2784,1376,43.3546978928,-14.6439666211,22.8637467789,0.726462716279,3.90316048801,0.088917299799,0.128860188629,0.0832461229384,0.0339025770783,0.196395876037,0.18460595993,0.0990681674162,True,13.8440995364,13.9173596876
d000320_300_003,4,foliage,mean_lab,26.929725368,-8.47534470695,15.7989738639,0.232977313081,0.261592129974,0.153346282929,14.4504917061,,,,,2784,1376,43.3546978928,-14.6439666211,22.8637467789,0.726462716279,3.90316048801,0.088917299799,0.128860188629,0.0832461229384,0.0339025770783,0.196395876037,0.18460595993,0.0990681674162,True,13.8440995364,13.9173596876
d000320_300_003,4,foliage,median_lab,27.6846124202,-8.56640708341,16.0708404288,0.239672885769,0.268471805543,0.157982858581,13.8784865173,,,,,2784,1376,43.3546978928,-14.6439666211,22.8637467789,0.726462716279,3.90316048801,0.088917299799,0.128860188629,0.0832461229384,0.0339025770783,0.196395876037,0.18460595993,0.0990681674162,True,13.8440995364,13.9173596876
d000320_300_003,4,foliage,medoid_5000px,27.5881737588,-8.61677378541,16.122957903,0.238590350343,0.26768111663,0.156835502508,13.9295366874,,,,,2784,1376,43.3546978928,-14.6439666211,22.8637467789,0.726462716279,3.90316048801,0.088917299799,0.128860188629,0.0832461229384,0.0339025770783,0.196395876037,0.18460595993,0.0990681674162,True,13.8440995364,13.9173596876
d000320_300_003,4,foliage,prof_geomed_srgb,27.9382568185,-8.500717865,16.2003164533,0.242603189136,0.270618753338,0.159319447623,13.7021590488,3.60934684973,3.49140323194,1.02810071086,12.0140093996,2784,1376,43.3546978928,-14.6439666211,22.8637467789,0.726462716279,3.90316048801,0.088917299799,0.128860188629,0.0832461229384,0.0339025770783,0.196395876037,0.18460595993,0.0990681674162,True,13.8440995364,13.9173596876
d000320_300_003,4,foliage,prof_geomed_srgb_strict,28.1569614004,-8.62328394741,16.2409530725,0.243878156815,0.272783836474,0.160891094805,13.5186598305,3.7070533002,3.68180756692,1.10095518961,12.2389345628,2784,1376,43.3546978928,-14.6439666211,22.8637467789,0.726462716279,3.90316048801,0.088917299799,0.128860188629,0.0832461229384,0.0339025770783,0.196395876037,0.18460595993,0.0990681674162,True,13.8440995364,13.9173596876
d000320_300_003,5,blue flower,core_geomed_lab,33.5235578034,11.7182746248,-13.5087620547,0.342520268776,0.287727004136,0.393171254645,21.5163256549,4.23353078639,4.21521756305,1.84736631878,16.5232406561,3008,1496,55.1801131524,12.1421884056,-24.571222951,1.14198994351,8.38853987853,0.0934106538726,0.202730642784,0.0359521472478,0.0226060057243,0.379633840685,0.0643758272118,0.0594795367402,True,22.0806082867,22.0549066902
d000320_300_003,5,blue flower,core_mean_srgb,33.1587298498,11.6244243542,-13.3828094827,0.338901427943,0.284574567046,0.388883170156,21.80201346,2.77986327034,2.76067540886,1.86224810253,16.193670521,3008,1496,55.1801131524,12.1421884056,-24.571222951,1.14198994351,8.38853987853,0.0934106538726,0.202730642784,0.0359521472478,0.0226060057243,0.379633840685,0.0643758272118,0.0594795367402,True,22.0806082867,22.0549066902
d000320_300_003,5,blue flower,core_medoid_de2000,33.5418643936,11.7379039248,-13.5285829567,0.342751900479,0.287854209361,0.39347102439,21.5006955095,4.24509093591,4.22817191234,1.84739531826,16.5262016419,3008,1496,55.1801131524,12.1421884056,-24.571222951,1.14198994351,8.38853987853,0.0934106538726,0.202730642784,0.0359521472478,0.0226060057243,0.379633840685,0.0643758272118,0.0594795367402,True,22.0806082867,22.0549066902
d000320_300_003,5,blue flower,geomed_lab_converged,32.8563126022,11.4325630864,-13.1445681439,0.335636107082,0.28220356307,0.384507029731,22.0547801391,,,,,3008,1496,55.1801131524,12.1421884056,-24.571222951,1.14198994351,8.38853987853,0.0934106538726,0.202730642784,0.0359521472478,0.0226060057243,0.379633840685,0.0643758272118,0.0594795367402,True,22.0806082867,22.0549066902
d000320_300_003,5,blue flower,mc_geomedian,32.8561528834,11.4325140307,-13.1444994708,0.335634523252,0.282202203763,0.384505075038,22.0549066902,,,,,3008,1496,55.1801131524,12.1421884056,-24.571222951,1.14198994351,8.38853987853,0.0934106538726,0.202730642784,0.0359521472478,0.0226060057243,0.379633840685,0.0643758272118,0.0594795367402,True,22.0806082867,22.0549066902
d000320_300_003,5,blue flower,mc_medoid,32.8243005295,11.4629398014,-13.1479273403,0.335519026035,0.281842023167,0.38422402722,22.0806082867,,,,,3008,1496,55.1801131524,12.1421884056,-24.571222951,1.14198994351,8.38853987853,0.0934106538726,0.202730642784,0.0359521472478,0.0226060057243,0.379633840685,0.0643758272118,0.0594795367402,True,22.0806082867,22.0549066902
d000320_300_003,5,blue flower,mean_lab,31.4255195514,10.8809693248,-12.4410507971,0.321079899173,0.270303036953,0.366518574319,23.1888422695,,,,,3008,1496,55.1801131524,12.1421884056,-24.571222951,1.14198994351,8.38853987853,0.0934106538726,0.202730642784,0.0359521472478,0.0226060057243,0.379633840685,0.0643758272118,0.0594795367402,True,22.0806082867,22.0549066902
d000320_300_003,5,blue flower,median_lab,32.8366391038,11.3894990466,-13.0738054781,0.335415142082,0.28210192762,0.383880858768,22.0800294384,,,,,3008,1496,55.1801131524,12.1421884056,-24.571222951,1.14198994351,8.38853987853,0.0934106538726,0.202730642784,0.0359521472478,0.0226060057243,0.379633840685,0.0643758272118,0.0594795367402,True,22.0806082867,22.0549066902
d000320_300_003,5,blue flower,medoid_5000px,32.8724636268,11.407463083,-13.1357948202,0.335656364717,0.282406610508,0.384605506552,22.0422732193,,,,,3008,1496,55.1801131524,12.1421884056,-24.571222951,1.14198994351,8.38853987853,0.0934106538726,0.202730642784,0.0359521472478,0.0226060057243,0.379633840685,0.0643758272118,0.0594795367402,True,22.0806082867,22.0549066902
d000320_300_003,5,blue flower,prof_geomed_srgb,33.1145579224,11.6699736454,-13.4624048603,0.338506141756,0.284092469673,0.388952468147,21.8223409267,3.36981166363,3.36210120653,1.85811912891,16.205466075,3008,1496,55.1801131524,12.1421884056,-24.571222951,1.14198994351,8.38853987853,0.0934106538726,0.202730642784,0.0359521472478,0.0226060057243,0.379633840685,0.0643758272118,0.0594795367402,True,22.0806082867,22.0549066902
d000320_300_003,5,blue flower,prof_geomed_srgb_strict,33.5817032448,11.7322025975,-13.5031673372,0.343174762671,0.288214090048,0.393695176866,21.4761170004,4.29109438387,4.27166569504,1.84677699735,16.5611444359,3008,1496,55.1801131524,12.1421884056,-24.571222951,1.14198994351,8.38853987853,0.0934106538726,0.202730642784,0.0359521472478,0.0226060057243,0.379633840685,0.0643758272118,0.0594795367402,True,22.0806082867,22.0549066902
d000320_300_003,6,bluish green,core_geomed_lab,44.4866527182,-14.1903857098,1.9821464328,0.31054460158,0.438684327326,0.398037448817,25.720584982,1.83317342177,2.09989134654,2.8256488347,21.8245711328,2992,1488,70.6705390714,-31.9379466806,0.084064595589,2.33682230653,12.9924544805,0.154988509276,0.312135566408,0.217150895171,0.0769465837538,0.844167021738,0.0436999321729,0.0775008101686,True,27.271923762,27.5198059747
d000320_300_003,6,bluish green,core_mean_srgb,43.8800059535,-14.0516583136,1.99726734186,0.306075972291,0.432492118223,0.392134681788,26.3725837279,1.24793103455,1.57644179635,2.81839983193,21.4637211159,2992,1488,70.6705390714,-31.9379466806,0.084064595589,2.33682230653,12.9924544805,0.154988509276,0.312135566408,0.217150895171,0.0769465837538,0.844167021738,0.0436999321729,0.0775008101686,True,27.271923762,27.5198059747
d000320_300_003,6,bluish green,core_medoid_de2000,44.4339182053,-14.1173032418,1.94804986284,0.310540991754,0.4380498661,0.397760395492,25.7908873683,1.76317563704,2.02885560035,2.82241979562,21.7869816799,2992,1488,70.6705390714,-31.9379466806,0.084064595589,2.33682230653,12.9924544805,0.154988509276,0.312135566408,0.217150895171,0.0769465837538,0.844167021738,0.0436999321729,0.0775008101686,True,27.271923762,27.5198059747
d000320_300_003,6,bluish green,geomed_lab_converged,42.8788462524,-13.572842086,1.87170349421,0.300276890622,0.421939967168,0.383433486718,27.5195787124,,,,,2992,1488,70.6705390714,-31.9379466806,0.084064595589,2.33682230653,12.9924544805,0.154988509276,0.312135566408,0.217150895171,0.0769465837538,0.844167021738,0.0436999321729,0.0775008101686,True,27.271923762,27.5198059747
d000320_300_003,6,bluish green,mc_geomedian,42.8786458869,-13.572762104,1.87167670394,0.300275586871,0.421937885397,0.383431756989,27.5198059747,,,,,2992,1488,70.6705390714,-31.9379466806,0.084064595589,2.33682230653,12.9924544805,0.154988509276,0.312135566408,0.217150895171,0.0769465837538,0.844167021738,0.0436999321729,0.0775008101686,True,27.271923762,27.5198059747
d000320_300_003,6,bluish green,mc_medoid,43.085732897,-13.7080666026,1.90364117916,0.301187061853,0.424179170622,0.385186862868,27.271923762,,,,,2992,1488,70.6705390714,-31.9379466806,0.084064595589,2.33682230653,12.9924544805,0.154988509276,0.312135566408,0.217150895171,0.0769465837538,0.844167021738,0.0436999321729,0.0775008101686,True,27.271923762,27.5198059747
d000320_300_003,6,bluish green,mean_lab,41.0070528058,-12.9569770033,1.92391737231,0.288233602189,0.402726253535,0.365387068892,29.6559821307,,,,,2992,1488,70.6705390714,-31.9379466806,0.084064595589,2.33682230653,12.9924544805,0.154988509276,0.312135566408,0.217150895171,0.0769465837538,0.844167021738,0.0436999321729,0.0775008101686,True,27.271923762,27.5198059747
d000320_300_003,6,bluish green,median_lab,43.0409553178,-13.4042792367,1.89036043896,0.303323467197,0.423227369222,0.38487859818,27.3970423719,,,,,2992,1488,70.6705390714,-31.9379466806,0.084064595589,2.33682230653,12.9924544805,0.154988509276,0.312135566408,0.217150895171,0.0769465837538,0.844167021738,0.0436999321729,0.0775008101686,True,27.271923762,27.5198059747
d000320_300_003,6,bluish green,medoid_5000px,43.0409553178,-13.6351251466,1.85278905154,0.301187059001,0.423629838585,0.385095302024,27.3344774344,,,,,2992,1488,70.6705390714,-31.9379466806,0.084064595589,2.33682230653,12.9924544805,0.154988509276,0.312135566408,0.217150895171,0.0769465837538,0.844167021738,0.0436999321729,0.0775008101686,True,27.271923762,27.5198059747
d000320_300_003,6,bluish green,prof_geomed_srgb,43.8639366436,-14.0102086503,1.95896797184,0.306126497292,0.432272831312,0.392233157855,26.3975243871,1.20373658422,1.51883289391,2.79108441122,21.4868952642,2992,1488,70.6705390714,-31.9379466806,0.084064595589,2.33682230653,12.9924544805,0.154988509276,0.312135566408,0.217150895171,0.0769465837538,0.844167021738,0.0436999321729,0.0775008101686,True,27.271923762,27.5198059747
d000320_300_003,6,bluish green,prof_geomed_srgb_strict,44.7257095769,-14.3362318616,2.03004460566,0.311729358855,0.441259780459,0.400003116747,25.4449532867,2.1172654589,2.38688364894,2.82518259268,21.8997735877,2992,1488,70.6705390714,-31.9379466806,0.084064595589,2.33682230653,12.9924544805,0.154988509276,0.312135566408,0.217150895171,0.0769465837538,0.844167021738,0.0436999321729,0.0775008101686,True,27.271923762,27.5198059747
d000320_300_003,7,orange,core_geomed_lab,37.5767078865,20.0090349507,34.369010231,0.511329595449,0.292331423945,0.126688153407,25.6574431559,0.666254015952,0.83335874539,2.40162331673,22.6660756694,15930,7410,62.1081508121,33.3696320444,55.7646303752,1.11604221247,23.6842588977,0.052682027228,0.10451622159,0.0666933945381,0.0782953626334,1.93223047621,0.052425752299,0.0,True,26.3866152348,26.4300235192
d000320_300_003,7,orange,core_mean_srgb,35.5745591302,18.7745668985,32.2571559063,0.48203905836,0.27765705441,0.124129577308,27.7184050623,2.84308555153,2.64266774886,2.81391670547,22.3516788977,15930,7410,62.1081508121,33.3696320444,55.7646303752,1.11604221247,23.6842588977,0.052682027228,0.10451622159,0.0666933945381,0.0782953626334,1.93223047621,0.052425752299,0.0,True,26.3866152348,26.4300235192
d000320_300_003,7,orange,core_medoid_de2000,37.6563280554,20.0585407681,34.3484416208,0.51242688056,0.292927945818,0.12757039445,25.5807617328,0.640990336884,0.774791726056,2.43644631529,22.7134712664,15930,7410,62.1081508121,33.3696320444,55.7646303752,1.11604221247,23.6842588977,0.052682027228,0.10451622159,0.0666933945381,0.0782953626334,1.93223047621,0.052425752299,0.0,True,26.3866152348,26.4300235192
d000320_300_003,7,orange,geomed_lab_converged,36.8348642892,19.5598626787,33.6936437431,0.500561875431,0.286850145084,0.124964925425,26.4299143242,,,,,15930,7410,62.1081508121,33.3696320444,55.7646303752,1.11604221247,23.6842588977,0.052682027228,0.10451622159,0.0666933945381,0.0782953626334,1.93223047621,0.052425752299,0.0,True,26.3866152348,26.4300235192
d000320_300_003,7,orange,mc_geomedian,36.8347599654,19.5598017695,33.6935215052,0.500560355191,0.286849372111,0.12496488643,26.4300235192,,,,,15930,7410,62.1081508121,33.3696320444,55.7646303752,1.11604221247,23.6842588977,0.052682027228,0.10451622159,0.0666933945381,0.0782953626334,1.93223047621,0.052425752299,0.0,True,26.3866152348,26.4300235192
d000320_300_003,7,orange,mc_medoid,36.8954722733,19.5078444905,33.5888785248,0.500891103852,0.2875716617,0.126257985646,26.3866152348,,,,,15930,7410,62.1081508121,33.3696320444,55.7646303752,1.11604221247,23.6842588977,0.052682027228,0.10451622159,0.0666933945381,0.0782953626334,1.93223047621,0.052425752299,0.0,True,26.3866152348,26.4300235192
d000320_300_003,7,orange,mean_lab,33.846726253,17.6951121898,30.2747206634,0.456792915565,0.265171275613,0.122957755091,29.3928428076,,,,,15930,7410,62.1081508121,33.3696320444,55.7646303752,1.11604221247,23.6842588977,0.052682027228,0.10451622159,0.0666933945381,0.0782953626334,1.93223047621,0.052425752299,0.0,True,26.3866152348,26.4300235192
d000320_300_003,7,orange,median_lab,36.893843753,19.5586640256,33.6387141724,0.501157687424,0.2874045329,0.125894353935,26.3806573402,,,,,15930,7410,62.1081508121,33.3696320444,55.7646303752,1.11604221247,23.6842588977,0.052682027228,0.10451622159,0.0666933945381,0.0782953626334,1.93223047621,0.052425752299,0.0,True,26.3866152348,26.4300235192
d000320_300_003,7,orange,medoid_5000px,36.8954722733,19.5078444905,33.5888785248,0.500891103852,0.2875716617,0.126257985646,26.3866152348,,,,,15930,7410,62.1081508121,33.3696320444,55.7646303752,1.11604221247,23.6842588977,0.052682027228,0.10451622159,0.0666933945381,0.0782953626334,1.93223047621,0.052425752299,0.0,True,26.3866152348,26.4300235192
d000320_300_003,7,orange,prof_geomed_srgb,35.5891426314,18.7092630543,32.2792072888,0.48189517052,0.277973601892,0.124071107042,27.7083551092,2.92422158677,2.7332990393,2.78298453263,22.3489159251,15930,7410,62.1081508121,33.3696320444,55.7646303752,1.11604221247,23.6842588977,0.052682027228,0.10451622159,0.0666933945381,0.0782953626334,1.93223047621,0.052425752299,0.0,True,26.3866152348,26.4300235192
d000320_300_003,7,orange,prof_geomed_srgb_strict,37.6062885736,20.0281639571,34.4471671144,0.511804124586,0.292524954032,0.126368126401,25.6219833949,0.76192988311,0.944188295979,2.3662833418,22.6933975792,15930,7410,62.1081508121,33.3696320444,55.7646303752,1.11604221247,23.6842588977,0.052682027228,0.10451622159,0.0666933945381,0.0782953626334,1.93223047621,0.052425752299,0.0,True,26.3866152348,26.4300235192
d000320_300_003,8,purplish blue,core_geomed_lab,19.4553539243,19.1649357248,-32.0451020385,0.177638829134,0.154482204552,0.369874159736,18.0500481172,3.83787735049,3.87139706469,1.07811382645,11.8048344591,16470,7706,40.055640693,16.2557324798,-44.3692721207,0.531138981904,16.2517946765,0.0500820627534,0.0882623722153,0.0431399896472,0.0303079345735,0.296419059422,0.529052352665,0.0297147476968,True,18.2895188097,18.3294881442
d000320_300_003,8,purplish blue,core_mean_srgb,18.8056777032,18.2349801708,-30.6118818822,0.173113696485,0.150756554226,0.355177480583,18.5976121356,2.52112120628,2.48347656182,1.05101057274,11.6342252134,16470,7706,40.055640693,16.2557324798,-44.3692721207,0.531138981904,16.2517946765,0.0500820627534,0.0882623722153,0.0431399896472,0.0303079345735,0.296419059422,0.529052352665,0.0297147476968,True,18.2895188097,18.3294881442
d000320_300_003,8,purplish blue,core_medoid_de2000,19.4422372234,19.2149521981,-32.0540390806,0.177852610899,0.154240362725,0.36980342551,18.0682943022,3.8651464544,3.81002782787,1.0238296616,11.7721441784,16470,7706,40.055640693,16.2557324798,-44.3692721207,0.531138981904,16.2517946765,0.0500820627534,0.0882623722153,0.0431399896472,0.0303079345735,0.296419059422,0.529052352665,0.0297147476968,True,18.2895188097,18.3294881442
d000320_300_003,8,purplish blue,geomed_lab_converged,19.1102218892,18.9131863556,-31.542368741,0.175516695656,0.151997866338,0.363586833036,18.3294148037,,,,,16470,7706,40.055640693,16.2557324798,-44.3692721207,0.531138981904,16.2517946765,0.0500820627534,0.0882623722153,0.0431399896472,0.0303079345735,0.296419059422,0.529052352665,0.0297147476968,True,18.2895188097,18.3294881442
d000320_300_003,8,purplish blue,mc_geomedian,19.1101286655,18.9131215453,-31.5422438952,0.175516077264,0.151997194117,0.363585201715,18.3294881442,,,,,16470,7706,40.055640693,16.2557324798,-44.3692721207,0.531138981904,16.2517946765,0.0500820627534,0.0882623722153,0.0431399896472,0.0303079345735,0.296419059422,0.529052352665,0.0297147476968,True,18.2895188097,18.3294881442
d000320_300_003,8,purplish blue,mc_medoid,19.1723088151,18.9079480002,-31.548515629,0.17603659773,0.152531381819,0.364218614786,18.2895188097,,,,,16470,7706,40.055640693,16.2557324798,-44.3692721207,0.531138981904,16.2517946765,0.0500820627534,0.0882623722153,0.0431399896472,0.0303079345735,0.296419059422,0.529052352665,0.0297147476968,True,18.2895188097,18.3294881442
d000320_300_003,8,purplish blue,mean_lab,18.000818283,17.2578211338,-28.6641138204,0.169816955059,0.145585920243,0.336123340711,19.3883199833,,,,,16470,7706,40.055640693,16.2557324798,-44.3692721207,0.531138981904,16.2517946765,0.0500820627534,0.0882623722153,0.0431399896472,0.0303079345735,0.296419059422,0.529052352665,0.0297147476968,True,18.2895188097,18.3294881442
d000320_300_003,8,purplish blue,median_lab,19.0404570744,18.9084225268,-31.5673435893,0.174644231409,0.151447681374,0.363063550442,18.3626912034,,,,,16470,7706,40.055640693,16.2557324798,-44.3692721207,0.531138981904,16.2517946765,0.0500820627534,0.0882623722153,0.0431399896472,0.0303079345735,0.296419059422,0.529052352665,0.0297147476968,True,18.2895188097,18.3294881442
d000320_300_003,8,purplish blue,medoid_5000px,19.1416090361,18.9071808821,-31.5129474477,0.175960280346,0.152256721207,0.363715065757,18.3174205022,,,,,16470,7706,40.055640693,16.2557324798,-44.3692721207,0.531138981904,16.2517946765,0.0500820627534,0.0882623722153,0.0431399896472,0.0303079345735,0.296419059422,0.529052352665,0.0297147476968,True,18.2895188097,18.3294881442
d000320_300_003,8,purplish blue,prof_geomed_srgb,19.1161387449,19.0205677006,-31.6938331977,0.175448233768,0.151842526894,0.364538033112,18.3115056563,3.02169193405,2.99030303601,1.08033283814,11.6648141809,16470,7706,40.055640693,16.2557324798,-44.3692721207,0.531138981904,16.2517946765,0.0500820627534,0.0882623722153,0.0431399896472,0.0303079345735,0.296419059422,0.529052352665,0.0297147476968,True,18.2895188097,18.3294881442
d000320_300_003,8,purplish blue,prof_geomed_srgb_strict,19.4636139374,19.1603457133,-32.0701247533,0.177512166511,0.154576984405,0.370099667514,18.0370766594,3.86926909694,3.88304050468,1.04758955529,11.8173999311,16470,7706,40.055640693,16.2557324798,-44.3692721207,0.531138981904,16.2517946765,0.0500820627534,0.0882623722153,0.0431399896472,0.0303079345735,0.296419059422,0.529052352665,0.0297147476968,True,18.2895188097,18.3294881442
d000320_300_003,9,moderate red,core_geomed_lab,31.5512174811,30.9491839765,13.1161421632,0.479388724263,0.203887075803,0.216583393112,17.6240508131,1.75905210529,1.82194651945,1.04028679111,15.2678669232,14940,6848,50.0579766452,48.095691371,15.6009692873,0.774869167813,7.90891969353,0.106875718684,0.185661072639,0.0888451085212,0.0460444460557,0.674174000903,0.110368084142,0.0931311141977,True,18.1004442155,18.0396721576
d000320_300_003,9,moderate red,core_mean_srgb,30.8370551711,30.2687353375,12.7802801185,0.468215932005,0.199882226109,0.212280468844,18.2304443986,1.52970338782,1.63199360369,1.00937450844,15.0627520082,14940,6848,50.0579766452,48.095691371,15.6009692873,0.774869167813,7.90891969353,0.106875718684,0.185661072639,0.0888451085212,0.0460444460557,0.674174000903,0.110368084142,0.0931311141977,True,18.1004442155,18.0396721576
d000320_300_003,9,moderate red,core_medoid_de2000,31.5097955213,30.8855989752,13.0712227534,0.478598402494,0.203755118435,0.216481564234,17.6620264709,1.74346892949,1.80987149844,1.03491420269,15.2595318052,14940,6848,50.0579766452,48.095691371,15.6009692873,0.774869167813,7.90891969353,0.106875718684,0.185661072639,0.0888451085212,0.0460444460557,0.674174000903,0.110368084142,0.0931311141977,True,18.1004442155,18.0396721576
d000320_300_003,9,moderate red,geomed_lab_converged,31.0608516264,30.5024920343,12.9406387118,0.471868549214,0.201055052128,0.213302185814,18.039588266,,,,,14940,6848,50.0579766452,48.095691371,15.6009692873,0.774869167813,7.90891969353,0.106875718684,0.185661072639,0.0888451085212,0.0460444460557,0.674174000903,0.110368084142,0.0931311141977,True,18.1004442155,18.0396721576
d000320_300_003,9,moderate red,mc_geomedian,31.0607535806,30.5023927717,12.9405881842,0.471866984145,0.201054528385,0.213301621138,18.0396721576,,,,,14940,6848,50.0579766452,48.095691371,15.6009692873,0.774869167813,7.90891969353,0.106875718684,0.185661072639,0.0888451085212,0.0460444460557,0.674174000903,0.110368084142,0.0931311141977,True,18.1004442155,18.0396721576
d000320_300_003,9,moderate red,mc_medoid,31.015849691,30.3151343528,12.911693191,0.470480621586,0.201359116695,0.213048269736,18.1004442155,,,,,14940,6848,50.0579766452,48.095691371,15.6009692873,0.774869167813,7.90891969353,0.106875718684,0.185661072639,0.0888451085212,0.0460444460557,0.674174000903,0.110368084142,0.0931311141977,True,18.1004442155,18.0396721576
d000320_300_003,9,moderate red,mean_lab,29.8151268487,29.3361367633,12.400597793,0.452607068967,0.194021819415,0.205558007836,19.0903501255,,,,,14940,6848,50.0579766452,48.095691371,15.6009692873,0.774869167813,7.90891969353,0.106875718684,0.185661072639,0.0888451085212,0.0460444460557,0.674174000903,0.110368084142,0.0931311141977,True,18.1004442155,18.0396721576
d000320_300_003,9,moderate red,median_lab,31.129456612,30.4390661791,12.9356502027,0.472297562003,0.201941556584,0.213912086954,18.0003502714,,,,,14940,6848,50.0579766452,48.095691371,15.6009692873,0.774869167813,7.90891969353,0.106875718684,0.185661072639,0.0888451085212,0.0460444460557,0.674174000903,0.110368084142,0.0931311141977,True,18.1004442155,18.0396721576
d000320_300_003,9,moderate red,medoid_5000px,31.0975989242,30.4696123882,12.9330399853,0.472098073507,0.201527048444,0.213658630484,18.0181917564,,,,,14940,6848,50.0579766452,48.095691371,15.6009692873,0.774869167813,7.90891969353,0.106875718684,0.185661072639,0.0888451085212,0.0460444460557,0.674174000903,0.110368084142,0.0931311141977,True,18.1004442155,18.0396721576
d000320_300_003,9,moderate red,prof_geomed_srgb,30.84536933,30.1428447018,12.8943288763,0.467841611353,0.200411993591,0.211642633707,18.2490693124,1.34601059094,1.45545070795,1.00675384358,15.0899422918,14940,6848,50.0579766452,48.095691371,15.6009692873,0.774869167813,7.90891969353,0.106875718684,0.185661072639,0.0888451085212,0.0460444460557,0.674174000903,0.110368084142,0.0931311141977,True,18.1004442155,18.0396721576
d000320_300_003,9,moderate red,prof_geomed_srgb_strict,31.5744379906,30.975193508,13.13437691,0.479779848319,0.203983282001,0.216678440512,17.6039908875,1.80356104516,1.8665174642,1.03548474431,15.2982734761,14940,6848,50.0579766452,48.095691371,15.6009692873,0.774869167813,7.90891969353,0.106875718684,0.185661072639,0.0888451085212,0.0460444460557,0.674174000903,0.110368084142,0.0931311141977,True,18.1004442155,18.0396721576
d000320_300_003,10,purple,core_geomed_lab,15.0631159312,16.9666258022,-12.9591622493,0.206310245708,0.114310218045,0.220581062333,11.9192682901,2.22024033303,2.16677899453,0.714621731074,8.74515925281,15660,7252,30.2103699882,24.3892386639,-20.8819504697,0.551855395016,5.78303978201,0.0759037720338,0.112236477234,0.0509125599652,0.0449652094477,0.441334433311,0.0297327962949,0.0600011758922,True,12.1734217212,12.1963879309
d000320_300_003,10,purple,core_mean_srgb,14.8280541108,16.4202951609,-12.5202143221,0.202610117556,0.11374732036,0.216070794708,12.2165674311,2.12985607491,2.08473627383,0.718124178946,8.53086173283,15660,7252,30.2103699882,24.3892386639,-20.8819504697,0.551855395016,5.78303978201,0.0759037720338,0.112236477234,0.0509125599652,0.0449652094477,0.441334433311,0.0297327962949,0.0600011758922,True,12.1734217212,12.1963879309
d000320_300_003,10,purple,core_medoid_de2000,15.0120639644,16.9198083999,-12.9475108094,0.205647803257,0.114020767334,0.220066483432,11.958021308,2.17895773207,2.12750174436,0.717287858229,8.75022701285,15660,7252,30.2103699882,24.3892386639,-20.8819504697,0.551855395016,5.78303978201,0.0759037720338,0.112236477234,0.0509125599652,0.0449652094477,0.441334433311,0.0297327962949,0.0600011758922,True,12.1734217212,12.1963879309
d000320_300_003,10,purple,geomed_lab_converged,14.7954050774,16.5391419758,-12.6367552161,0.20262015803,0.113198961091,0.216436088236,12.1963159579,,,,,15660,7252,30.2103699882,24.3892386639,-20.8819504697,0.551855395016,5.78303978201,0.0759037720338,0.112236477234,0.0509125599652,0.0449652094477,0.441334433311,0.0297327962949,0.0600011758922,True,12.1734217212,12.1963879309
d000320_300_003,10,purple,mc_geomedian,14.795343319,16.5390209473,-12.6366576114,0.202619255476,0.113198757722,0.216435004127,12.1963879309,,,,,15660,7252,30.2103699882,24.3892386639,-20.8819504697,0.551855395016,5.78303978201,0.0759037720338,0.112236477234,0.0509125599652,0.0449652094477,0.441334433311,0.0297327962949,0.0600011758922,True,12.1734217212,12.1963879309
d000320_300_003,10,purple,mc_medoid,14.8474795618,16.5531502324,-12.5841102875,0.203297871659,0.113562959523,0.21660268498,12.1734217212,,,,,15660,7252,30.2103699882,24.3892386639,-20.8819504697,0.551855395016,5.78303978201,0.0759037720338,0.112236477234,0.0509125599652,0.0449652094477,0.441334433311,0.0297327962949,0.0600011758922,True,12.1734217212,12.1963879309
d000320_300_003,10,purple,mean_lab,14.3776321763,15.6232318589,-11.8756594323,0.196294314282,0.112036009685,0.208561691741,12.7285758617,,,,,15660,7252,30.2103699882,24.3892386639,-20.8819504697,0.551855395016,5.78303978201,0.0759037720338,0.112236477234,0.0509125599652,0.0449652094477,0.441334433311,0.0297327962949,0.0600011758922,True,12.1734217212,12.1963879309
d000320_300_003,10,purple,median_lab,14.81458729,16.4889996101,-12.6133979286,0.202592578545,0.113487733997,0.216471103741,12.1968758088,,,,,15660,7252,30.2103699882,24.3892386639,-20.8819504697,0.551855395016,5.78303978201,0.0759037720338,0.112236477234,0.0509125599652,0.0449652094477,0.441334433311,0.0297327962949,0.0600011758922,True,12.1734217212,12.1963879309
d000320_300_003,10,purple,medoid_5000px,14.7975642318,16.5203613691,-12.6445056611,0.20251967346,0.113273010233,0.21649586988,12.19644951,,,,,15660,7252,30.2103699882,24.3892386639,-20.8819504697,0.551855395016,5.78303978201,0.0759037720338,0.112236477234,0.0509125599652,0.0449652094477,0.441334433311,0.0297327962949,0.0600011758922,True,12.1734217212,12.1963879309
d000320_300_003,10,purple,prof_geomed_srgb,14.8015460488,16.3978146486,-12.5426644895,0.202197299153,0.113603418021,0.215960936904,12.2313277523,1.51188271876,1.48727305368,0.72216970081,8.58548736576,15660,7252,30.2103699882,24.3892386639,-20.8819504697,0.551855395016,5.78303978201,0.0759037720338,0.112236477234,0.0509125599652,0.0449652094477,0.441334433311,0.0297327962949,0.0600011758922,True,12.1734217212,12.1963879309
d000320_300_003,10,purple,prof_geomed_srgb_strict,15.0636455675,16.9882684104,-12.9654668583,0.206408259521,0.114249864608,0.220621294979,11.9148395373,2.23726916923,2.18138412391,0.711619124963,8.75713842257,15660,7252,30.2103699882,24.3892386639,-20.8819504697,0.551855395016,5.78303978201,0.0759037720338,0.112236477234,0.0509125599652,0.0449652094477,0.441334433311,0.0297327962949,0.0600011758922,True,12.1734217212,12.1963879309
d000320_300_003,11,yellow green,core_geomed_lab,46.5858416859,-18.1050048822,37.0766167756,0.391791441055,0.46038724746,0.174998124328,23.3331337449,1.77552299656,1.77190249143,1.03155565649,20.2540354168,16920,7956,71.5229920181,-28.4163521473,58.8483467164,1.05162374721,11.3870705421,0.133093644077,0.242860640809,0.152444314998,0.0885509318816,0.166467095602,0.746216734616,0.0898109330792,True,24.0120282848,24.1756188607
d000320_300_003,11,yellow green,core_mean_srgb,45.7199107733,-17.7886806181,36.3793236203,0.384252512953,0.451386338526,0.172510616969,24.2855406902,0.635998862399,0.632028143679,1.09519099363,20.0377014858,16920,7956,71.5229920181,-28.4163521473,58.8483467164,1.05162374721,11.3870705421,0.133093644077,0.242860640809,0.152444314998,0.0885509318816,0.166467095602,0.746216734616,0.0898109330792,True,24.0120282848,24.1756188607
d000320_300_003,11,yellow green,core_medoid_de2000,46.6681655473,-18.1297112164,37.1780019726,0.392598707221,0.461230932833,0.174953160179,23.2401289793,1.8628450291,1.85968103524,1.02843584738,20.3614924495,16920,7956,71.5229920181,-28.4163521473,58.8483467164,1.05162374721,11.3870705421,0.133093644077,0.242860640809,0.152444314998,0.0885509318816,0.166467095602,0.746216734616,0.0898109330792,True,24.0120282848,24.1756188607
d000320_300_003,11,yellow green,geomed_lab_converged,45.8094677594,-17.8816992635,36.5403083536,0.384751410463,0.45241790722,0.17204787205,24.175485051,,,,,16920,7956,71.5229920181,-28.4163521473,58.8483467164,1.05162374721,11.3870705421,0.133093644077,0.242860640809,0.152444314998,0.0885509318816,0.166467095602,0.746216734616,0.0898109330792,True,24.0120282848,24.1756188607
d000320_300_003,11,yellow green,mc_geomedian,45.8093476144,-17.8816544899,36.5402014112,0.384750356748,0.452416661233,0.172047610435,24.1756188607,,,,,16920,7956,71.5229920181,-28.4163521473,58.8483467164,1.05162374721,11.3870705421,0.133093644077,0.242860640809,0.152444314998,0.0885509318816,0.166467095602,0.746216734616,0.0898109330792,True,24.0120282848,24.1756188607
d000320_300_003,11,yellow green,mc_medoid,45.9644253808,-17.8735170841,36.6133818452,0.386464599823,0.453921695623,0.172923531956,24.0120282848,,,,,16920,7956,71.5229920181,-28.4163521473,58.8483467164,1.05162374721,11.3870705421,0.133093644077,0.242860640809,0.152444314998,0.0885509318816,0.166467095602,0.746216734616,0.0898109330792,True,24.0120282848,24.1756188607
d000320_300_003,11,yellow green,mean_lab,43.7554726081,-16.974358889,34.9352677365,0.368099317955,0.430948124381,0.165830885343,26.4831112548,,,,,16920,7956,71.5229920181,-28.4163521473,58.8483467164,1.05162374721,11.3870705421,0.133093644077,0.242860640809,0.152444314998,0.0885509318816,0.166467095602,0.746216734616,0.0898109330792,True,24.0120282848,24.1756188607
d000320_300_003,11,yellow green,median_lab,45.9285482159,-17.8599967246,36.4676686832,0.385980343538,0.453560796779,0.173753532184,24.062775449,,,,,16920,7956,71.5229920181,-28.4163521473,58.8483467164,1.05162374721,11.3870705421,0.133093644077,0.242860640809,0.152444314998,0.0885509318816,0.166467095602,0.746216734616,0.0898109330792,True,24.0120282848,24.1756188607
d000320_300_003,11,yellow green,medoid_5000px,45.876336715,-17.9295330886,36.6621777431,0.385274392168,0.453143460953,0.171687580275,24.0941905768,,,,,16920,7956,71.5229920181,-28.4163521473,58.8483467164,1.05162374721,11.3870705421,0.133093644077,0.242860640809,0.152444314998,0.0885509318816,0.166467095602,0.746216734616,0.0898109330792,True,24.0120282848,24.1756188607
d000320_300_003,11,yellow green,prof_geomed_srgb,46.4543699341,-18.1278744701,36.9591642734,0.390142671855,0.45912870985,0.174685282673,23.4751065799,1.49969242018,1.4872647079,1.02074485353,19.956065198,16920,7956,71.5229920181,-28.4163521473,58.8483467164,1.05162374721,11.3870705421,0.133093644077,0.242860640809,0.152444314998,0.0885509318816,0.166467095602,0.746216734616,0.0898109330792,True,24.0120282848,24.1756188607
d000320_300_003,11,yellow green,prof_geomed_srgb_strict,46.5974059674,-18.1535805414,37.1942534863,0.391750776975,0.4605591563,0.174138399979,23.3084045604,1.7445223004,1.73785096762,1.03208379372,20.2616354056,16920,7956,71.5229920181,-28.4163521473,58.8483467164,1.05162374721,11.3870705421,0.133093644077,0.242860640809,0.152444314998,0.0885509318816,0.166467095602,0.746216734616,0.0898109330792,True,24.0120282848,24.1756188607
d000320_300_003,12,orange yellow,core_geomed_lab,44.9626332808,6.16478552045,42.4423748222,0.526557461006,0.396407149424,0.123354994492,24.8198590365,2.54497888564,2.68505491787,1.82274581952,22.8177601819,16830,7914,70.9646413125,14.7507847582,67.2475837126,1.03548203998,8.91190020224,0.138328410995,0.259907063823,0.0856945685362,0.0327639757648,0.484048267612,0.0623513888155,0.128968550744,True,25.7125810321,25.6172284081
d000320_300_003,12,orange yellow,core_mean_srgb,44.4550325104,6.05415152542,41.9512184973,0.520080722424,0.391848703385,0.122693794254,25.3934260152,1.53794593063,1.79668950792,2.21055831712,22.3404663565,16830,7914,70.9646413125,14.7507847582,67.2475837126,1.03548203998,8.91190020224,0.138328410995,0.259907063823,0.0856945685362,0.0327639757648,0.484048267612,0.0623513888155,0.128968550744,True,25.7125810321,25.6172284081
d000320_300_003,12,orange yellow,core_medoid_de2000,44.9735257425,6.12129581147,42.4357952095,0.526434584012,0.396612141868,0.123500235174,24.8137613921,2.6674985554,2.8093555349,1.87937951503,22.8460218471,16830,7914,70.9646413125,14.7507847582,67.2475837126,1.03548203998,8.91190020224,0.138328410995,0.259907063823,0.0856945685362,0.0327639757648,0.484048267612,0.0623513888155,0.128968550744,True,25.7125810321,25.6172284081
d000320_300_003,12,orange yellow,geomed_lab_converged,44.264315466,6.05945048103,41.6263740137,0.517787272771,0.390064489397,0.123721383644,25.6171089951,,,,,16830,7914,70.9646413125,14.7507847582,67.2475837126,1.03548203998,8.91190020224,0.138328410995,0.259907063823,0.0856945685362,0.0327639757648,0.484048267612,0.0623513888155,0.128968550744,True,25.7125810321,25.6172284081
d000320_300_003,12,orange yellow,mc_geomedian,44.2642097269,6.05943574625,41.6262725959,0.51778597119,0.39006352544,0.123721240557,25.6172284081,,,,,16830,7914,70.9646413125,14.7507847582,67.2475837126,1.03548203998,8.91190020224,0.138328410995,0.259907063823,0.0856945685362,0.0327639757648,0.484048267612,0.0623513888155,0.128968550744,True,25.7125810321,25.6172284081
d000320_300_003,12,orange yellow,mc_medoid,44.1749168589,6.06864925684,41.5807932254,0.516836698939,0.389196005066,0.123255767208,25.7125810321,,,,,16830,7914,70.9646413125,14.7507847582,67.2475837126,1.03548203998,8.91190020224,0.138328410995,0.259907063823,0.0856945685362,0.0327639757648,0.484048267612,0.0623513888155,0.128968550744,True,25.7125810321,25.6172284081
d000320_300_003,12,orange yellow,mean_lab,42.5557933474,5.76081656628,40.0525294343,0.496559101661,0.37467572524,0.120781903476,27.5728876877,,,,,16830,7914,70.9646413125,14.7507847582,67.2475837126,1.03548203998,8.91190020224,0.138328410995,0.259907063823,0.0856945685362,0.0327639757648,0.484048267612,0.0623513888155,0.128968550744,True,25.7125810321,25.6172284081
d000320_300_003,12,orange yellow,median_lab,44.35605918,6.00325331826,41.5855988622,0.518438742703,0.391072014747,0.124949804556,25.5314622734,,,,,16830,7914,70.9646413125,14.7507847582,67.2475837126,1.03548203998,8.91190020224,0.138328410995,0.259907063823,0.0856945685362,0.0327639757648,0.484048267612,0.0623513888155,0.128968550744,True,25.7125810321,25.6172284081
d000320_300_003,12,orange yellow,medoid_5000px,44.3067504494,6.08618874621,41.6876377798,0.518438890994,0.390401509405,0.123606756832,25.5653777273,,,,,16830,7914,70.9646413125,14.7507847582,67.2475837126,1.03548203998,8.91190020224,0.138328410995,0.259907063823,0.0856945685362,0.0327639757648,0.484048267612,0.0623513888155,0.128968550744,True,25.7125810321,25.6172284081
d000320_300_003,12,orange yellow,prof_geomed_srgb,44.4916883226,6.12146003787,42.0409160089,0.520912489509,0.39203479057,0.12228580148,25.3413189842,1.93691797179,2.13884072862,2.22528345298,22.235641762,16830,7914,70.9646413125,14.7507847582,67.2475837126,1.03548203998,8.91190020224,0.138328410995,0.259907063823,0.0856945685362,0.0327639757648,0.484048267612,0.0623513888155,0.128968550744,True,25.7125810321,25.6172284081
d000320_300_003,12,orange yellow,prof_geomed_srgb_strict,44.9780694486,6.16699744786,42.4882503753,0.526775142747,0.396530239755,0.123087270816,24.8000583357,2.59645429271,2.73477010514,1.78494754568,22.7328989669,16830,7914,70.9646413125,14.7507847582,67.2475837126,1.03548203998,8.91190020224,0.138328410995,0.259907063823,0.0856945685362,0.0327639757648,0.484048267612,0.0623513888155,0.128968550744,True,25.7125810321,25.6172284081
d000320_300_003,13,blue,core_geomed_lab,12.4118809006,25.555243032,-36.9780611957,0.124247678956,0.0804986523045,0.331443969445,14.3076283761,2.3563071544,2.21637805067,3.01184185278,8.35464165505,8850,4326,29.1495129498,21.6670229957,-48.7421271756,0.915536164583,14.5820275425,0.096151658271,0.238221002219,0.0996076021163,0.0652893900548,0.146879914319,0.987793114195,0.0528023065949,True,14.5974554412,14.6132687409
d000320_300_003,13,blue,core_mean_srgb,12.1554488781,23.4604979801,-34.3483042943,0.12420542594,0.0836038952622,0.313925236648,14.6846860137,5.74555057075,5.336529861,3.9778738713,8.31627492986,8850,4326,29.1495129498,21.6670229957,-48.7421271756,0.915536164583,14.5820275425,0.096151658271,0.238221002219,0.0996076021163,0.0652893900548,0.146879914319,0.987793114195,0.0528023065949,True,14.5974554412,14.6132687409
d000320_300_003,13,blue,core_medoid_de2000,12.3916759404,25.7040640051,-37.1033499907,0.124310338499,0.0798953179336,0.331976015671,14.3222704158,2.12234994745,2.06315148593,2.9419000898,8.19222119164,8850,4326,29.1495129498,21.6670229957,-48.7421271756,0.915536164583,14.5820275425,0.096151658271,0.238221002219,0.0996076021163,0.0652893900548,0.146879914319,0.987793114195,0.0528023065949,True,14.5974554412,14.6132687409
d000320_300_003,13,blue,geomed_lab_converged,12.0907013324,24.5858343188,-35.6469721645,0.12308548072,0.080238985273,0.320754012817,14.6132319665,,,,,8850,4326,29.1495129498,21.6670229957,-48.7421271756,0.915536164583,14.5820275425,0.096151658271,0.238221002219,0.0996076021163,0.0652893900548,0.146879914319,0.987793114195,0.0528023065949,True,14.5974554412,14.6132687409
d000320_300_003,13,blue,mc_geomedian,12.0906684465,24.5857070195,-35.6467962639,0.123085424958,0.0802390223236,0.320752694307,14.6132687409,,,,,8850,4326,29.1495129498,21.6670229957,-48.7421271756,0.915536164583,14.5820275425,0.096151658271,0.238221002219,0.0996076021163,0.0652893900548,0.146879914319,0.987793114195,0.0528023065949,True,14.5974554412,14.6132687409
d000320_300_003,13,blue,mc_medoid,12.0563484444,24.7313105819,-35.8834926843,0.12212780336,0.0796514396663,0.321782979189,14.5974554412,,,,,8850,4326,29.1495129498,21.6670229957,-48.7421271756,0.915536164583,14.5820275425,0.096151658271,0.238221002219,0.0996076021163,0.0652893900548,0.146879914319,0.987793114195,0.0528023065949,True,14.5974554412,14.6132687409
d000320_300_003,13,blue,mean_lab,11.9547527396,21.2264701699,-31.059223877,0.127487608453,0.0868032197558,0.293350293181,15.3069890545,,,,,8850,4326,29.1495129498,21.6670229957,-48.7421271756,0.915536164583,14.5820275425,0.096151658271,0.238221002219,0.0996076021163,0.0652893900548,0.146879914319,0.987793114195,0.0528023065949,True,14.5974554412,14.6132687409
d000320_300_003,13,blue,median_lab,12.1241812044,24.5925440358,-35.6959901248,0.123112672273,0.08052920843,0.321349954939,14.582435006,,,,,8850,4326,29.1495129498,21.6670229957,-48.7421271756,0.915536164583,14.5820275425,0.096151658271,0.238221002219,0.0996076021163,0.0652893900548,0.146879914319,0.987793114195,0.0528023065949,True,14.5974554412,14.6132687409
d000320_300_003,13,blue,medoid_5000px,12.1032833259,24.631321222,-35.8064046826,0.122371926718,0.0803228758685,0.321782981123,14.5694207702,,,,,8850,4326,29.1495129498,21.6670229957,-48.7421271756,0.915536164583,14.5820275425,0.096151658271,0.238221002219,0.0996076021163,0.0652893900548,0.146879914319,0.987793114195,0.0528023065949,True,14.5974554412,14.6132687409
d000320_300_003,13,blue,prof_geomed_srgb,12.314995891,25.3184701025,-36.6710982337,0.123628595407,0.0803082322423,0.328755626764,14.3847372603,1.93897983274,1.96506529186,2.71609766132,8.521586965,8850,4326,29.1495129498,21.6670229957,-48.7421271756,0.915536164583,14.5820275425,0.096151658271,0.238221002219,0.0996076021163,0.0652893900548,0.146879914319,0.987793114195,0.0528023065949,True,14.5974554412,14.6132687409
d000320_300_003,13,blue,prof_geomed_srgb_strict,12.3941953386,25.5914051824,-37.0025565932,0.124165303148,0.0802441447367,0.331416959296,14.3196097716,2.28302522656,2.20212051648,2.98464773064,8.29974148547,8850,4326,29.1495129498,21.6670229957,-48.7421271756,0.915536164583,14.5820275425,0.096151658271,0.238221002219,0.0996076021163,0.0652893900548,0.146879914319,0.987793114195,0.0528023065949,True,14.5974554412,14.6132687409
d000320_300_003,14,green,core_geomed_lab,37.4625434608,-23.3853197211,21.1565111463,0.231903819224,0.381489288305,0.207015885417,18.0205984214,1.40965325897,1.33750781735,2.48134693333,16.3070906446,9150,4478,54.3538637158,-42.6786194261,32.8714488287,2.10058391397,18.4144738982,0.174918854149,0.354341984363,0.136845007408,0.0767002997405,0.228939005316,1.30350137122,0.203173502302,True,19.5522418742,19.4812052801
d000320_300_003,14,green,core_mean_srgb,35.9172833779,-22.1745325468,20.0937546395,0.224877984901,0.365063072271,0.200675659812,19.4492260457,0.982056246374,0.915192526952,2.70018058358,16.0706845529,9150,4478,54.3538637158,-42.6786194261,32.8714488287,2.10058391397,18.4144738982,0.174918854149,0.354341984363,0.136845007408,0.0767002997405,0.228939005316,1.30350137122,0.203173502302,True,19.5522418742,19.4812052801
d000320_300_003,14,green,core_medoid_de2000,37.5350943201,-23.474390685,21.2168819185,0.231984152566,0.382307893969,0.207237659744,17.9467505543,1.45740782732,1.39281081355,2.46599751452,16.2784731716,9150,4478,54.3538637158,-42.6786194261,32.8714488287,2.10058391397,18.4144738982,0.174918854149,0.354341984363,0.136845007408,0.0767002997405,0.228939005316,1.30350137122,0.203173502302,True,19.5522418742,19.4812052801
d000320_300_003,14,green,geomed_lab_converged,35.9068741983,-22.1300951531,19.8617558804,0.224515131654,0.364938334828,0.202137741034,19.4810345495,,,,,9150,4478,54.3538637158,-42.6786194261,32.8714488287,2.10058391397,18.4144738982,0.174918854149,0.354341984363,0.136845007408,0.0767002997405,0.228939005316,1.30350137122,0.203173502302,True,19.5522418742,19.4812052801
d000320_300_003,14,green,mc_geomedian,35.9066847248,-22.1299641538,19.8616279505,0.224514127675,0.364936353979,0.202136944021,19.4812052801,,,,,9150,4478,54.3538637158,-42.6786194261,32.8714488287,2.10058391397,18.4144738982,0.174918854149,0.354341984363,0.136845007408,0.0767002997405,0.228939005316,1.30350137122,0.203173502302,True,19.5522418742,19.4812052801
d000320_300_003,14,green,mc_medoid,35.8872608882,-21.87607461,19.6897367672,0.22600261828,0.36440876316,0.203147899712,19.5522418742,,,,,9150,4478,54.3538637158,-42.6786194261,32.8714488287,2.10058391397,18.4144738982,0.174918854149,0.354341984363,0.136845007408,0.0767002997405,0.228939005316,1.30350137122,0.203173502302,True,19.5522418742,19.4812052801
d000320_300_003,14,green,mean_lab,33.1481583391,-19.5783425659,17.8294002961,0.214733915973,0.33539017662,0.191759552764,22.0640092296,,,,,9150,4478,54.3538637158,-42.6786194261,32.8714488287,2.10058391397,18.4144738982,0.174918854149,0.354341984363,0.136845007408,0.0767002997405,0.228939005316,1.30350137122,0.203173502302,True,19.5522418742,19.4812052801
d000320_300_003,14,green,median_lab,35.9323923033,-22.2040153802,19.77651773,0.223885670512,0.365299260619,0.20291611877,19.4559016428,,,,,9150,4478,54.3538637158,-42.6786194261,32.8714488287,2.10058391397,18.4144738982,0.174918854149,0.354341984363,0.136845007408,0.0767002997405,0.228939005316,1.30350137122,0.203173502302,True,19.5522418742,19.4812052801
d000320_300_003,14,green,medoid_5000px,36.0698983147,-22.1391554526,19.8199037608,0.225834785943,0.366514531592,0.203849849406,19.3630414466,,,,,9150,4478,54.3538637158,-42.6786194261,32.8714488287,2.10058391397,18.4144738982,0.174918854149,0.354341984363,0.136845007408,0.0767002997405,0.228939005316,1.30350137122,0.203173502302,True,19.5522418742,19.4812052801
d000320_300_003,14,green,prof_geomed_srgb,37.3001237491,-23.1948340195,21.039112987,0.231692988479,0.379659723812,0.206393530175,18.1831354038,1.27412497432,1.19688022202,2.54174120768,16.0626719988,9150,4478,54.3538637158,-42.6786194261,32.8714488287,2.10058391397,18.4144738982,0.174918854149,0.354341984363,0.136845007408,0.0767002997405,0.228939005316,1.30350137122,0.203173502302,True,19.5522418742,19.4812052801
d000320_300_003,14,green,prof_geomed_srgb_strict,37.5120823343,-23.45923579,21.2479772288,0.231984899244,0.382052133983,0.206821994602,17.9647850095,1.4654927916,1.38986711653,2.50048120215,16.3542133989,9150,4478,54.3538637158,-42.6786194261,32.8714488287,2.10058391397,18.4144738982,0.174918854149,0.354341984363,0.136845007408,0.0767002997405,0.228939005316,1.30350137122,0.203173502302,True,19.5522418742,19.4812052801
d000320_300_003,15,red,core_geomed_lab,28.6983375941,31.7446847961,18.6256299884,0.457717320125,0.172564028333,0.159400962146,12.7023259563,1.14785400736,1.01067087483,1.58177622457,13.1921718664,8300,4048,41.8159677202,50.323734474,27.3622600889,0.891412798085,9.28725551496,0.100224594276,0.225782181516,0.0692903418499,0.0198564309933,0.609045131064,0.43625682506,0.0609862641199,True,13.1242768765,13.1904951616
d000320_300_003,15,red,core_mean_srgb,27.6665215797,30.5616975678,17.6858748937,0.440521998775,0.16797028019,0.156169202197,13.6399790805,1.73989201255,1.68424646011,1.76327440623,12.9267588276,8300,4048,41.8159677202,50.323734474,27.3622600889,0.891412798085,9.28725551496,0.100224594276,0.225782181516,0.0692903418499,0.0198564309933,0.609045131064,0.43625682506,0.0609862641199,True,13.1242768765,13.1904951616
d000320_300_003,15,red,core_medoid_de2000,28.6874204296,31.7050948797,18.6220597574,0.457418546196,0.172627637417,0.159321269346,12.7172274029,1.27023500112,1.14246763958,1.58279646589,13.0830017314,8300,4048,41.8159677202,50.323734474,27.3622600889,0.891412798085,9.28725551496,0.100224594276,0.225782181516,0.0692903418499,0.0198564309933,0.609045131064,0.43625682506,0.0609862641199,True,13.1242768765,13.1904951616
d000320_300_003,15,red,geomed_lab_converged,28.132346544,31.1826979018,18.2947949717,0.44881806884,0.169654817819,0.156542226466,13.1903510209,,,,,8300,4048,41.8159677202,50.323734474,27.3622600889,0.891412798085,9.28725551496,0.100224594276,0.225782181516,0.0692903418499,0.0198564309933,0.609045131064,0.43625682506,0.0609862641199,True,13.1242768765,13.1904951616
d000320_300_003,15,red,mc_geomedian,28.1321749509,31.1825517989,18.2946711512,0.44881546441,0.169653840612,0.156541508609,13.1904951616,,,,,8300,4048,41.8159677202,50.323734474,27.3622600889,0.891412798085,9.28725551496,0.100224594276,0.225782181516,0.0692903418499,0.0198564309933,0.609045131064,0.43625682506,0.0609862641199,True,13.1242768765,13.1904951616
d000320_300_003,15,red,mc_medoid,28.2162251517,31.2439831959,18.3038268042,0.450002684968,0.17018587483,0.157200241816,13.1242768765,,,,,8300,4048,41.8159677202,50.323734474,27.3622600889,0.891412798085,9.28725551496,0.100224594276,0.225782181516,0.0692903418499,0.0198564309933,0.609045131064,0.43625682506,0.0609862641199,True,13.1242768765,13.1904951616
d000320_300_003,15,red,mean_lab,26.7360370743,29.2252213186,16.9752836258,0.424011929232,0.164893554894,0.152376050335,14.5312153904,,,,,8300,4048,41.8159677202,50.323734474,27.3622600889,0.891412798085,9.28725551496,0.100224594276,0.225782181516,0.0692903418499,0.0198564309933,0.609045131064,0.43625682506,0.0609862641199,True,13.1242768765,13.1904951616
d000320_300_003,15,red,median_lab,28.0811064607,31.3147112928,18.2459442669,0.448817470717,0.168634495814,0.156444817889,13.2000858717,,,,,8300,4048,41.8159677202,50.323734474,27.3622600889,0.891412798085,9.28725551496,0.100224594276,0.225782181516,0.0692903418499,0.0198564309933,0.609045131064,0.43625682506,0.0609862641199,True,13.1242768765,13.1904951616
d000320_300_003,15,red,medoid_5000px,28.1464796036,31.1725553422,18.270409426,0.448904038296,0.169834869999,0.156803504594,13.1844359312,,,,,8300,4048,41.8159677202,50.323734474,27.3622600889,0.891412798085,9.28725551496,0.100224594276,0.225782181516,0.0692903418499,0.0198564309933,0.609045131064,0.43625682506,0.0609862641199,True,13.1242768765,13.1904951616
d000320_300_003,15,red,prof_geomed_srgb,28.0539589916,31.2482442729,18.1610886915,0.448157473106,0.168657969024,0.156710154879,13.2345631567,1.13480353511,1.07563218359,1.71665206366,12.9505681914,8300,4048,41.8159677202,50.323734474,27.3622600889,0.891412798085,9.28725551496,0.100224594276,0.225782181516,0.0692903418499,0.0198564309933,0.609045131064,0.43625682506,0.0609862641199,True,13.1242768765,13.1904951616
d000320_300_003,15,red,prof_geomed_srgb_strict,28.7504161286,31.7862755193,18.6827659655,0.458515736618,0.172850843186,0.15949881534,12.6581614543,1.21896842061,1.07303705611,1.56765998528,13.1289896937,8300,4048,41.8159677202,50.323734474,27.3622600889,0.891412798085,9.28725551496,0.100224594276,0.225782181516,0.0692903418499,0.0198564309933,0.609045131064,0.43625682506,0.0609862641199,True,13.1242768765,13.1904951616
d000320_300_003,16,yellow,core_geomed_lab,58.6668174222,-3.16146695138,53.0098296287,0.632670384952,0.550966923603,0.159204140695,18.8859429662,1.47660781448,1.69106220222,2.39342677552,18.2771525999,8700,4252,81.2952417117,-1.87406763019,80.91564034,1.78327904733,18.181594303,0.349432921287,0.682055486867,0.279755119172,0.0425167185754,0.635817075838,0.891039503876,0.30634784706,True,20.0145480046,20.2822391286
d000320_300_003,16,yellow,core_mean_srgb,57.1131486388,-3.1863639084,51.5316408508,0.613939557909,0.535458112657,0.157343928234,20.3246677188,0.753986638725,0.873858706979,3.05607306861,17.7966117311,8700,4252,81.2952417117,-1.87406763019,80.91564034,1.78327904733,18.181594303,0.349432921287,0.682055486867,0.279755119172,0.0425167185754,0.635817075838,0.891039503876,0.30634784706,True,20.0145480046,20.2822391286
d000320_300_003,16,yellow,core_medoid_de2000,58.6967798255,-3.13338747687,52.911354737,0.633079600794,0.551219082744,0.160538588973,18.8708239908,1.26586450347,1.52370148642,2.38406556755,18.3086874326,8700,4252,81.2952417117,-1.87406763019,80.91564034,1.78327904733,18.181594303,0.349432921287,0.682055486867,0.279755119172,0.0425167185754,0.635817075838,0.891039503876,0.30634784706,True,20.0145480046,20.2822391286
d000320_300_003,16,yellow,geomed_lab_converged,57.1843316198,-3.16440780862,51.3703866157,0.61470234235,0.536160118842,0.159722179464,20.2820669545,,,,,8700,4252,81.2952417117,-1.87406763019,80.91564034,1.78327904733,18.181594303,0.349432921287,0.682055486867,0.279755119172,0.0425167185754,0.635817075838,0.891039503876,0.30634784706,True,20.0145480046,20.2822391286
d000320_300_003,16,yellow,mc_geomedian,57.1841484713,-3.16439977717,51.3701973274,0.614700190576,0.536158275029,0.159722106849,20.2822391286,,,,,8700,4252,81.2952417117,-1.87406763019,80.91564034,1.78327904733,18.181594303,0.349432921287,0.682055486867,0.279755119172,0.0425167185754,0.635817075838,0.891039503876,0.30634784706,True,20.0145480046,20.2822391286
d000320_300_003,16,yellow,mc_medoid,57.4733229779,-3.08153745157,51.5920893679,0.618598851731,0.538874158349,0.160644748963,20.0145480046,,,,,8700,4252,81.2952417117,-1.87406763019,80.91564034,1.78327904733,18.181594303,0.349432921287,0.682055486867,0.279755119172,0.0425167185754,0.635817075838,0.891039503876,0.30634784706,True,20.0145480046,20.2822391286
d000320_300_003,16,yellow,mean_lab,54.3838059493,-3.04051962534,48.6139824224,0.582089684078,0.508087832112,0.157111018685,22.9459146601,,,,,8700,4252,81.2952417117,-1.87406763019,80.91564034,1.78327904733,18.181594303,0.349432921287,0.682055486867,0.279755119172,0.0425167185754,0.635817075838,0.891039503876,0.30634784706,True,20.0145480046,20.2822391286
d000320_300_003,16,yellow,median_lab,57.2429933024,-3.13011054192,51.3071077956,0.61549498626,0.536683755959,0.160984365045,20.23869913,,,,,8700,4252,81.2952417117,-1.87406763019,80.91564034,1.78327904733,18.181594303,0.349432921287,0.682055486867,0.279755119172,0.0425167185754,0.635817075838,0.891039503876,0.30634784706,True,20.0145480046,20.2822391286
d000320_300_003,16,yellow,medoid_5000px,57.1611276647,-3.19314528165,51.3447870802,0.614250044903,0.535990092319,0.159713873936,20.3055753971,,,,,8700,4252,81.2952417117,-1.87406763019,80.91564034,1.78327904733,18.181594303,0.349432921287,0.682055486867,0.279755119172,0.0425167185754,0.635817075838,0.891039503876,0.30634784706,True,20.0145480046,20.2822391286
d000320_300_003,16,yellow,prof_geomed_srgb,58.0305301684,-2.98630464959,52.413315421,0.626108186465,0.544197756924,0.158449683375,19.4618781851,1.5958101919,2.03717866444,3.28911557664,17.6252500833,8700,4252,81.2952417117,-1.87406763019,80.91564034,1.78327904733,18.181594303,0.349432921287,0.682055486867,0.279755119172,0.0425167185754,0.635817075838,0.891039503876,0.30634784706,True,20.0145480046,20.2822391286
d000320_300_003,16,yellow,prof_geomed_srgb_strict,58.6964444916,-3.15789512735,53.0527325024,0.633062873794,0.551237673098,0.159077244288,18.8570220159,1.51837203267,1.72394789517,2.38403680711,18.1722528548,8700,4252,81.2952417117,-1.87406763019,80.91564034,1.78327904733,18.181594303,0.349432921287,0.682055486867,0.279755119172,0.0425167185754,0.635817075838,0.891039503876,0.30634784706,True,20.0145480046,20.2822391286
d000320_300_003,17,magenta,core_geomed_lab,33.5019618491,37.4319629808,-8.28576098054,0.499463368911,0.203442486491,0.363889691266,16.2163869145,0.979642177862,1.01324160184,1.8464034235,14.7291076385,9400,4604,50.4032815274,52.48562976,-14.8215971057,1.41426306739,18.4890729875,0.143393602674,0.276443694902,0.0377790193481,0.0873597893268,0.773384494783,0.0844118542287,0.114527307451,True,17.2626944698,17.2282456957
d000320_300_003,17,magenta,core_mean_srgb,32.7275156348,36.5317819385,-8.13995898601,0.487094639145,0.199740278455,0.35557485581,16.8967756186,0.12881730953,0.227310593266,1.60617867026,14.3624418195,9400,4604,50.4032815274,52.48562976,-14.8215971057,1.41426306739,18.4890729875,0.143393602674,0.276443694902,0.0377790193481,0.0873597893268,0.773384494783,0.0844118542287,0.114527307451,True,17.2626944698,17.2282456957
d000320_300_003,17,magenta,core_medoid_de2000,33.4016136505,37.349767642,-8.25430362333,0.498055292854,0.202808553038,0.362738867533,16.3020746411,0.835410547182,0.868084363301,1.83755415952,14.6312569803,9400,4604,50.4032815274,52.48562976,-14.8215971057,1.41426306739,18.4890729875,0.143393602674,0.276443694902,0.0377790193481,0.0873597893268,0.773384494783,0.0844118542287,0.114527307451,True,17.2626944698,17.2282456957
d000320_300_003,17,magenta,geomed_lab_converged,32.3644550335,36.0143460151,-8.02835920439,0.480920746976,0.198415052427,0.351417588615,17.228076338,,,,,9400,4604,50.4032815274,52.48562976,-14.8215971057,1.41426306739,18.4890729875,0.143393602674,0.276443694902,0.0377790193481,0.0873597893268,0.773384494783,0.0844118542287,0.114527307451,True,17.2626944698,17.2282456957
d000320_300_003,17,magenta,mc_geomedian,32.3642587526,36.0141257959,-8.02834268372,0.480917625984,0.198414090984,0.351415614305,17.2282456957,,,,,9400,4604,50.4032815274,52.48562976,-14.8215971057,1.41426306739,18.4890729875,0.143393602674,0.276443694902,0.0377790193481,0.0873597893268,0.773384494783,0.0844118542287,0.114527307451,True,17.2626944698,17.2282456957
d000320_300_003,17,magenta,mc_medoid,32.3208666802,35.9819433562,-8.04122433069,0.480278533798,0.198138578573,0.351080949867,17.2626944698,,,,,9400,4604,50.4032815274,52.48562976,-14.8215971057,1.41426306739,18.4890729875,0.143393602674,0.276443694902,0.0377790193481,0.0873597893268,0.773384494783,0.0844118542287,0.114527307451,True,17.2626944698,17.2282456957
d000320_300_003,17,magenta,mean_lab,30.2456204438,32.800021795,-7.28610152558,0.444345792931,0.191184750216,0.326751023261,19.1875698874,,,,,9400,4604,50.4032815274,52.48562976,-14.8215971057,1.41426306739,18.4890729875,0.143393602674,0.276443694902,0.0377790193481,0.0873597893268,0.773384494783,0.0844118542287,0.114527307451,True,17.2626944698,17.2282456957
d000320_300_003,17,magenta,median_lab,32.3341762135,36.0875799887,-7.96617896418,0.481091476391,0.197780281865,0.350767233505,17.246573517,,,,,9400,4604,50.4032815274,52.48562976,-14.8215971057,1.41426306739,18.4890729875,0.143393602674,0.276443694902,0.0377790193481,0.0873597893268,0.773384494783,0.0844118542287,0.114527307451,True,17.2626944698,17.2282456957
d000320_300_003,17,magenta,medoid_5000px,32.4613872065,36.0136252555,-8.00600331343,0.481972285132,0.199344074597,0.352194865509,17.1586928436,,,,,9400,4604,50.4032815274,52.48562976,-14.8215971057,1.41426306739,18.4890729875,0.143393602674,0.276443694902,0.0377790193481,0.0873597893268,0.773384494783,0.0844118542287,0.114527307451,True,17.2626944698,17.2282456957
d000320_300_003,17,magenta,prof_geomed_srgb,32.6734175943,36.6080054388,-8.27183868319,0.486655985351,0.198947127489,0.355870908675,16.9193931003,0.291135786626,0.332046663568,1.59947197565,14.3576164623,9400,4604,50.4032815274,52.48562976,-14.8215971057,1.41426306739,18.4890729875,0.143393602674,0.276443694902,0.0377790193481,0.0873597893268,0.773384494783,0.0844118542287,0.114527307451,True,17.2626944698,17.2282456957
d000320_300_003,17,magenta,prof_geomed_srgb_strict,33.5416969058,37.4910136597,-8.3058371431,0.500138927444,0.203564802982,0.364393758116,16.1791498332,1.01404347428,1.04985054037,1.83142797138,14.6687589711,9400,4604,50.4032815274,52.48562976,-14.8215971057,1.41426306739,18.4890729875,0.143393602674,0.276443694902,0.0377790193481,0.0873597893268,0.773384494783,0.0844118542287,0.114527307451,True,17.2626944698,17.2282456957
d000320_300_003,18,cyan,core_geomed_lab,32.003036324,-4.14094059923,-19.7093301206,0.165884456345,0.308637266518,0.415386803828,20.6509647968,4.02177486537,3.94013877397,1.41272194776,14.4076497807,9350,4582,50.0976007177,-24.9810885068,-27.5185652256,1.06076435399,14.091221669,0.126211785471,0.22041508232,0.0871028248471,0.0165202307558,0.330835145893,0.216728193606,0.116903764135,True,21.4055206086,21.3371722345
d000320_300_003,18,cyan,core_mean_srgb,31.4749041941,-3.99165034044,-19.3780882181,0.165014402991,0.303415023716,0.408227886399,21.07329825,3.84701581772,3.96220562797,1.52764055081,14.0249247066,9350,4582,50.0976007177,-24.9810885068,-27.5185652256,1.06076435399,14.091221669,0.126211785471,0.22041508232,0.0871028248471,0.0165202307558,0.330835145893,0.216728193606,0.116903764135,True,21.4055206086,21.3371722345
d000320_300_003,18,cyan,core_medoid_de2000,32.0214792449,-4.13584752848,-19.721643284,0.166030482348,0.308801698288,0.415642465714,20.6419110533,3.80091171737,3.92708443681,1.49112845485,14.3856279018,9350,4582,50.0976007177,-24.9810885068,-27.5185652256,1.06076435399,14.091221669,0.126211785471,0.22041508232,0.0871028248471,0.0165202307558,0.330835145893,0.216728193606,0.116903764135,True,21.4055206086,21.3371722345
d000320_300_003,18,cyan,geomed_lab_converged,31.2140453143,-3.82783727386,-19.1424861946,0.166217925201,0.300663667322,0.40426682538,21.337067766,,,,,9350,4582,50.0976007177,-24.9810885068,-27.5185652256,1.06076435399,14.091221669,0.126211785471,0.22041508232,0.0871028248471,0.0165202307558,0.330835145893,0.216728193606,0.116903764135,True,21.4055206086,21.3371722345
d000320_300_003,18,cyan,mc_geomedian,31.213910191,-3.82780528916,-19.1424070561,0.166217572869,0.300662349231,0.404265034216,21.3371722345,,,,,9350,4582,50.0976007177,-24.9810885068,-27.5185652256,1.06076435399,14.091221669,0.126211785471,0.22041508232,0.0871028248471,0.0165202307558,0.330835145893,0.216728193606,0.116903764135,True,21.4055206086,21.3371722345
d000320_300_003,18,cyan,mc_medoid,31.1035024579,-3.82680572486,-19.1239924056,0.165266771066,0.299646223228,0.403084243453,21.4055206086,,,,,9350,4582,50.0976007177,-24.9810885068,-27.5185652256,1.06076435399,14.091221669,0.126211785471,0.22041508232,0.0871028248471,0.0165202307558,0.330835145893,0.216728193606,0.116903764135,True,21.4055206086,21.3371722345
d000320_300_003,18,cyan,mean_lab,29.3279576651,-3.43182406062,-17.3328753904,0.165876221094,0.28221125621,0.375113860119,22.8196751875,,,,,9350,4582,50.0976007177,-24.9810885068,-27.5185652256,1.06076435399,14.091221669,0.126211785471,0.22041508232,0.0871028248471,0.0165202307558,0.330835145893,0.216728193606,0.116903764135,True,21.4055206086,21.3371722345
d000320_300_003,18,cyan,median_lab,31.2753268728,-3.70226891033,-19.1230202019,0.168431347714,0.300993442676,0.404748987441,21.3727769302,,,,,9350,4582,50.0976007177,-24.9810885068,-27.5185652256,1.06076435399,14.091221669,0.126211785471,0.22041508232,0.0871028248471,0.0165202307558,0.330835145893,0.216728193606,0.116903764135,True,21.4055206086,21.3371722345
d000320_300_003,18,cyan,medoid_5000px,31.2487580824,-3.8004024823,-19.1309795162,0.166975735806,0.300928010977,0.40453385808,21.3323516868,,,,,9350,4582,50.0976007177,-24.9810885068,-27.5185652256,1.06076435399,14.091221669,0.126211785471,0.22041508232,0.0871028248471,0.0165202307558,0.330835145893,0.216728193606,0.116903764135,True,21.4055206086,21.3371722345
d000320_300_003,18,cyan,prof_geomed_srgb,31.7065141452,-3.92519355826,-19.5769640357,0.166506446937,0.305485618372,0.411703669795,20.9588188398,3.9835572323,3.86652805782,1.47939683198,14.2965327577,9350,4582,50.0976007177,-24.9810885068,-27.5185652256,1.06076435399,14.091221669,0.126211785471,0.22041508232,0.0871028248471,0.0165202307558,0.330835145893,0.216728193606,0.116903764135,True,21.4055206086,21.3371722345
d000320_300_003,18,cyan,prof_geomed_srgb_strict,32.0080614416,-4.15132144312,-19.7063718192,0.165824511139,0.308695885929,0.415414679543,20.6423123608,4.05089635429,3.95972946435,1.40014054103,14.4767320109,9350,4582,50.0976007177,-24.9810885068,-27.5185652256,1.06076435399,14.091221669,0.126211785471,0.22041508232,0.0871028248471,0.0165202307558,0.330835145893,0.216728193606,0.116903764135,True,21.4055206086,21.3371722345
d000320_300_003,19,white 9.5 (.05 D),core_geomed_lab,70.5829675612,4.36954589067,5.49011641499,0.725588471898,0.665388636981,0.63882276927,18.3467260625,0.976231829274,0.935110760646,1.54056409932,18.21814285,5487,2711,95.1674415299,-1.29945577469,2.91936760367,1.14057950441,17.5869653644,0.22636343716,0.449868944837,0.198999072747,0.0294614442672,0.607465298106,0.313398470137,0.24739052393,True,18.9932122763,19.174118479
d000320_300_003,19,white 9.5 (.05 D),core_mean_srgb,69.5667444875,4.29712528856,5.31012018166,0.713675761882,0.654897750623,0.629463426429,18.9996456987,0.341454566909,0.320069316948,1.43968927471,18.0278922408,5487,2711,95.1674415299,-1.29945577469,2.91936760367,1.14057950441,17.5869653644,0.22636343716,0.449868944837,0.198999072747,0.0294614442672,0.607465298106,0.313398470137,0.24739052393,True,18.9932122763,19.174118479
d000320_300_003,19,white 9.5 (.05 D),core_medoid_de2000,70.6170128619,4.36205209686,5.47538301675,0.725859408518,0.665768941138,0.639281667317,18.3189235207,1.03089280369,0.985037876154,1.53836094337,18.1942525874,5487,2711,95.1674415299,-1.29945577469,2.91936760367,1.14057950441,17.5869653644,0.22636343716,0.449868944837,0.198999072747,0.0294614442672,0.607465298106,0.313398470137,0.24739052393,True,18.9932122763,19.174118479
d000320_300_003,19,white 9.5 (.05 D),geomed_lab_converged,69.3029008995,4.28803040056,5.20726652091,0.710502469934,0.652192982966,0.627439496635,19.1739431528,,,,,5487,2711,95.1674415299,-1.29945577469,2.91936760367,1.14057950441,17.5869653644,0.22636343716,0.449868944837,0.198999072747,0.0294614442672,0.607465298106,0.313398470137,0.24739052393,True,18.9932122763,19.174118479
d000320_300_003,19,white 9.5 (.05 D),mc_geomedian,69.3026267161,4.28800005469,5.20723569407,0.710499237855,0.652190184291,0.627436851401,19.174118479,,,,,5487,2711,95.1674415299,-1.29945577469,2.91936760367,1.14057950441,17.5869653644,0.22636343716,0.449868944837,0.198999072747,0.0294614442672,0.607465298106,0.313398470137,0.24739052393,True,18.9932122763,19.174118479
d000320_300_003,19,white 9.5 (.05 D),mc_medoid,69.5365437232,4.26042930104,5.11246910805,0.712538292404,0.654736348247,0.630538159423,18.9932122763,,,,,5487,2711,95.1674415299,-1.29945577469,2.91936760367,1.14057950441,17.5869653644,0.22636343716,0.449868944837,0.198999072747,0.0294614442672,0.607465298106,0.313398470137,0.24739052393,True,18.9932122763,19.174118479
d000320_300_003,19,white 9.5 (.05 D),mean_lab,66.1707744545,4.11188499644,5.00755850229,0.675376553844,0.619931024082,0.59631919536,21.3363721845,,,,,5487,2711,95.1674415299,-1.29945577469,2.91936760367,1.14057950441,17.5869653644,0.22636343716,0.449868944837,0.198999072747,0.0294614442672,0.607465298106,0.313398470137,0.24739052393,True,18.9932122763,19.174118479
d000320_300_003,19,white 9.5 (.05 D),median_lab,69.4110192278,4.28770624334,5.15773548574,0.711516296985,0.653341888624,0.628914660874,19.0960242256,,,,,5487,2711,95.1674415299,-1.29945577469,2.91936760367,1.14057950441,17.5869653644,0.22636343716,0.449868944837,0.198999072747,0.0294614442672,0.607465298106,0.313398470137,0.24739052393,True,18.9932122763,19.174118479
d000320_300_003,19,white 9.5 (.05 D),medoid_5000px,69.2254575507,4.28649552967,5.16606374401,0.709547493731,0.651394558088,0.62692175112,19.2253940148,,,,,5487,2711,95.1674415299,-1.29945577469,2.91936760367,1.14057950441,17.5869653644,0.22636343716,0.449868944837,0.198999072747,0.0294614442672,0.607465298106,0.313398470137,0.24739052393,True,18.9932122763,19.174118479
d000320_300_003,19,white 9.5 (.05 D),prof_geomed_srgb,69.9191460148,4.41921643327,5.28626618065,0.718242160678,0.658319981689,0.633325703822,18.8150470433,0.202413385597,0.199326218191,1.45708944979,18.0023310494,5487,2711,95.1674415299,-1.29945577469,2.91936760367,1.14057950441,17.5869653644,0.22636343716,0.449868944837,0.198999072747,0.0294614442672,0.607465298106,0.313398470137,0.24739052393,True,18.9932122763,19.174118479
d000320_300_003,19,white 9.5 (.05 D),prof_geomed_srgb_strict,70.6334282121,4.37378073029,5.568773613,0.726378907072,0.665871835104,0.638791149477,18.3191899284,1.07383056092,1.02399503933,1.5408313165,18.2521112027,5487,2711,95.1674415299,-1.29945577469,2.91936760367,1.14057950441,17.5869653644,0.22636343716,0.449868944837,0.198999072747,0.0294614442672,0.607465298106,0.313398470137,0.24739052393,True,18.9932122763,19.174118479
d000320_300_003,20,neutral 8 (.23 D),core_geomed_lab,59.1961839009,3.70001844131,3.40145363862,0.595018593118,0.549544330992,0.535996930525,18.2044279323,2.19114620799,2.40129528988,2.27373897897,16.4019971695,5673,2807,81.2891860096,-0.609436302439,0.444598310633,2.1402947139,23.8973317734,0.270986490957,0.451539055247,0.200726991126,0.196032978638,1.39403353683,0.102922074182,0.348588308879,True,19.6757065736,19.8270925033
d000320_300_003,20,neutral 8 (.23 D),core_mean_srgb,57.7883563318,3.63578159957,3.24969277237,0.57962742274,0.535426602596,0.522792029181,19.3307278471,1.19082834933,1.30524209411,2.25222001901,16.1310942637,5673,2807,81.2891860096,-0.609436302439,0.444598310633,2.1402947139,23.8973317734,0.270986490957,0.451539055247,0.200726991126,0.196032978638,1.39403353683,0.102922074182,0.348588308879,True,19.6757065736,19.8270925033
d000320_300_003,20,neutral 8 (.23 D),core_medoid_de2000,59.1128811548,3.59779464252,3.52727003547,0.593807573928,0.548897014977,0.534283485706,18.2469343091,2.14627647831,2.36368406829,2.27365792674,16.3703524147,5673,2807,81.2891860096,-0.609436302439,0.444598310633,2.1402947139,23.8973317734,0.270986490957,0.451539055247,0.200726991126,0.196032978638,1.39403353683,0.102922074182,0.348588308879,True,19.6757065736,19.8270925033
d000320_300_003,20,neutral 8 (.23 D),geomed_lab_converged,57.1448579744,3.50308482261,3.24417536785,0.572092828566,0.529233917736,0.51633648165,19.8268866776,,,,,5673,2807,81.2891860096,-0.609436302439,0.444598310633,2.1402947139,23.8973317734,0.270986490957,0.451539055247,0.200726991126,0.196032978638,1.39403353683,0.102922074182,0.348588308879,True,19.6757065736,19.8270925033
d000320_300_003,20,neutral 8 (.23 D),mc_geomedian,57.1446079755,3.50307154249,3.24415256826,0.572090107699,0.529231427665,0.516334119716,19.8270925033,,,,,5673,2807,81.2891860096,-0.609436302439,0.444598310633,2.1402947139,23.8973317734,0.270986490957,0.451539055247,0.200726991126,0.196032978638,1.39403353683,0.102922074182,0.348588308879,True,19.6757065736,19.8270925033
d000320_300_003,20,neutral 8 (.23 D),mc_medoid,57.3292743252,3.48693118949,3.35988286158,0.574199666975,0.531104545701,0.517406883691,19.6757065736,,,,,5673,2807,81.2891860096,-0.609436302439,0.444598310633,2.1402947139,23.8973317734,0.270986490957,0.451539055247,0.200726991126,0.196032978638,1.39403353683,0.102922074182,0.348588308879,True,19.6757065736,19.8270925033
d000320_300_003,20,neutral 8 (.23 D),mean_lab,53.5909250233,3.32383882144,3.05015130906,0.534079091964,0.493998354916,0.48209183383,22.8685168588,,,,,5673,2807,81.2891860096,-0.609436302439,0.444598310633,2.1402947139,23.8973317734,0.270986490957,0.451539055247,0.200726991126,0.196032978638,1.39403353683,0.102922074182,0.348588308879,True,19.6757065736,19.8270925033
d000320_300_003,20,neutral 8 (.23 D),median_lab,57.2353692097,3.39836209464,3.18310989346,0.572133680312,0.530400691502,0.517645862381,19.7086216498,,,,,5673,2807,81.2891860096,-0.609436302439,0.444598310633,2.1402947139,23.8973317734,0.270986490957,0.451539055247,0.200726991126,0.196032978638,1.39403353683,0.102922074182,0.348588308879,True,19.6757065736,19.8270925033
d000320_300_003,20,neutral 8 (.23 D),medoid_5000px,56.9982935062,3.44692452261,3.16691020437,0.569988195676,0.527900046073,0.515377404989,19.9255597841,,,,,5673,2807,81.2891860096,-0.609436302439,0.444598310633,2.1402947139,23.8973317734,0.270986490957,0.451539055247,0.200726991126,0.196032978638,1.39403353683,0.102922074182,0.348588308879,True,19.6757065736,19.8270925033
d000320_300_003,20,neutral 8 (.23 D),prof_geomed_srgb,57.7780267148,3.55691854228,3.19261660954,0.578820477607,0.535515373465,0.523064011597,19.3059119196,1.43653627587,1.54827155422,2.26900386905,16.1142971882,5673,2807,81.2891860096,-0.609436302439,0.444598310633,2.1402947139,23.8973317734,0.270986490957,0.451539055247,0.200726991126,0.196032978638,1.39403353683,0.102922074182,0.348588308879,True,19.6757065736,19.8270925033
d000320_300_003,20,neutral 8 (.23 D),prof_geomed_srgb_strict,59.304613987,3.6655857342,3.45787851964,0.596058808485,0.550696618015,0.536702044667,18.1086546754,2.25140530539,2.47149911394,2.27277267616,16.4449025397,5673,2807,81.2891860096,-0.609436302439,0.444598310633,2.1402947139,23.8973317734,0.270986490957,0.451539055247,0.200726991126,0.196032978638,1.39403353683,0.102922074182,0.348588308879,True,19.6757065736,19.8270925033
d000320_300_003,21,neutral 6.5 (.44 D),core_geomed_lab,48.2848861158,3.05386580001,2.78268141856,0.478276596681,0.442227991293,0.431626709456,17.9349754108,1.36993456342,1.50021868227,2.0651509429,15.5533376647,5146,2540,66.8953464077,-0.741716456682,-0.0479932850446,1.77958411048,11.0326476927,0.193853035984,0.322394066222,0.119155768832,0.0723877795972,1.13437515542,0.528192303193,0.172550304659,True,19.2422439471,19.2287843403
d000320_300_003,21,neutral 6.5 (.44 D),core_mean_srgb,46.7321649867,3.05501902695,2.6327244348,0.462492483129,0.427107153778,0.417523701046,19.4661700437,0.283186975261,0.355394700049,2.03419711106,15.270930611,5146,2540,66.8953464077,-0.741716456682,-0.0479932850446,1.77958411048,11.0326476927,0.193853035984,0.322394066222,0.119155768832,0.0723877795972,1.13437515542,0.528192303193,0.172550304659,True,19.2422439471,19.2287843403
d000320_300_003,21,neutral 6.5 (.44 D),core_medoid_de2000,48.2617698538,3.00961830175,2.72977583901,0.477609692943,0.442111725663,0.431742123974,17.9356848248,1.3696796293,1.4923823061,2.06695531788,15.5210750688,5146,2540,66.8953464077,-0.741716456682,-0.0479932850446,1.77958411048,11.0326476927,0.193853035984,0.322394066222,0.119155768832,0.0723877795972,1.13437515542,0.528192303193,0.172550304659,True,19.2422439471,19.2287843403
d000320_300_003,21,neutral 6.5 (.44 D),geomed_lab_converged,47.0026077904,3.16244794358,2.61340344763,0.465823258599,0.429520664151,0.42028656746,19.2285428697,,,,,5146,2540,66.8953464077,-0.741716456682,-0.0479932850446,1.77958411048,11.0326476927,0.193853035984,0.322394066222,0.119155768832,0.0723877795972,1.13437515542,0.528192303193,0.172550304659,True,19.2422439471,19.2287843403
d000320_300_003,21,neutral 6.5 (.44 D),mc_geomedian,47.0023656357,3.16244738811,2.61338589397,0.465820812459,0.42951831288,0.420284334359,19.2287843403,,,,,5146,2540,66.8953464077,-0.741716456682,-0.0479932850446,1.77958411048,11.0326476927,0.193853035984,0.322394066222,0.119155768832,0.0723877795972,1.13437515542,0.528192303193,0.172550304659,True,19.2422439471,19.2287843403
d000320_300_003,21,neutral 6.5 (.44 D),mc_medoid,46.9742469409,3.15455468549,2.48494370619,0.465143028216,0.429293853166,0.420847086226,19.2422439471,,,,,5146,2540,66.8953464077,-0.741716456682,-0.0479932850446,1.77958411048,11.0326476927,0.193853035984,0.322394066222,0.119155768832,0.0723877795972,1.13437515542,0.528192303193,0.172550304659,True,19.2422439471,19.2287843403
d000320_300_003,21,neutral 6.5 (.44 D),mean_lab,44.9017485972,3.07475624665,2.56391937797,0.44442242777,0.409362087509,0.400318034833,21.3535087505,,,,,5146,2540,66.8953464077,-0.741716456682,-0.0479932850446,1.77958411048,11.0326476927,0.193853035984,0.322394066222,0.119155768832,0.0723877795972,1.13437515542,0.528192303193,0.172550304659,True,19.2422439471,19.2287843403
d000320_300_003,21,neutral 6.5 (.44 D),median_lab,47.0847576702,3.09237626517,2.59241269069,0.466117022411,0.430478268748,0.421210748442,19.1195232034,,,,,5146,2540,66.8953464077,-0.741716456682,-0.0479932850446,1.77958411048,11.0326476927,0.193853035984,0.322394066222,0.119155768832,0.0723877795972,1.13437515542,0.528192303193,0.172550304659,True,19.2422439471,19.2287843403
d000320_300_003,21,neutral 6.5 (.44 D),medoid_5000px,46.9153130307,3.19316537944,2.66281413111,0.465295581094,0.428591950808,0.419122818692,19.3318305316,,,,,5146,2540,66.8953464077,-0.741716456682,-0.0479932850446,1.77958411048,11.0326476927,0.193853035984,0.322394066222,0.119155768832,0.0723877795972,1.13437515542,0.528192303193,0.172550304659,True,19.2422439471,19.2287843403
d000320_300_003,21,neutral 6.5 (.44 D),prof_geomed_srgb,47.2694283899,3.10115611252,2.60718220351,0.468039978637,0.432242313268,0.422903791867,18.9388820221,0.419820935697,0.573053060776,2.06720910055,15.254630608,5146,2540,66.8953464077,-0.741716456682,-0.0479932850446,1.77958411048,11.0326476927,0.193853035984,0.322394066222,0.119155768832,0.0723877795972,1.13437515542,0.528192303193,0.172550304659,True,19.2422439471,19.2287843403
d000320_300_003,21,neutral 6.5 (.44 D),prof_geomed_srgb_strict,48.4015145375,3.04927489745,2.8080928617,0.479472084909,0.443360806928,0.432592500928,17.8220655906,1.46492786405,1.58628975175,2.06038733316,15.5987567345,5146,2540,66.8953464077,-0.741716456682,-0.0479932850446,1.77958411048,11.0326476927,0.193853035984,0.322394066222,0.119155768832,0.0723877795972,1.13437515542,0.528192303193,0.172550304659,True,19.2422439471,19.2287843403
d000320_300_003,22,neutral 5 (.70 D),core_geomed_lab,35.728823992,2.66172759712,2.25957829641,0.352760020584,0.323524332174,0.31577190606,14.5126391752,1.6803901936,1.90880725239,2.20101534872,13.1086965906,5394,2664,50.7594147632,-0.142714357614,0.14067277892,1.31471261764,8.36976968034,0.0926330682834,0.185959371012,0.177448166581,0.0310654723013,1.17776224034,0.149080494933,0.185959371012,True,15.3306777482,15.501364515
d000320_300_003,22,neutral 5 (.70 D),core_mean_srgb,34.4619092603,2.58867683469,2.25305796932,0.340388706399,0.311967546627,0.304151725541,15.4728240485,0.610230943106,0.808458236086,2.19313719731,12.899373647,5394,2664,50.7594147632,-0.142714357614,0.14067277892,1.31471261764,8.36976968034,0.0926330682834,0.185959371012,0.177448166581,0.0310654723013,1.17776224034,0.149080494933,0.185959371012,True,15.3306777482,15.501364515
d000320_300_003,22,neutral 5 (.70 D),core_medoid_de2000,35.7553325698,2.65669364328,2.28155390446,0.35303445745,0.323775187162,0.315879572167,14.4926398053,1.66133857072,1.89233965603,2.19925478839,13.0846260952,5394,2664,50.7594147632,-0.142714357614,0.14067277892,1.31471261764,8.36976968034,0.0926330682834,0.185959371012,0.177448166581,0.0310654723013,1.17776224034,0.149080494933,0.185959371012,True,15.3306777482,15.501364515
d000320_300_003,22,neutral 5 (.70 D),geomed_lab_converged,34.4406857686,2.66608839679,2.13195789861,0.340365195934,0.311649722769,0.304715118226,15.5011923482,,,,,5394,2664,50.7594147632,-0.142714357614,0.14067277892,1.31471261764,8.36976968034,0.0926330682834,0.185959371012,0.177448166581,0.0310654723013,1.17776224034,0.149080494933,0.185959371012,True,15.3306777482,15.501364515
d000320_300_003,22,neutral 5 (.70 D),mc_geomedian,34.4404628501,2.66609099662,2.13195120722,0.340363108228,0.311647666932,0.304713115997,15.501364515,,,,,5394,2664,50.7594147632,-0.142714357614,0.14067277892,1.31471261764,8.36976968034,0.0926330682834,0.185959371012,0.177448166581,0.0310654723013,1.17776224034,0.149080494933,0.185959371012,True,15.3306777482,15.501364515
d000320_300_003,22,neutral 5 (.70 D),mc_medoid,34.6490984372,2.65098597727,2.08125218235,0.342093712803,0.313612422487,0.306937710513,15.3306777482,,,,,5394,2664,50.7594147632,-0.142714357614,0.14067277892,1.31471261764,8.36976968034,0.0926330682834,0.185959371012,0.177448166581,0.0310654723013,1.17776224034,0.149080494933,0.185959371012,True,15.3306777482,15.501364515
d000320_300_003,22,neutral 5 (.70 D),mean_lab,32.6139975269,2.51109608729,2.18168942125,0.322509118434,0.29521800834,0.287724010812,16.8580382796,,,,,5394,2664,50.7594147632,-0.142714357614,0.14067277892,1.31471261764,8.36976968034,0.0926330682834,0.185959371012,0.177448166581,0.0310654723013,1.17776224034,0.149080494933,0.185959371012,True,15.3306777482,15.501364515
d000320_300_003,22,neutral 5 (.70 D),median_lab,34.4275315685,2.54732259345,2.15123759179,0.339552098538,0.311769274175,0.304461282483,15.476801266,,,,,5394,2664,50.7594147632,-0.142714357614,0.14067277892,1.31471261764,8.36976968034,0.0926330682834,0.185959371012,0.177448166581,0.0310654723013,1.17776224034,0.149080494933,0.185959371012,True,15.3306777482,15.501364515
d000320_300_003,22,neutral 5 (.70 D),medoid_5000px,34.4281260165,2.65021967278,2.12866338653,0.340140538679,0.311567672019,0.304618327399,15.5056417859,,,,,5394,2664,50.7594147632,-0.142714357614,0.14067277892,1.31471261764,8.36976968034,0.0926330682834,0.185959371012,0.177448166581,0.0310654723013,1.17776224034,0.149080494933,0.185959371012,True,15.3306777482,15.501364515
d000320_300_003,22,neutral 5 (.70 D),prof_geomed_srgb,34.4281260165,2.65021967278,2.12866338653,0.340138857099,0.311558709087,0.304615854124,15.5056417859,0.794079729941,1.02550672554,2.21716468802,12.8889179472,5394,2664,50.7594147632,-0.142714357614,0.14067277892,1.31471261764,8.36976968034,0.0926330682834,0.185959371012,0.177448166581,0.0310654723013,1.17776224034,0.149080494933,0.185959371012,True,15.3306777482,15.501364515
d000320_300_003,22,neutral 5 (.70 D),prof_geomed_srgb_strict,35.8415343059,2.65196932717,2.31884668703,0.353910814789,0.324565757687,0.316440455132,14.4278075971,1.75766073913,1.98177641721,2.19472267017,13.1399663711,5394,2664,50.7594147632,-0.142714357614,0.14067277892,1.31471261764,8.36976968034,0.0926330682834,0.185959371012,0.177448166581,0.0310654723013,1.17776224034,0.149080494933,0.185959371012,True,15.3306777482,15.501364515
d000320_300_003,23,neutral 3.5 (1.05 D),core_geomed_lab,24.2437121172,2.32131186778,1.34104600233,0.243394518534,0.221170387352,0.218358074728,9.7877865653,0.922140425553,1.13009092953,2.30782367381,9.12471706771,5828,2878,35.6377687286,-0.412811499754,-0.468413957925,1.46141512578,5.21829769451,0.126969713884,0.524051037307,0.128568638851,0.0407357448597,0.485042701724,0.241079971784,0.0928974774828,True,10.4354599038,10.4136240826
d000320_300_003,23,neutral 3.5 (1.05 D),core_mean_srgb,23.4361274604,2.18791412263,1.39688044055,0.235618655517,0.214404426537,0.211027548791,10.2551514554,0.445537834217,0.460700577919,2.33189043458,9.00668033437,5828,2878,35.6377687286,-0.412811499754,-0.468413957925,1.46141512578,5.21829769451,0.126969713884,0.524051037307,0.128568638851,0.0407357448597,0.485042701724,0.241079971784,0.0928974774828,True,10.4354599038,10.4136240826
d000320_300_003,23,neutral 3.5 (1.05 D),core_medoid_de2000,24.2110748042,2.34634269314,1.35049589766,0.243275887275,0.220835313207,0.218022751861,9.82353122757,0.910567121938,1.12448611777,2.31079221561,9.11239442811,5828,2878,35.6377687286,-0.412811499754,-0.468413957925,1.46141512578,5.21829769451,0.126969713884,0.524051037307,0.128568638851,0.0407357448597,0.485042701724,0.241079971784,0.0928974774828,True,10.4354599038,10.4136240826
d000320_300_003,23,neutral 3.5 (1.05 D),geomed_lab_converged,23.0795085923,1.99910006338,1.47446590327,0.231567411132,0.211676810261,0.207485129782,10.4134776296,,,,,5828,2878,35.6377687286,-0.412811499754,-0.468413957925,1.46141512578,5.21829769451,0.126969713884,0.524051037307,0.128568638851,0.0407357448597,0.485042701724,0.241079971784,0.0928974774828,True,10.4354599038,10.4136240826
d000320_300_003,23,neutral 3.5 (1.05 D),mc_geomedian,23.0792719584,1.99907428776,1.47447985224,0.231565217236,0.211674813173,0.207483009282,10.4136240826,,,,,5828,2878,35.6377687286,-0.412811499754,-0.468413957925,1.46141512578,5.21829769451,0.126969713884,0.524051037307,0.128568638851,0.0407357448597,0.485042701724,0.241079971784,0.0928974774828,True,10.4354599038,10.4136240826
d000320_300_003,23,neutral 3.5 (1.05 D),mc_medoid,23.0520761175,2.04584573975,1.36167512304,0.231328037815,0.211374452701,0.207905960729,10.4354599038,,,,,5828,2878,35.6377687286,-0.412811499754,-0.468413957925,1.46141512578,5.21829769451,0.126969713884,0.524051037307,0.128568638851,0.0407357448597,0.485042701724,0.241079971784,0.0928974774828,True,10.4354599038,10.4136240826
d000320_300_003,23,neutral 3.5 (1.05 D),mean_lab,21.9681978048,1.86300853041,1.56196661127,0.221266214074,0.202355035521,0.197436546744,11.1018811652,,,,,5828,2878,35.6377687286,-0.412811499754,-0.468413957925,1.46141512578,5.21829769451,0.126969713884,0.524051037307,0.128568638851,0.0407357448597,0.485042701724,0.241079971784,0.0928974774828,True,10.4354599038,10.4136240826
d000320_300_003,23,neutral 3.5 (1.05 D),median_lab,23.2106609707,1.789280425,1.55192371571,0.23167500652,0.213198417393,0.208142682235,10.2484127682,,,,,5828,2878,35.6377687286,-0.412811499754,-0.468413957925,1.46141512578,5.21829769451,0.126969713884,0.524051037307,0.128568638851,0.0407357448597,0.485042701724,0.241079971784,0.0928974774828,True,10.4354599038,10.4136240826
d000320_300_003,23,neutral 3.5 (1.05 D),medoid_5000px,22.9991187954,2.05151845409,1.45193801044,0.231114394558,0.210886163438,0.206929383145,10.4863560479,,,,,5828,2878,35.6377687286,-0.412811499754,-0.468413957925,1.46141512578,5.21829769451,0.126969713884,0.524051037307,0.128568638851,0.0407357448597,0.485042701724,0.241079971784,0.0928974774828,True,10.4354599038,10.4136240826
d000320_300_003,23,neutral 3.5 (1.05 D),prof_geomed_srgb,23.7136884363,2.25161807417,1.28983605496,0.238178072786,0.216708628977,0.214053559167,10.0893186335,0.548208447376,0.603769445501,2.36252948664,8.99079177544,5828,2878,35.6377687286,-0.412811499754,-0.468413957925,1.46141512578,5.21829769451,0.126969713884,0.524051037307,0.128568638851,0.0407357448597,0.485042701724,0.241079971784,0.0928974774828,True,10.4354599038,10.4136240826
d000320_300_003,23,neutral 3.5 (1.05 D),prof_geomed_srgb_strict,24.3735450841,2.26139856167,1.38408574917,0.244294130993,0.222401205754,0.219225824641,9.67885184493,0.953527041938,1.17427330597,2.3022209576,9.14303138388,5828,2878,35.6377687286,-0.412811499754,-0.468413957925,1.46141512578,5.21829769451,0.126969713884,0.524051037307,0.128568638851,0.0407357448597,0.485042701724,0.241079971784,0.0928974774828,True,10.4354599038,10.4136240826
d000320_300_003,24,black 2 (1.5 D),core_geomed_lab,12.9891745321,1.50722281397,1.39772095441,0.143086477802,0.128481854388,0.124074385128,5.76962506973,0.844104368032,0.870703089707,1.2886934914,5.16998387055,5797,2869,20.6442233442,0.113218723005,-0.456645905619,0.705295387885,1.81748159415,0.141635399047,0.17787047927,0.0810199812598,0.115167192247,0.0799705064455,0.155274592831,0.131177917864,True,5.7843057777,5.86089434322
d000320_300_003,24,black 2 (1.5 D),core_mean_srgb,12.9525981562,1.48680493414,1.4444718698,0.142779736923,0.128211445048,0.123528621955,5.7944568975,1.16569137769,1.13996326744,1.26651045999,5.11000776106,5797,2869,20.6442233442,0.113218723005,-0.456645905619,0.705295387885,1.81748159415,0.141635399047,0.17787047927,0.0810199812598,0.115167192247,0.0799705064455,0.155274592831,0.131177917864,True,5.7843057777,5.86089434322
d000320_300_003,24,black 2 (1.5 D),core_medoid_de2000,12.8806884656,1.44975570011,1.44060443709,0.141986010723,0.127707232286,0.12297369803,5.81834578333,0.809358529754,0.836850484564,1.2915977207,5.16327522221,5797,2869,20.6442233442,0.113218723005,-0.456645905619,0.705295387885,1.81748159415,0.141635399047,0.17787047927,0.0810199812598,0.115167192247,0.0799705064455,0.155274592831,0.131177917864,True,5.7843057777,5.86089434322
d000320_300_003,24,black 2 (1.5 D),geomed_lab_converged,12.8174197567,1.51146293794,1.36451138688,0.141636893373,0.127105412868,0.12288406614,5.86091290245,,,,,5797,2869,20.6442233442,0.113218723005,-0.456645905619,0.705295387885,1.81748159415,0.141635399047,0.17787047927,0.0810199812598,0.115167192247,0.0799705064455,0.155274592831,0.131177917864,True,5.7843057777,5.86089434322
d000320_300_003,24,black 2 (1.5 D),mc_geomedian,12.8174542887,1.51149768106,1.36445804434,0.1416372449,0.127105637669,0.122884630554,5.86089434322,,,,,5797,2869,20.6442233442,0.113218723005,-0.456645905619,0.705295387885,1.81748159415,0.141635399047,0.17787047927,0.0810199812598,0.115167192247,0.0799705064455,0.155274592831,0.131177917864,True,5.7843057777,5.86089434322
d000320_300_003,24,black 2 (1.5 D),mc_medoid,12.9115962454,1.49152348002,1.31372570025,0.142184393971,0.127905598398,0.123904495154,5.7843057777,,,,,5797,2869,20.6442233442,0.113218723005,-0.456645905619,0.705295387885,1.81748159415,0.141635399047,0.17787047927,0.0810199812598,0.115167192247,0.0799705064455,0.155274592831,0.131177917864,True,5.7843057777,5.86089434322
d000320_300_003,24,black 2 (1.5 D),mean_lab,12.7674247432,1.52840946935,1.30516663419,0.141190922799,0.126687039913,0.122805493622,5.88164958527,,,,,5797,2869,20.6442233442,0.113218723005,-0.456645905619,0.705295387885,1.81748159415,0.141635399047,0.17787047927,0.0810199812598,0.115167192247,0.0799705064455,0.155274592831,0.131177917864,True,5.7843057777,5.86089434322
d000320_300_003,24,black 2 (1.5 D),median_lab,12.7851669014,1.50885947697,1.38974401859,0.14141561078,0.126846876587,0.122491858493,5.88505511572,,,,,5797,2869,20.6442233442,0.113218723005,-0.456645905619,0.705295387885,1.81748159415,0.141635399047,0.17787047927,0.0810199812598,0.115167192247,0.0799705064455,0.155274592831,0.131177917864,True,5.7843057777,5.86089434322
d000320_300_003,24,black 2 (1.5 D),medoid_5000px,12.7305293596,1.53047900685,1.34719704622,0.140994174423,0.126379670789,0.122287029476,5.91475223224,,,,,5797,2869,20.6442233442,0.113218723005,-0.456645905619,0.705295387885,1.81748159415,0.141635399047,0.17787047927,0.0810199812598,0.115167192247,0.0799705064455,0.155274592831,0.131177917864,True,5.7843057777,5.86089434322
d000320_300_003,24,black 2 (1.5 D),prof_geomed_srgb,12.9132926795,1.54958039615,1.31740369589,0.142519264515,0.127809567407,0.123903257801,5.81079189403,1.1452176641,1.12852299902,1.31923794078,5.09487794778,5797,2869,20.6442233442,0.113218723005,-0.456645905619,0.705295387885,1.81748159415,0.141635399047,0.17787047927,0.0810199812598,0.115167192247,0.0799705064455,0.155274592831,0.131177917864,True,5.7843057777,5.86089434322
d000320_300_003,24,black 2 (1.5 D),prof_geomed_srgb_strict,13.0330194812,1.55067279058,1.33951900356,0.143550089955,0.12876248557,0.12473980147,5.74870349942,0.804381354996,0.827118199598,1.28674336705,5.18073197393,5797,2869,20.6442233442,0.113218723005,-0.456645905619,0.705295387885,1.81748159415,0.141635399047,0.17787047927,0.0810199812598,0.115167192247,0.0799705064455,0.155274592831,0.131177917864,True,5.7843057777,5.86089434322
