degree,scope,fit_frame,fit_frame_label,target_frame,target_frame_label,removed_index,removed_patch,mean_drift_all24,drift_removed_patch,mean_drift_fitted23,baseline_mean_all24,baseline_drift_on_patch,delta_mean_all24,delta_on_removed_patch,n_patches,n_terms,rank,cond,underdetermined
2,same-image,d000220_300_021,2025-09-27 15:31,d000220_300_021,2025-09-27 15:31,0,dark skin,2.66178646501,1.08986622281,2.73013082337,2.66153469274,1.07834018986,0.000251772269236,0.0115260329522,23,6,6,53.9659393435,False
2,cross-frame,d000220_300_021,2025-09-27 15:31,d000220_300_022,2025-09-30 15:32,0,dark skin,2.65845244322,0.958436001527,2.73236620156,2.65976145685,0.959882419886,-0.00130901362319,-0.00144641835856,23,6,6,53.9659393435,False
2,cross-frame,d000220_300_021,2025-09-27 15:31,d000220_300_038,2025-09-30 15:46,0,dark skin,2.68753454062,0.493024383236,2.78294802573,2.68879009829,0.48809031768,-0.00125555766202,0.00493406555579,23,6,6,53.9659393435,False
2,cross-frame,d000220_300_021,2025-09-27 15:31,d000320_300_003,2026-02-02 08:31,0,dark skin,3.26065725175,2.14268585221,3.30926470391,3.26095541702,2.13863192348,-0.000298165261948,0.0040539287387,23,6,6,53.9659393435,False
2,same-image,d000220_300_021,2025-09-27 15:31,d000220_300_021,2025-09-27 15:31,1,light skin,2.66880789106,3.74512221245,2.62201161622,2.66153469274,3.27328116323,0.00727319831621,0.471841049225,23,6,6,52.9498042502,False
2,cross-frame,d000220_300_021,2025-09-27 15:31,d000220_300_022,2025-09-30 15:32,1,light skin,2.6134191929,3.25207822006,2.58565140911,2.65976145685,2.77245999853,-0.0463422639428,0.479618221529,23,6,6,52.9498042502,False
2,cross-frame,d000220_300_021,2025-09-27 15:31,d000220_300_038,2025-09-30 15:46,1,light skin,2.636808555,2.92304718497,2.62436339717,2.68879009829,2.43833259785,-0.0519815432898,0.484714587123,23,6,6,52.9498042502,False
2,cross-frame,d000220_300_021,2025-09-27 15:31,d000320_300_003,2026-02-02 08:31,1,light skin,3.26711395043,4.19436860872,3.2267985305,3.26095541702,3.88427333052,0.00615853341332,0.310095278191,23,6,6,52.9498042502,False
2,same-image,d000220_300_021,2025-09-27 15:31,d000220_300_021,2025-09-27 15:31,2,blue sky,2.67336581863,1.70642963041,2.71540652246,2.66153469274,1.60474869477,0.0118311258841,0.101680935639,23,6,6,53.771203836,False
2,cross-frame,d000220_300_021,2025-09-27 15:31,d000220_300_022,2025-09-30 15:32,2,blue sky,2.66662101474,1.6371284995,2.71138155888,2.65976145685,1.5406051177,0.006859557897,0.0965233818011,23,6,6,53.771203836,False
2,cross-frame,d000220_300_021,2025-09-27 15:31,d000220_300_038,2025-09-30 15:46,2,blue sky,2.69529704535,1.14283494501,2.76279539754,2.68879009829,1.05437320001,0.00650694706792,0.0884617449991,23,6,6,53.771203836,False
2,cross-frame,d000220_300_021,2025-09-27 15:31,d000320_300_003,2026-02-02 08:31,2,blue sky,3.24491064744,1.59138288716,3.31680315876,3.26095541702,1.68096971952,-0.0160447695764,-0.0895868323562,23,6,6,53.771203836,False
2,same-image,d000220_300_021,2025-09-27 15:31,d000220_300_021,2025-09-27 15:31,3,foliage,2.66655643053,2.48354115706,2.67451361634,2.66153469274,2.42393474943,0.00502173779261,0.0596064076268,23,6,6,54.101507294,False
2,cross-frame,d000220_300_021,2025-09-27 15:31,d000220_300_022,2025-09-30 15:32,3,foliage,2.66971233378,2.79704173664,2.66417627279,2.65976145685,2.73560859644,0.00995087693544,0.0614331402079,23,6,6,54.101507294,False
2,cross-frame,d000220_300_021,2025-09-27 15:31,d000220_300_038,2025-09-30 15:46,3,foliage,2.69889423934,2.81060356691,2.69403731206,2.68879009829,2.74869305569,0.0101041410569,0.0619105112186,23,6,6,54.101507294,False
2,cross-frame,d000220_300_021,2025-09-27 15:31,d000320_300_003,2026-02-02 08:31,3,foliage,3.2695753382,2.56040898416,3.30040865794,3.26095541702,2.52026219557,0.0086199211812,0.0401467885849,23,6,6,54.101507294,False
2,same-image,d000220_300_021,2025-09-27 15:31,d000220_300_021,2025-09-27 15:31,4,blue flower,2.73811082642,4.87078229094,2.64538598013,2.66153469274,4.37995367825,0.0765761336766,0.490828612694,23,6,6,53.4630600055,False
2,cross-frame,d000220_300_021,2025-09-27 15:31,d000220_300_022,2025-09-30 15:32,4,blue flower,2.72685862309,4.68927262872,2.64153627502,2.65976145685,4.20867816371,0.0670971662474,0.480594465004,23,6,6,53.4630600055,False
2,cross-frame,d000220_300_021,2025-09-27 15:31,d000220_300_038,2025-09-30 15:46,4,blue flower,2.76027318933,4.496563026,2.68478232687,2.68879009829,3.99897598361,0.0714830910474,0.497587042388,23,6,6,53.4630600055,False
2,cross-frame,d000220_300_021,2025-09-27 15:31,d000320_300_003,2026-02-02 08:31,4,blue flower,3.20216576226,2.82664825546,3.21849261039,3.26095541702,2.3578645416,-0.0587896547517,0.468783713866,23,6,6,53.4630600055,False
2,same-image,d000220_300_021,2025-09-27 15:31,d000220_300_021,2025-09-27 15:31,5,bluish green,2.75303198249,4.31700562635,2.68503312841,2.66153469274,2.78341441636,0.0914972897515,1.53359120998,23,6,6,53.9649395857,False
2,cross-frame,d000220_300_021,2025-09-27 15:31,d000220_300_022,2025-09-30 15:32,5,bluish green,2.72568566539,4.29712155388,2.65736236589,2.65976145685,2.69883589306,0.0659242085431,1.59828566082,23,6,6,53.9649395857,False
2,cross-frame,d000220_300_021,2025-09-27 15:31,d000220_300_038,2025-09-30 15:46,5,bluish green,2.74068399552,3.82175321736,2.69368098588,2.68879009829,2.21929967258,0.051893897238,1.60245354478,23,6,6,53.9649395857,False
2,cross-frame,d000220_300_021,2025-09-27 15:31,d000320_300_003,2026-02-02 08:31,5,bluish green,3.22178268567,2.71793189883,3.24368924162,3.26095541702,1.26003433446,-0.0391727313474,1.45789756438,23,6,6,53.9649395857,False
2,same-image,d000220_300_021,2025-09-27 15:31,d000220_300_021,2025-09-27 15:31,6,orange,2.62109400907,5.57301145714,2.4927497722,2.66153469274,4.0688648291,-0.0404406836683,1.50414662804,23,6,6,56.1544372434,False
2,cross-frame,d000220_300_021,2025-09-27 15:31,d000220_300_022,2025-09-30 15:32,6,orange,2.59584932123,5.11650490931,2.48625560001,2.65976145685,3.63923626825,-0.0639121356135,1.47726864106,23,6,6,56.1544372434,False
2,cross-frame,d000220_300_021,2025-09-27 15:31,d000220_300_038,2025-09-30 15:46,6,orange,2.63568297282,5.48441494781,2.51182506086,2.68879009829,4.01963661791,-0.0531071254675,1.4647783299,23,6,6,56.1544372434,False
2,cross-frame,d000220_300_021,2025-09-27 15:31,d000320_300_003,2026-02-02 08:31,6,orange,3.17796883604,2.457832244,3.20927912265,3.26095541702,1.07445184881,-0.0829865809755,1.38338039519,23,6,6,56.1544372434,False
2,same-image,d000220_300_021,2025-09-27 15:31,d000220_300_021,2025-09-27 15:31,7,purplish blue,2.71131929884,3.57557283355,2.6737430582,2.66153469274,2.71384669645,0.049784606102,0.861726137095,23,6,6,54.2328524119,False
2,cross-frame,d000220_300_021,2025-09-27 15:31,d000220_300_022,2025-09-30 15:32,7,purplish blue,2.68171135398,3.09952256105,2.66354564933,2.65976145685,2.25514677703,0.0219498971342,0.844375784026,23,6,6,54.2328524119,False
2,cross-frame,d000220_300_021,2025-09-27 15:31,d000220_300_038,2025-09-30 15:46,7,purplish blue,2.71668600432,3.09882643541,2.70007120297,2.68879009829,2.23739941764,0.0278959060325,0.861427017773,23,6,6,54.2328524119,False
2,cross-frame,d000220_300_021,2025-09-27 15:31,d000320_300_003,2026-02-02 08:31,7,purplish blue,3.22911272277,1.48529631265,3.30493082756,3.26095541702,1.24466623256,-0.0318426942425,0.240630080089,23,6,6,54.2328524119,False
2,same-image,d000220_300_021,2025-09-27 15:31,d000220_300_021,2025-09-27 15:31,8,moderate red,2.72357768686,3.66033654464,2.68284904087,2.66153469274,2.68956964683,0.062042994123,0.970766897807,23,6,6,54.2938522688,False
2,cross-frame,d000220_300_021,2025-09-27 15:31,d000220_300_022,2025-09-30 15:32,8,moderate red,2.73694018965,3.7336519004,2.69360489788,2.65976145685,2.70338989273,0.0771787328026,1.03026200768,23,6,6,54.2938522688,False
2,cross-frame,d000220_300_021,2025-09-27 15:31,d000220_300_038,2025-09-30 15:46,8,moderate red,2.75934962256,3.7971950736,2.7142259073,2.68879009829,2.83084303335,0.070559524273,0.96635204025,23,6,6,54.2938522688,False
2,cross-frame,d000220_300_021,2025-09-27 15:31,d000320_300_003,2026-02-02 08:31,8,moderate red,3.28303770757,3.59589829724,3.26943507323,3.26095541702,2.94742893506,0.0220822905519,0.648469362172,23,6,6,54.2938522688,False
2,same-image,d000220_300_021,2025-09-27 15:31,d000220_300_021,2025-09-27 15:31,9,purple,2.67373566783,4.23961796798,2.60565382869,2.66153469274,4.11935381448,0.0122009750886,0.1202641535,23,6,6,54.201213523,False
2,cross-frame,d000220_300_021,2025-09-27 15:31,d000220_300_022,2025-09-30 15:32,9,purple,2.67307116786,4.11847154272,2.6102276733,2.65976145685,4.0011581178,0.013309711017,0.117313424914,23,6,6,54.201213523,False
2,cross-frame,d000220_300_021,2025-09-27 15:31,d000220_300_038,2025-09-30 15:46,9,purple,2.70346624835,4.40305386029,2.62957113479,2.68879009829,4.28571420398,0.014676150066,0.117339656309,23,6,6,54.201213523,False
2,cross-frame,d000220_300_021,2025-09-27 15:31,d000320_300_003,2026-02-02 08:31,9,purple,3.24589657825,3.28021409142,3.24440451246,3.26095541702,3.15407442354,-0.0150588387642,0.126139667882,23,6,6,54.201213523,False
2,same-image,d000220_300_021,2025-09-27 15:31,d000220_300_021,2025-09-27 15:31,10,yellow green,2.87755850061,5.838865159,2.7488060372,2.66153469274,3.56322053543,0.216023807867,2.27564462356,23,6,6,62.753648701,False
2,cross-frame,d000220_300_021,2025-09-27 15:31,d000220_300_022,2025-09-30 15:32,10,yellow green,2.86209669101,5.622142473,2.74209470049,2.65976145685,3.29809267415,0.202335234161,2.32404979885,23,6,6,62.753648701,False
2,cross-frame,d000220_300_021,2025-09-27 15:31,d000220_300_038,2025-09-30 15:46,10,yellow green,2.88389851265,6.00813605804,2.74806209764,2.68879009829,3.6662918629,0.19510841437,2.34184419514,23,6,6,62.753648701,False
2,cross-frame,d000220_300_021,2025-09-27 15:31,d000320_300_003,2026-02-02 08:31,10,yellow green,3.28693279856,3.00938698493,3.29900000785,3.26095541702,1.42447291482,0.0259773815467,1.58491407011,23,6,6,62.753648701,False
2,same-image,d000220_300_021,2025-09-27 15:31,d000220_300_021,2025-09-27 15:31,11,orange yellow,2.66736261821,4.95066773334,2.56808848277,2.66153469274,3.8979854371,0.00582792546716,1.05268229625,23,6,6,54.4953753616,False
2,cross-frame,d000220_300_021,2025-09-27 15:31,d000220_300_022,2025-09-30 15:32,11,orange yellow,2.66463833268,4.44454851147,2.5872509336,2.65976145685,3.38045183088,0.00487687583345,1.06409668059,23,6,6,54.4953753616,False
2,cross-frame,d000220_300_021,2025-09-27 15:31,d000220_300_038,2025-09-30 15:46,11,orange yellow,2.70171989527,4.94514473844,2.60417968469,2.68879009829,3.9005725459,0.0129297969811,1.04457219253,23,6,6,54.4953753616,False
2,cross-frame,d000220_300_021,2025-09-27 15:31,d000320_300_003,2026-02-02 08:31,11,orange yellow,3.26329867694,1.45054052806,3.34211424863,3.26095541702,0.56863167367,0.0023432599216,0.881908854386,23,6,6,54.4953753616,False
2,same-image,d000220_300_021,2025-09-27 15:31,d000220_300_021,2025-09-27 15:31,12,blue,2.67874449726,2.46658677032,2.68796874625,2.66153469274,1.69240291213,0.017209804514,0.774183858184,23,6,6,55.1355100829,False
2,cross-frame,d000220_300_021,2025-09-27 15:31,d000220_300_022,2025-09-30 15:32,12,blue,2.68416848379,2.56669167455,2.68927617115,2.65976145685,1.76282267609,0.024407026948,0.803868998454,23,6,6,55.1355100829,False
2,cross-frame,d000220_300_021,2025-09-27 15:31,d000220_300_038,2025-09-30 15:46,12,blue,2.70621364091,2.52838970961,2.71394511618,2.68879009829,1.74613037679,0.0174235426211,0.782259332817,23,6,6,55.1355100829,False
2,cross-frame,d000220_300_021,2025-09-27 15:31,d000320_300_003,2026-02-02 08:31,12,blue,3.31570600866,4.48968255672,3.26466355005,3.26095541702,3.67757659494,0.0547505916454,0.812105961779,23,6,6,55.1355100829,False
2,same-image,d000220_300_021,2025-09-27 15:31,d000220_300_021,2025-09-27 15:31,13,green,2.71304712015,1.36096550754,2.77183327722,2.66153469274,0.867095742961,0.051512427404,0.493869764579,23,6,6,60.7432735691,False
2,cross-frame,d000220_300_021,2025-09-27 15:31,d000220_300_022,2025-09-30 15:32,13,green,2.71693205685,1.88574940341,2.75307043309,2.65976145685,1.07530809846,0.0571706000041,0.810441304951,23,6,6,60.7432735691,False
2,cross-frame,d000220_300_021,2025-09-27 15:31,d000220_300_038,2025-09-30 15:46,13,green,2.75315261007,1.81038095737,2.79414268193,2.68879009829,0.98733074333,0.0643625117894,0.823050214041,23,6,6,60.7432735691,False
2,cross-frame,d000220_300_021,2025-09-27 15:31,d000320_300_003,2026-02-02 08:31,13,green,3.34902241393,4.69252097959,3.29060943281,3.26095541702,3.90032321348,0.0880669969149,0.792197766108,23,6,6,60.7432735691,False
2,same-image,d000220_300_021,2025-09-27 15:31,d000220_300_021,2025-09-27 15:31,14,red,2.76702206655,6.98820492294,2.58349237714,2.66153469274,4.69749618062,0.105487373809,2.29070874232,23,6,6,54.0590775139,False
2,cross-frame,d000220_300_021,2025-09-27 15:31,d000220_300_022,2025-09-30 15:32,14,red,2.81987268816,7.88061915559,2.59984023306,2.65976145685,5.54004038408,0.160111231316,2.34057877152,23,6,6,54.0590775139,False
2,cross-frame,d000220_300_021,2025-09-27 15:31,d000220_300_038,2025-09-30 15:46,14,red,2.83822709604,7.72754950679,2.62564786079,2.68879009829,5.39863927076,0.149436997752,2.32891023603,23,6,6,54.0590775139,False
2,cross-frame,d000220_300_021,2025-09-27 15:31,d000320_300_003,2026-02-02 08:31,14,red,3.50825318007,10.7462182778,3.19355904539,3.26095541702,8.19400656758,0.247297763055,2.5522117102,23,6,6,54.0590775139,False
2,same-image,d000220_300_021,2025-09-27 15:31,d000220_300_021,2025-09-27 15:31,15,yellow,2.59079192555,3.74841059787,2.54046067893,2.66153469274,1.28849423421,-0.0707427671899,2.45991636366,23,6,6,51.6632213163,False
2,cross-frame,d000220_300_021,2025-09-27 15:31,d000220_300_022,2025-09-30 15:32,15,yellow,2.62445682011,4.32311617833,2.55060206541,2.65976145685,1.6765250741,-0.0353046367356,2.64659110423,23,6,6,51.6632213163,False
2,cross-frame,d000220_300_021,2025-09-27 15:31,d000220_300_038,2025-09-30 15:46,15,yellow,2.66936348749,4.25535020944,2.60040754306,2.68879009829,1.50880193506,-0.0194266107947,2.74654827438,23,6,6,51.6632213163,False
2,cross-frame,d000220_300_021,2025-09-27 15:31,d000320_300_003,2026-02-02 08:31,15,yellow,3.62632291096,8.23115458312,3.42611283826,3.26095541702,5.07163158395,0.365367493945,3.15952299917,23,6,6,51.6632213163,False
2,same-image,d000220_300_021,2025-09-27 15:31,d000220_300_021,2025-09-27 15:31,16,magenta,2.70524823061,3.26125093592,2.68107419995,2.66153469274,1.57543776415,0.0437135378718,1.68581317177,23,6,6,75.5488160685,False
2,cross-frame,d000220_300_021,2025-09-27 15:31,d000220_300_022,2025-09-30 15:32,16,magenta,2.69399630726,3.16277127429,2.67361478696,2.65976145685,1.32618110776,0.0342348504154,1.83659016653,23,6,6,75.5488160685,False
2,cross-frame,d000220_300_021,2025-09-27 15:31,d000220_300_038,2025-09-30 15:46,16,magenta,2.73602993772,3.11237861858,2.7196669516,2.68879009829,1.32834352393,0.0472398394377,1.78403509465,23,6,6,75.5488160685,False
2,cross-frame,d000220_300_021,2025-09-27 15:31,d000320_300_003,2026-02-02 08:31,16,magenta,3.41112677515,4.92476652354,3.3453163513,3.26095541702,3.49788559325,0.150171358131,1.42688093029,23,6,6,75.5488160685,False
2,same-image,d000220_300_021,2025-09-27 15:31,d000220_300_021,2025-09-27 15:31,17,cyan,2.74296576299,8.64286306162,2.48644848914,2.66153469274,5.87025269903,0.0814310702485,2.77261036259,23,6,6,55.5416401941,False
2,cross-frame,d000220_300_021,2025-09-27 15:31,d000220_300_022,2025-09-30 15:32,17,cyan,2.73580117041,8.82170121604,2.4711968206,2.65976145685,5.92578221727,0.0760397135643,2.89591899877,23,6,6,55.5416401941,False
2,cross-frame,d000220_300_021,2025-09-27 15:31,d000220_300_038,2025-09-30 15:46,17,cyan,2.76686881071,8.79840894008,2.50462793552,2.68879009829,5.8900467425,0.0780787124222,2.90836219758,23,6,6,55.5416401941,False
2,cross-frame,d000220_300_021,2025-09-27 15:31,d000320_300_003,2026-02-02 08:31,17,cyan,3.51435449942,12.1490738879,3.13893191731,3.26095541702,9.12204717859,0.253399082405,3.02702670929,23,6,6,55.5416401941,False
2,same-image,d000220_300_021,2025-09-27 15:31,d000220_300_021,2025-09-27 15:31,18,white 9.5 (.05 D),2.4927415106,1.64818898083,2.5294611858,2.66153469274,1.2980234445,-0.168793182145,0.350165536329,23,6,6,44.4835047322,False
2,cross-frame,d000220_300_021,2025-09-27 15:31,d000220_300_022,2025-09-30 15:32,18,white 9.5 (.05 D),2.45946417937,1.47562313158,2.5022398771,2.65976145685,1.45229665862,-0.200297277474,0.0233264729594,23,6,6,44.4835047322,False
2,cross-frame,d000220_300_021,2025-09-27 15:31,d000220_300_038,2025-09-30 15:46,18,white 9.5 (.05 D),2.52761736514,2.30548634596,2.53727523554,2.68879009829,2.37967359887,-0.161172733143,-0.0741872529172,23,6,6,44.4835047322,False
2,cross-frame,d000220_300_021,2025-09-27 15:31,d000320_300_003,2026-02-02 08:31,18,white 9.5 (.05 D),3.34362864929,4.31193635708,3.30152831417,3.26095541702,4.31193635708,0.0826732322775,1.09245945623e-13,23,6,6,44.4835047322,False
2,same-image,d000220_300_021,2025-09-27 15:31,d000220_300_021,2025-09-27 15:31,19,neutral 8 (.23 D),2.71334406153,2.43400021896,2.72548944599,2.66153469274,2.11640986843,0.0518093687907,0.317590350522,23,6,6,50.0411839719,False
2,cross-frame,d000220_300_021,2025-09-27 15:31,d000220_300_022,2025-09-30 15:32,19,neutral 8 (.23 D),2.74841182049,3.25687732149,2.72630462479,2.65976145685,2.82340966682,0.0886503636397,0.433467654669,23,6,6,50.0411839719,False
2,cross-frame,d000220_300_021,2025-09-27 15:31,d000220_300_038,2025-09-30 15:46,19,neutral 8 (.23 D),2.78439265306,3.86147622786,2.73756293242,2.68879009829,3.42501941235,0.0956025547763,0.436456815515,23,6,6,50.0411839719,False
2,cross-frame,d000220_300_021,2025-09-27 15:31,d000320_300_003,2026-02-02 08:31,19,neutral 8 (.23 D),3.28259261862,3.91324752616,3.25517284003,3.26095541702,3.71838804765,0.0216372016062,0.19485947851,23,6,6,50.0411839719,False
2,same-image,d000220_300_021,2025-09-27 15:31,d000220_300_021,2025-09-27 15:31,20,neutral 6.5 (.44 D),2.64369807338,1.29819304505,2.70219829201,2.66153469274,1.32763483945,-0.0178366193589,-0.0294417943995,23,6,6,52.4615138444,False
2,cross-frame,d000220_300_021,2025-09-27 15:31,d000220_300_022,2025-09-30 15:32,20,neutral 6.5 (.44 D),2.65069913894,1.17095690478,2.71503575781,2.65976145685,1.18313010901,-0.00906231791097,-0.0121732042307,23,6,6,52.4615138444,False
2,cross-frame,d000220_300_021,2025-09-27 15:31,d000220_300_038,2025-09-30 15:46,20,neutral 6.5 (.44 D),2.68115091596,2.25372034919,2.69973485365,2.68879009829,2.24101696182,-0.00763918232463,0.0127033873726,23,6,6,52.4615138444,False
2,cross-frame,d000220_300_021,2025-09-27 15:31,d000320_300_003,2026-02-02 08:31,20,neutral 6.5 (.44 D),3.26128336693,3.88325853121,3.23424096849,3.26095541702,3.85557816967,0.000327949918081,0.0276803615396,23,6,6,52.4615138444,False
2,same-image,d000220_300_021,2025-09-27 15:31,d000220_300_021,2025-09-27 15:31,21,neutral 5 (.70 D),2.65994240494,1.92226333886,2.69201540781,2.66153469274,1.92567410301,-0.00159228780586,-0.00341076414476,23,6,6,53.6257250551,False
2,cross-frame,d000220_300_021,2025-09-27 15:31,d000220_300_022,2025-09-30 15:32,21,neutral 5 (.70 D),2.66363989131,1.79611009705,2.70135857802,2.65976145685,1.78131032642,0.00387843446219,0.0147997706257,23,6,6,53.6257250551,False
2,cross-frame,d000220_300_021,2025-09-27 15:31,d000220_300_038,2025-09-30 15:46,21,neutral 5 (.70 D),2.69368739398,1.59669680774,2.74138263686,2.68879009829,1.57835772382,0.00489729569762,0.0183390839117,23,6,6,53.6257250551,False
2,cross-frame,d000220_300_021,2025-09-27 15:31,d000320_300_003,2026-02-02 08:31,21,neutral 5 (.70 D),3.26246576083,3.75650270929,3.24098589351,3.26095541702,3.7416076596,0.00151034381806,0.014895049689,23,6,6,53.6257250551,False
2,same-image,d000220_300_021,2025-09-27 15:31,d000220_300_021,2025-09-27 15:31,22,neutral 3.5 (1.05 D),2.6591033133,1.20069902493,2.7225121954,2.66153469274,1.1956082925,-0.00243137944655,0.00509073242706,23,6,6,53.9577722311,False
2,cross-frame,d000220_300_021,2025-09-27 15:31,d000220_300_022,2025-09-30 15:32,22,neutral 3.5 (1.05 D),2.6595496986,1.4695057615,2.71129073934,2.65976145685,1.46242775936,-0.000211758247679,0.00707800214168,23,6,6,53.9577722311,False
2,cross-frame,d000220_300_021,2025-09-27 15:31,d000220_300_038,2025-09-30 15:46,22,neutral 3.5 (1.05 D),2.68885735283,1.92761387512,2.72195489534,2.68879009829,1.92048886586,6.72545474849e-05,0.00712500925813,23,6,6,53.9577722311,False
2,cross-frame,d000220_300_021,2025-09-27 15:31,d000320_300_003,2026-02-02 08:31,22,neutral 3.5 (1.05 D),3.26096241572,2.44024082639,3.29664596308,3.26095541702,2.4362929267,6.99870600851e-06,0.00394789968622,23,6,6,53.9577722311,False
2,same-image,d000220_300_021,2025-09-27 15:31,d000220_300_021,2025-09-27 15:31,23,black 2 (1.5 D),2.66121731714,3.4271821104,2.62791450004,2.66153469274,3.42578869351,-0.000317375600603,0.00139341689256,23,6,6,54.0440978449,False
2,cross-frame,d000220_300_021,2025-09-27 15:31,d000220_300_022,2025-09-30 15:32,23,black 2 (1.5 D),2.6599652748,3.63303056757,2.61765808816,2.65976145685,3.63149513617,0.000203817952517,0.00153543139971,23,6,6,54.0440978449,False
2,cross-frame,d000220_300_021,2025-09-27 15:31,d000220_300_038,2025-09-30 15:46,23,black 2 (1.5 D),2.68905565541,2.24039791043,2.70856251389,2.68879009829,2.23889069462,0.000265557125623,0.00150721580751,23,6,6,54.0440978449,False
2,cross-frame,d000220_300_021,2025-09-27 15:31,d000320_300_003,2026-02-02 08:31,23,black 2 (1.5 D),3.26100954909,2.48080994266,3.29493127111,3.26095541702,2.47989404227,5.41320733571e-05,0.000915900388679,23,6,6,54.0440978449,False
2,cross-frame,d000220_300_022,2025-09-30 15:32,d000220_300_021,2025-09-27 15:31,0,dark skin,3.0919020994,1.71304292114,3.15185249846,3.0895612289,1.70286725736,0.00234087049888,0.0101756637866,23,6,6,53.0910653774,False
2,same-image,d000220_300_022,2025-09-30 15:32,d000220_300_022,2025-09-30 15:32,0,dark skin,2.79243687736,1.26591825857,2.85880725209,2.78976636639,1.25353075071,0.00267051097599,0.012387507862,23,6,6,53.0910653774,False
2,cross-frame,d000220_300_022,2025-09-30 15:32,d000220_300_038,2025-09-30 15:46,0,dark skin,2.66905475177,1.02026189064,2.74074139791,2.6675965863,1.00812894732,0.00145816547407,0.0121329433152,23,6,6,53.0910653774,False
2,cross-frame,d000220_300_022,2025-09-30 15:32,d000320_300_003,2026-02-02 08:31,0,dark skin,3.1605338892,2.18922358947,3.2027647718,3.16079093075,2.1905786764,-0.000257041548639,-0.00135508692978,23,6,6,53.0910653774,False
2,cross-frame,d000220_300_022,2025-09-30 15:32,d000220_300_021,2025-09-27 15:31,1,light skin,3.17537660477,4.57622491461,3.11447015651,3.0895612289,4.05828405745,0.0858153758644,0.517940857163,23,6,6,52.0975842848,False
2,same-image,d000220_300_022,2025-09-30 15:32,d000220_300_022,2025-09-30 15:32,1,light skin,2.85934658497,4.04817483253,2.8076584003,2.78976636639,3.52636320891,0.0695802185872,0.521811623623,23,6,6,52.0975842848,False
2,cross-frame,d000220_300_022,2025-09-30 15:32,d000220_300_038,2025-09-30 15:46,1,light skin,2.68698348355,3.70730033789,2.64262188119,2.6675965863,3.18303826688,0.0193868972546,0.524262071013,23,6,6,52.0975842848,False
2,cross-frame,d000220_300_022,2025-09-30 15:32,d000320_300_003,2026-02-02 08:31,1,light skin,3.20174986711,4.46803847066,3.14669384087,3.16079093075,4.09922856086,0.0409589363613,0.368809909803,23,6,6,52.0975842848,False
2,cross-frame,d000220_300_022,2025-09-30 15:32,d000220_300_021,2025-09-27 15:31,2,blue sky,3.10938234235,2.47413724057,3.1370016946,3.0895612289,2.34806601849,0.0198211134427,0.126071222079,23,6,6,52.8900835707,False
2,same-image,d000220_300_022,2025-09-30 15:32,d000220_300_022,2025-09-30 15:32,2,blue sky,2.80289766776,2.22362918277,2.82808325406,2.78976636639,2.09678850219,0.0131313013728,0.12684068058,23,6,6,52.8900835707,False
2,cross-frame,d000220_300_022,2025-09-30 15:32,d000220_300_038,2025-09-30 15:46,2,blue sky,2.68015322917,1.71687278897,2.72203498744,2.6675965863,1.58918623227,0.0125566428767,0.127686556699,23,6,6,52.8900835707,False
2,cross-frame,d000220_300_022,2025-09-30 15:32,d000320_300_003,2026-02-02 08:31,2,blue sky,3.15143395893,1.4951796438,3.22344501611,3.16079093075,1.53526812726,-0.00935697182229,-0.0400884834612,23,6,6,52.8900835707,False
2,cross-frame,d000220_300_022,2025-09-30 15:32,d000220_300_021,2025-09-27 15:31,3,foliage,3.08869473667,2.40875705544,3.11825724455,3.0895612289,2.35319688935,-0.000866492234314,0.0555601660925,23,6,6,53.2103123783,False
2,same-image,d000220_300_022,2025-09-30 15:32,d000220_300_022,2025-09-30 15:32,3,foliage,2.78988438742,2.64014710683,2.79639470396,2.78976636639,2.57990389651,0.000118021030024,0.0602432103219,23,6,6,53.2103123783,False
2,cross-frame,d000220_300_022,2025-09-30 15:32,d000220_300_038,2025-09-30 15:46,3,foliage,2.66944178369,2.49736677553,2.67692330579,2.6675965863,2.43635960202,0.00184519739617,0.0610071735154,23,6,6,53.2103123783,False
2,cross-frame,d000220_300_022,2025-09-30 15:32,d000320_300_003,2026-02-02 08:31,3,foliage,3.16446953214,1.76733252571,3.22521461938,3.16079093075,1.72687506125,0.00367860139095,0.0404574644609,23,6,6,53.2103123783,False
2,cross-frame,d000220_300_022,2025-09-30 15:32,d000220_300_021,2025-09-27 15:31,4,blue flower,3.16501514178,5.5685810158,3.06051227769,3.0895612289,5.04990691847,0.0754539128781,0.51867409733,23,6,6,52.6101030274,False
2,same-image,d000220_300_022,2025-09-30 15:32,d000220_300_022,2025-09-30 15:32,4,blue flower,2.85267130731,5.34081381756,2.74449119817,2.78976636639,4.83396742162,0.0629049409258,0.506846395942,23,6,6,52.6101030274,False
2,cross-frame,d000220_300_022,2025-09-30 15:32,d000220_300_038,2025-09-30 15:46,4,blue flower,2.74502292711,5.02735782383,2.64579097508,2.6675965863,4.50320527106,0.0774263408132,0.524152552768,23,6,6,52.6101030274,False
2,cross-frame,d000220_300_022,2025-09-30 15:32,d000320_300_003,2026-02-02 08:31,4,blue flower,3.10970193753,3.41343315249,3.09649623253,3.16079093075,2.90156324294,-0.0510889932212,0.511869909552,23,6,6,52.6101030274,False
2,cross-frame,d000220_300_022,2025-09-30 15:32,d000220_300_021,2025-09-27 15:31,5,bluish green,3.19095632551,4.83152017044,3.11962746269,3.0895612289,3.25751104111,0.10139509661,1.57400912933,23,6,6,53.0452097285,False
2,same-image,d000220_300_022,2025-09-30 15:32,d000220_300_022,2025-09-30 15:32,5,bluish green,2.89289316554,4.68277316245,2.81507229611,2.78976636639,2.98480346646,0.103126799154,1.69796969599,23,6,6,53.0452097285,False
2,cross-frame,d000220_300_022,2025-09-30 15:32,d000220_300_038,2025-09-30 15:46,5,bluish green,2.75719463487,4.2212310709,2.69354087679,2.6675965863,2.53931987061,0.0895980485784,1.68191120028,23,6,6,53.0452097285,False
2,cross-frame,d000220_300_022,2025-09-30 15:32,d000320_300_003,2026-02-02 08:31,5,bluish green,3.11908013334,3.34494956699,3.10925972318,3.16079093075,2.00971325571,-0.0417107974089,1.33523631128,23,6,6,53.0452097285,False
2,cross-frame,d000220_300_022,2025-09-30 15:32,d000220_300_021,2025-09-27 15:31,6,orange,3.06154878917,6.11771705386,2.9286719081,3.0895612289,4.65537353984,-0.0280124397308,1.46234351402,23,6,6,55.4310234834,False
2,same-image,d000220_300_022,2025-09-30 15:32,d000220_300_022,2025-09-30 15:32,6,orange,2.73876509646,5.65446190614,2.61199566995,2.78976636639,4.19737355284,-0.0510012699251,1.4570883533,23,6,6,55.4310234834,False
2,cross-frame,d000220_300_022,2025-09-30 15:32,d000220_300_038,2025-09-30 15:46,6,orange,2.62146438349,6.02380550661,2.47353650857,2.6675965863,4.57727739789,-0.0461322028048,1.44652810873,23,6,6,55.4310234834,False
2,cross-frame,d000220_300_022,2025-09-30 15:32,d000320_300_003,2026-02-02 08:31,6,orange,3.07805719166,2.98625691424,3.08204850807,3.16079093075,1.63865549679,-0.0827337390904,1.34760141745,23,6,6,55.4310234834,False
2,cross-frame,d000220_300_022,2025-09-30 15:32,d000220_300_021,2025-09-27 15:31,7,purplish blue,3.1350749416,3.97803894717,3.09842433266,3.0895612289,3.18620920945,0.0455137126941,0.791829737718,23,6,6,53.414716937,False
2,same-image,d000220_300_022,2025-09-30 15:32,d000220_300_022,2025-09-30 15:32,7,purplish blue,2.81064037859,3.52773911015,2.77946217287,2.78976636639,2.73570085357,0.0208740122047,0.792038256582,23,6,6,53.414716937,False
2,cross-frame,d000220_300_022,2025-09-30 15:32,d000220_300_038,2025-09-30 15:46,7,purplish blue,2.69918250204,3.52473529587,2.66328890231,2.6675965863,2.71845785901,0.0315859157451,0.806277436864,23,6,6,53.414716937,False
2,cross-frame,d000220_300_022,2025-09-30 15:32,d000320_300_003,2026-02-02 08:31,7,purplish blue,3.14483166287,1.65466413933,3.2096215552,3.16079093075,1.16017664851,-0.0159592678747,0.494487490816,23,6,6,53.414716937,False
2,cross-frame,d000220_300_022,2025-09-30 15:32,d000220_300_021,2025-09-27 15:31,8,moderate red,3.13990702504,3.62407887366,3.1188560751,3.0895612289,2.73936731517,0.050345796139,0.88471155849,23,6,6,53.415276901,False
2,same-image,d000220_300_022,2025-09-30 15:32,d000220_300_022,2025-09-30 15:32,8,moderate red,2.85496014239,3.67099142998,2.81948052119,2.78976636639,2.68186461303,0.065193776002,0.989126816948,23,6,6,53.415276901,False
2,cross-frame,d000220_300_022,2025-09-30 15:32,d000220_300_038,2025-09-30 15:46,8,moderate red,2.724880568,3.76114758422,2.67982548033,2.6675965863,2.86911364954,0.0572839816999,0.892033934687,23,6,6,53.415276901,False
2,cross-frame,d000220_300_022,2025-09-30 15:32,d000320_300_003,2026-02-02 08:31,8,moderate red,3.18473427442,3.48889303307,3.17150998057,3.16079093075,2.70655856449,0.0239433436753,0.782334468583,23,6,6,53.415276901,False
2,cross-frame,d000220_300_022,2025-09-30 15:32,d000220_300_021,2025-09-27 15:31,9,purple,3.09698376786,4.36895575394,3.04168063803,3.0895612289,4.25335355823,0.00742253895425,0.115602195712,23,6,6,53.3216366614,False
2,same-image,d000220_300_022,2025-09-30 15:32,d000220_300_022,2025-09-30 15:32,9,purple,2.79892800649,4.23339566064,2.73655984761,2.78976636639,4.12024033691,0.00916164010254,0.113155323735,23,6,6,53.3216366614,False
2,cross-frame,d000220_300_022,2025-09-30 15:32,d000220_300_038,2025-09-30 15:46,9,purple,2.68043553238,4.49592614055,2.60150115811,2.6675965863,4.38273513317,0.012838946084,0.113191007374,23,6,6,53.3216366614,False
2,cross-frame,d000220_300_022,2025-09-30 15:32,d000320_300_003,2026-02-02 08:31,9,purple,3.14487701126,3.32327459669,3.1371205945,3.16079093075,3.2012082538,-0.0159139194913,0.122066342892,23,6,6,53.3216366614,False
2,cross-frame,d000220_300_022,2025-09-30 15:32,d000220_300_021,2025-09-27 15:31,10,yellow green,3.34402803451,6.79217578627,3.19410856704,3.0895612289,4.42117172956,0.254466805604,2.37100405671,23,6,6,61.8825894275,False
2,same-image,d000220_300_022,2025-09-30 15:32,d000220_300_022,2025-09-30 15:32,10,yellow green,3.03819334318,6.5683773784,2.88470708078,2.78976636639,4.13752115649,0.248426976796,2.43085622191,23,6,6,61.8825894275,False
2,cross-frame,d000220_300_022,2025-09-30 15:32,d000220_300_038,2025-09-30 15:46,10,yellow green,2.91377936894,6.9510684849,2.73824505955,2.6675965863,4.49986243486,0.246182782643,2.45120605005,23,6,6,61.8825894275,False
2,cross-frame,d000220_300_022,2025-09-30 15:32,d000320_300_003,2026-02-02 08:31,10,yellow green,3.21303086903,3.70828299086,3.19149816808,3.16079093075,1.52367950981,0.0522399382759,2.18460348105,23,6,6,61.8825894275,False
2,cross-frame,d000220_300_022,2025-09-30 15:32,d000220_300_021,2025-09-27 15:31,11,orange yellow,3.11196104931,5.70164724457,2.99936599735,3.0895612289,4.63648920766,0.0223998204114,1.06515803691,23,6,6,53.5824647649,False
2,same-image,d000220_300_022,2025-09-30 15:32,d000220_300_022,2025-09-30 15:32,11,orange yellow,2.79592261624,5.17322442689,2.69256166795,2.78976636639,4.09325505096,0.00615624985612,1.07996937593,23,6,6,53.5824647649,False
2,cross-frame,d000220_300_022,2025-09-30 15:32,d000220_300_038,2025-09-30 15:46,11,orange yellow,2.68808588148,5.66662713345,2.55858408792,2.6675965863,4.60575688821,0.0204892951876,1.06087024524,23,6,6,53.5824647649,False
2,cross-frame,d000220_300_022,2025-09-30 15:32,d000320_300_003,2026-02-02 08:31,11,orange yellow,3.17995771048,2.09624928827,3.22707546797,3.16079093075,1.03607989603,0.019166779731,1.06016939224,23,6,6,53.5824647649,False
2,cross-frame,d000220_300_022,2025-09-30 15:32,d000220_300_021,2025-09-27 15:31,12,blue,3.09217908801,1.86683022062,3.14545512572,3.0895612289,1.32087744283,0.00261785910695,0.545952777789,23,6,6,54.3234056408,False
2,same-image,d000220_300_022,2025-09-30 15:32,d000220_300_022,2025-09-30 15:32,12,blue,2.80139656052,1.978644785,2.83716837684,2.78976636639,1.32221120993,0.0116301941306,0.656433575068,23,6,6,54.3234056408,False
2,cross-frame,d000220_300_022,2025-09-30 15:32,d000220_300_038,2025-09-30 15:46,12,blue,2.67428511701,1.95514041592,2.70555227793,2.6675965863,1.34336521887,0.00668853071576,0.611775197055,23,6,6,54.3234056408,False
2,cross-frame,d000220_300_022,2025-09-30 15:32,d000320_300_003,2026-02-02 08:31,12,blue,3.20096775605,3.91194350861,3.17005576681,3.16079093075,3.19063161038,0.040176825299,0.721311898232,23,6,6,54.3234056408,False
2,cross-frame,d000220_300_022,2025-09-30 15:32,d000220_300_021,2025-09-27 15:31,13,green,3.1375223388,1.65871246827,3.20181842013,3.0895612289,1.55116822685,0.0479611099007,0.10754424142,23,6,6,59.8274342664,False
2,same-image,d000220_300_022,2025-09-30 15:32,d000220_300_022,2025-09-30 15:32,13,green,2.85034447537,1.78125481594,2.89682663448,2.78976636639,1.12451164956,0.0605781089892,0.656743166375,23,6,6,59.8274342664,False
2,cross-frame,d000220_300_022,2025-09-30 15:32,d000220_300_038,2025-09-30 15:46,13,green,2.73046791914,1.69080568304,2.77567062505,2.6675965863,1.0318726984,0.0628713328393,0.658932984643,23,6,6,59.8274342664,False
2,cross-frame,d000220_300_022,2025-09-30 15:32,d000320_300_003,2026-02-02 08:31,13,green,3.28233634134,4.28968291033,3.23853866443,3.16079093075,3.35148884328,0.121545410591,0.938194067052,23,6,6,59.8274342664,False
2,cross-frame,d000220_300_022,2025-09-30 15:32,d000220_300_021,2025-09-27 15:31,14,red,3.14186254591,6.6514351158,2.98927243418,3.0895612289,4.54532417886,0.0523013170071,2.10611093694,23,6,6,53.0885023841,False
2,same-image,d000220_300_022,2025-09-30 15:32,d000220_300_022,2025-09-30 15:32,14,red,2.88280776122,7.51142799041,2.68156340342,2.78976636639,5.35789463365,0.0930413948302,2.15353335676,23,6,6,53.0885023841,False
2,cross-frame,d000220_300_022,2025-09-30 15:32,d000220_300_038,2025-09-30 15:46,14,red,2.75832157526,7.36871652635,2.55786962087,2.6675965863,5.22492565938,0.0907249889657,2.14379086697,23,6,6,53.0885023841,False
2,cross-frame,d000220_300_022,2025-09-30 15:32,d000320_300_003,2026-02-02 08:31,14,red,3.36232470714,10.3866685897,3.05691845138,3.16079093075,8.04596399012,0.201533776392,2.34070459955,23,6,6,53.0885023841,False
2,cross-frame,d000220_300_022,2025-09-30 15:32,d000220_300_021,2025-09-27 15:31,15,yellow,2.97250586804,3.20855458669,2.96224288027,3.0895612289,1.11350123986,-0.117055360866,2.09505334683,23,6,6,50.7719921357,False
2,same-image,d000220_300_022,2025-09-30 15:32,d000220_300_022,2025-09-30 15:32,15,yellow,2.70454619341,3.61776596824,2.66484098581,2.78976636639,1.08168940151,-0.0852201729763,2.53607656673,23,6,6,50.7719921357,False
2,cross-frame,d000220_300_022,2025-09-30 15:32,d000220_300_038,2025-09-30 15:46,15,yellow,2.59650683634,3.53159740831,2.55585072452,2.6675965863,0.869869683629,-0.0710897499558,2.66172772468,23,6,6,50.7719921357,False
2,cross-frame,d000220_300_022,2025-09-30 15:32,d000320_300_003,2026-02-02 08:31,15,yellow,3.37245979125,7.20414803344,3.20586465029,3.16079093075,4.13476721265,0.211668860505,3.06938082078,23,6,6,50.7719921357,False
2,cross-frame,d000220_300_022,2025-09-30 15:32,d000220_300_021,2025-09-27 15:31,16,magenta,3.1033118862,3.00721152829,3.10749016263,3.0895612289,1.68662155508,0.0137506572971,1.32058997322,23,6,6,74.2304134291,False
2,same-image,d000220_300_022,2025-09-30 15:32,d000220_300_022,2025-09-30 15:32,16,magenta,2.80598294017,2.8824412048,2.8026586678,2.78976636639,1.36768309887,0.0162165737885,1.51475810592,23,6,6,74.2304134291,False
2,cross-frame,d000220_300_022,2025-09-30 15:32,d000220_300_038,2025-09-30 15:46,16,magenta,2.69608911387,2.83996425604,2.6898336729,2.6675965863,1.3975137507,0.0284925275712,1.44245050535,23,6,6,74.2304134291,False
2,cross-frame,d000220_300_022,2025-09-30 15:32,d000320_300_003,2026-02-02 08:31,16,magenta,3.29620500491,4.61147696582,3.23901926747,3.16079093075,3.17279734921,0.135414074156,1.43867961661,23,6,6,74.2304134291,False
2,cross-frame,d000220_300_022,2025-09-30 15:32,d000220_300_021,2025-09-27 15:31,17,cyan,3.19790190996,8.99972960925,2.94564853173,3.0895612289,6.19485917585,0.108340681061,2.8048704334,23,6,6,54.7344414788,False
2,same-image,d000220_300_022,2025-09-30 15:32,d000220_300_022,2025-09-30 15:32,17,cyan,2.90843429486,9.12377486831,2.63820209601,2.78976636639,6.17463786855,0.118667928475,2.94913699976,23,6,6,54.7344414788,False
2,cross-frame,d000220_300_022,2025-09-30 15:32,d000220_300_038,2025-09-30 15:46,17,cyan,2.78030681142,9.10033313859,2.50552305807,2.6675965863,6.13816180772,0.112710225126,2.96217133087,23,6,6,54.7344414788,False
2,cross-frame,d000220_300_022,2025-09-30 15:32,d000320_300_003,2026-02-02 08:31,17,cyan,3.41929213564,12.2557451528,3.0350985262,3.16079093075,9.11094758268,0.258501204894,3.1447975701,23,6,6,54.7344414788,False
2,cross-frame,d000220_300_022,2025-09-30 15:32,d000220_300_021,2025-09-27 15:31,18,white 9.5 (.05 D),2.93399118029,3.15945063703,2.92418859521,3.0895612289,3.17024807779,-0.155570048616,-0.0107974407601,23,6,6,43.6795524146,False
2,same-image,d000220_300_022,2025-09-30 15:32,d000220_300_022,2025-09-30 15:32,18,white 9.5 (.05 D),2.62285376682,1.8963960305,2.65443888579,2.78976636639,1.78111577745,-0.166912599568,0.115280253048,23,6,6,43.6795524146,False
2,cross-frame,d000220_300_022,2025-09-30 15:32,d000220_300_038,2025-09-30 15:46,18,white 9.5 (.05 D),2.5559196585,1.72998982379,2.59182965132,2.6675965863,1.40257418908,-0.111676927795,0.327415634708,23,6,6,43.6795524146,False
2,cross-frame,d000220_300_022,2025-09-30 15:32,d000320_300_003,2026-02-02 08:31,18,white 9.5 (.05 D),3.22663183592,4.31193635708,3.17944468283,3.16079093075,4.31193635708,0.0658409051725,5.3290705182e-15,23,6,6,43.6795524146,False
2,cross-frame,d000220_300_022,2025-09-30 15:32,d000220_300_021,2025-09-27 15:31,19,neutral 8 (.23 D),3.06833820744,2.82671542132,3.07884354596,3.0895612289,2.83824068335,-0.0212230214667,-0.0115252620318,23,6,6,49.1456014137,False
2,same-image,d000220_300_022,2025-09-30 15:32,d000220_300_022,2025-09-30 15:32,19,neutral 8 (.23 D),2.79385610431,2.37202517857,2.81219657935,2.78976636639,2.17087422434,0.00408973792778,0.201150954233,23,6,6,49.1456014137,False
2,cross-frame,d000220_300_022,2025-09-30 15:32,d000220_300_038,2025-09-30 15:46,19,neutral 8 (.23 D),2.70972357298,2.67006786086,2.71144773438,2.6675965863,2.38716269807,0.0421269866836,0.282905162789,23,6,6,49.1456014137,False
2,cross-frame,d000220_300_022,2025-09-30 15:32,d000320_300_003,2026-02-02 08:31,19,neutral 8 (.23 D),3.15840774509,3.46957012512,3.14487894596,3.16079093075,3.43836692092,-0.00238318566279,0.0312032041981,23,6,6,49.1456014137,False
2,cross-frame,d000220_300_022,2025-09-30 15:32,d000220_300_021,2025-09-27 15:31,20,neutral 6.5 (.44 D),3.06218289961,2.19050368685,3.10008199582,3.0895612289,2.26046432719,-0.027378329289,-0.0699606403327,23,6,6,51.5612863733,False
2,same-image,d000220_300_022,2025-09-30 15:32,d000220_300_022,2025-09-30 15:32,20,neutral 6.5 (.44 D),2.76229754484,1.54848109116,2.81507217326,2.78976636639,1.6277428831,-0.0274688215484,-0.0792617919342,23,6,6,51.5612863733,False
2,cross-frame,d000220_300_022,2025-09-30 15:32,d000220_300_038,2025-09-30 15:46,20,neutral 6.5 (.44 D),2.64029805525,1.18272320864,2.70367087467,2.6675965863,1.25567265921,-0.0272985310454,-0.0729494505738,23,6,6,51.5612863733,False
2,cross-frame,d000220_300_022,2025-09-30 15:32,d000320_300_003,2026-02-02 08:31,20,neutral 6.5 (.44 D),3.15693819872,3.71424281377,3.13270756328,3.16079093075,3.69050870298,-0.00385273203095,0.0237341107889,23,6,6,51.5612863733,False
2,cross-frame,d000220_300_022,2025-09-30 15:32,d000220_300_021,2025-09-27 15:31,21,neutral 5 (.70 D),3.08218475033,2.72284520921,3.09780820864,3.0895612289,2.74258045809,-0.007376478569,-0.0197352488747,23,6,6,52.7418896373,False
2,same-image,d000220_300_022,2025-09-30 15:32,d000220_300_022,2025-09-30 15:32,21,neutral 5 (.70 D),2.78405581008,1.89190554049,2.82284495224,2.78976636639,1.90579730071,-0.00571055630353,-0.0138917602171,23,6,6,52.7418896373,False
2,cross-frame,d000220_300_022,2025-09-30 15:32,d000220_300_038,2025-09-30 15:46,21,neutral 5 (.70 D),2.66405207828,1.63344804927,2.7088609491,2.6675965863,1.64977966392,-0.00354450802126,-0.016331614649,23,6,6,52.7418896373,False
2,cross-frame,d000220_300_022,2025-09-30 15:32,d000320_300_003,2026-02-02 08:31,21,neutral 5 (.70 D),3.15834271233,3.27292247796,3.15336098339,3.16079093075,3.27107572645,-0.00244821841628,0.00184675150234,23,6,6,52.7418896373,False
2,cross-frame,d000220_300_022,2025-09-30 15:32,d000220_300_021,2025-09-27 15:31,22,neutral 3.5 (1.05 D),3.0857633981,1.26923017829,3.16474310331,3.0895612289,1.27383276276,-0.00379783080038,-0.0046025844625,23,6,6,53.0726016137,False
2,same-image,d000220_300_022,2025-09-30 15:32,d000220_300_022,2025-09-30 15:32,22,neutral 3.5 (1.05 D),2.78642748958,0.820913508637,2.87188461918,2.78976636639,0.823082575921,-0.00333887680804,-0.0021690672834,23,6,6,53.0726016137,False
2,cross-frame,d000220_300_022,2025-09-30 15:32,d000220_300_038,2025-09-30 15:46,22,neutral 3.5 (1.05 D),2.66499864381,1.00280840226,2.73726778475,2.6675965863,1.00183064747,-0.00259794248321,0.00097775479369,23,6,6,53.0726016137,False
2,cross-frame,d000220_300_022,2025-09-30 15:32,d000320_300_003,2026-02-02 08:31,22,neutral 3.5 (1.05 D),3.16010849762,2.26548234147,3.19900528702,3.16079093075,2.26402537755,-0.000682433125775,0.00145696391848,23,6,6,53.0726016137,False
2,cross-frame,d000220_300_022,2025-09-30 15:32,d000220_300_021,2025-09-27 15:31,23,black 2 (1.5 D),3.08869409394,2.79127890902,3.10162518893,3.0895612289,2.78995462302,-0.000867134964805,0.00132428599506,23,6,6,53.1592281551,False
2,same-image,d000220_300_022,2025-09-30 15:32,d000220_300_022,2025-09-30 15:32,23,black 2 (1.5 D),2.78910545737,2.97750797608,2.78091404352,2.78976636639,2.97583935947,-0.00066090901285,0.00166861661011,23,6,6,53.1592281551,False
2,cross-frame,d000220_300_022,2025-09-30 15:32,d000220_300_038,2025-09-30 15:46,23,black 2 (1.5 D),2.6670130263,1.40833940659,2.72173796629,2.6675965863,1.40714784182,-0.000583559994698,0.00119156476622,23,6,6,53.1592281551,False
2,cross-frame,d000220_300_022,2025-09-30 15:32,d000320_300_003,2026-02-02 08:31,23,black 2 (1.5 D),3.16034387653,2.14715493313,3.20439556972,3.16079093075,2.14688737084,-0.000447054220738,0.000267562294507,23,6,6,53.1592281551,False
2,cross-frame,d000220_300_038,2025-09-30 15:46,d000220_300_021,2025-09-27 15:31,0,dark skin,3.18266050257,1.80908962726,3.24238097541,3.18065754078,1.79749499474,0.00200296179213,0.0115946325207,23,6,6,54.0906149963,False
2,cross-frame,d000220_300_038,2025-09-30 15:46,d000220_300_022,2025-09-30 15:32,0,dark skin,2.87327142502,1.37865996615,2.93825453193,2.87173217588,1.36968910814,0.00153924914198,0.00897085800958,23,6,6,54.0906149963,False
2,same-image,d000220_300_038,2025-09-30 15:46,d000220_300_038,2025-09-30 15:46,0,dark skin,2.70913044314,1.14786939865,2.77701135811,2.70900678502,1.135818259,0.000123658114922,0.0120511396534,23,6,6,54.0906149963,False
2,cross-frame,d000220_300_038,2025-09-30 15:46,d000320_300_003,2026-02-02 08:31,0,dark skin,3.09028161,2.22879122303,3.12773771378,3.08962314619,2.22220261369,0.000658463806078,0.00658860934378,23,6,6,54.0906149963,False
2,cross-frame,d000220_300_038,2025-09-30 15:46,d000220_300_021,2025-09-27 15:31,1,light skin,3.25750286984,4.65896262887,3.19656983684,3.18065754078,4.19239187632,0.076845329063,0.46657075255,23,6,6,53.0356938483,False
2,cross-frame,d000220_300_038,2025-09-30 15:46,d000220_300_022,2025-09-30 15:32,1,light skin,2.93365741249,4.15594265044,2.88051457606,2.87173217588,3.67770138798,0.0619252366108,0.478241262459,23,6,6,53.0356938483,False
2,same-image,d000220_300_038,2025-09-30 15:46,d000220_300_038,2025-09-30 15:46,1,light skin,2.71941180058,3.81333281349,2.67185001741,2.70900678502,3.32813081142,0.0104050155618,0.485202002067,23,6,6,53.0356938483,False
2,cross-frame,d000220_300_038,2025-09-30 15:46,d000320_300_003,2026-02-02 08:31,1,light skin,3.14412210301,4.55916092776,3.08259867584,3.08962314619,4.16952825523,0.0544989568159,0.389632672528,23,6,6,53.0356938483,False
2,cross-frame,d000220_300_038,2025-09-30 15:46,d000220_300_021,2025-09-27 15:31,2,blue sky,3.20320317825,2.82207604936,3.21977392299,3.18065754078,2.70046349859,0.0225456374733,0.121612550774,23,6,6,53.8747332544,False
2,cross-frame,d000220_300_038,2025-09-30 15:46,d000220_300_022,2025-09-30 15:32,2,blue sky,2.88861877898,2.57479027495,2.90226349655,2.87173217588,2.46113145295,0.0168866030997,0.113658821996,23,6,6,53.8747332544,False
2,same-image,d000220_300_038,2025-09-30 15:46,d000220_300_038,2025-09-30 15:46,2,blue sky,2.72549986424,2.0587470617,2.75448911652,2.70900678502,1.93059458545,0.016493079216,0.128152476255,23,6,6,53.8747332544,False
2,cross-frame,d000220_300_038,2025-09-30 15:46,d000320_300_003,2026-02-02 08:31,2,blue sky,3.09793080204,1.46521398329,3.16891848981,3.08962314619,1.41654225735,0.008307655848,0.0486717259417,23,6,6,53.8747332544,False
2,cross-frame,d000220_300_038,2025-09-30 15:46,d000220_300_021,2025-09-27 15:31,3,foliage,3.17859158776,2.42680817598,3.21127782306,3.18065754078,2.37038301101,-0.00206595301802,0.056425164976,23,6,6,54.2409256322,False
2,cross-frame,d000220_300_038,2025-09-30 15:46,d000220_300_022,2025-09-30 15:32,3,foliage,2.87074076734,2.65867262172,2.8799611215,2.87173217588,2.59509105036,-0.000991408541679,0.0635815713631,23,6,6,54.2409256322,False
2,same-image,d000220_300_038,2025-09-30 15:46,d000220_300_038,2025-09-30 15:46,3,foliage,2.71021850493,2.47157820914,2.72059416997,2.70900678502,2.4038823558,0.00121171991172,0.0676958533402,23,6,6,54.2409256322,False
2,cross-frame,d000220_300_038,2025-09-30 15:46,d000320_300_003,2026-02-02 08:31,3,foliage,3.09613023065,1.71939830508,3.15598814045,3.08962314619,1.66106749683,0.00650708445483,0.0583308082479,23,6,6,54.2409256322,False
2,cross-frame,d000220_300_038,2025-09-30 15:46,d000220_300_021,2025-09-27 15:31,4,blue flower,3.248525813,5.86568506007,3.13473628052,3.18065754078,5.34479713658,0.0678682722169,0.520887923497,23,6,6,53.5954147714,False
2,cross-frame,d000220_300_038,2025-09-30 15:46,d000220_300_022,2025-09-30 15:32,4,blue flower,2.93275073353,5.64102749677,2.81499956992,2.87173217588,5.13250576279,0.0610185576535,0.508521733981,23,6,6,53.5954147714,False
2,same-image,d000220_300_038,2025-09-30 15:46,d000220_300_038,2025-09-30 15:46,4,blue flower,2.78669450181,5.31686453742,2.67668710895,2.70900678502,4.77891194894,0.0776877167846,0.537952588479,23,6,6,53.5954147714,False
2,cross-frame,d000220_300_038,2025-09-30 15:46,d000320_300_003,2026-02-02 08:31,4,blue flower,3.04964417069,3.6759388423,3.02241396757,3.08962314619,3.13007424624,-0.0399789755042,0.545864596061,23,6,6,53.5954147714,False
2,cross-frame,d000220_300_038,2025-09-30 15:46,d000220_300_021,2025-09-27 15:31,5,bluish green,3.27735441246,5.23039860892,3.19243944739,3.18065754078,3.70799716959,0.0966968716772,1.52240143934,23,6,6,54.0465850746,False
2,cross-frame,d000220_300_038,2025-09-30 15:46,d000220_300_022,2025-09-30 15:32,5,bluish green,2.97426392774,5.09737578631,2.8819547165,2.87173217588,3.45060601248,0.10253175186,1.64676977383,23,6,6,54.0465850746,False
2,same-image,d000220_300_038,2025-09-30 15:46,d000220_300_038,2025-09-30 15:46,5,bluish green,2.80722705269,4.6372460114,2.727661011,2.70900678502,2.99255267553,0.0982202676664,1.64469333587,23,6,6,54.0465850746,False
2,cross-frame,d000220_300_038,2025-09-30 15:46,d000320_300_003,2026-02-02 08:31,5,bluish green,3.05277373386,3.72352770152,3.02361051787,3.08962314619,2.38132835906,-0.0368494123324,1.34219934246,23,6,6,54.0465850746,False
2,cross-frame,d000220_300_038,2025-09-30 15:46,d000220_300_021,2025-09-27 15:31,6,orange,3.16277378557,5.98335133348,3.04013997914,3.18065754078,4.48100554839,-0.0178837552086,1.50234578509,23,6,6,56.5387869722,False
2,cross-frame,d000220_300_038,2025-09-30 15:46,d000220_300_022,2025-09-30 15:32,6,orange,2.83386650537,5.49567463348,2.71813571719,2.87173217588,3.99348828217,-0.0378656705112,1.50218635131,23,6,6,56.5387869722,False
2,same-image,d000220_300_038,2025-09-30 15:46,d000220_300_038,2025-09-30 15:46,6,orange,2.67322838161,5.85854866174,2.53473619551,2.70900678502,4.36815697151,-0.0357784034127,1.49039169023,23,6,6,56.5387869722,False
2,cross-frame,d000220_300_038,2025-09-30 15:46,d000320_300_003,2026-02-02 08:31,6,orange,3.01613103831,2.94790606987,3.01909734128,3.08962314619,1.62326042832,-0.0734921078855,1.32464564155,23,6,6,56.5387869722,False
2,cross-frame,d000220_300_038,2025-09-30 15:46,d000220_300_021,2025-09-27 15:31,7,purplish blue,3.22937026429,4.08210181386,3.19229497952,3.18065754078,3.2449124215,0.0487127235062,0.837189392361,23,6,6,54.425718752,False
2,cross-frame,d000220_300_038,2025-09-30 15:46,d000220_300_022,2025-09-30 15:32,7,purplish blue,2.89759520111,3.62281192133,2.86606403936,2.87173217588,2.79455257328,0.0258630252282,0.82825934806,23,6,6,54.425718752,False
2,same-image,d000220_300_038,2025-09-30 15:46,d000220_300_038,2025-09-30 15:46,7,purplish blue,2.74526649938,3.61161047599,2.70759936997,2.70900678502,2.76821881046,0.0362597143628,0.843391665529,23,6,6,54.425718752,False
2,cross-frame,d000220_300_038,2025-09-30 15:46,d000320_300_003,2026-02-02 08:31,7,purplish blue,3.08201012131,1.64643012655,3.14442664282,3.08962314619,1.08589514888,-0.00761302488465,0.560534977667,23,6,6,54.425718752,False
2,cross-frame,d000220_300_038,2025-09-30 15:46,d000220_300_021,2025-09-27 15:31,8,moderate red,3.2286567545,3.28625079568,3.22615266575,3.18065754078,2.45474050751,0.0479992137195,0.831510288163,23,6,6,54.3622057878,False
2,cross-frame,d000220_300_038,2025-09-30 15:46,d000220_300_022,2025-09-30 15:32,8,moderate red,2.93301639047,3.27636575989,2.91808815702,2.87173217588,2.35715966623,0.0612842145926,0.91920609366,23,6,6,54.3622057878,False
2,same-image,d000220_300_038,2025-09-30 15:46,d000220_300_038,2025-09-30 15:46,8,moderate red,2.76179123433,3.4224410215,2.73306733054,2.70900678502,2.58087542234,0.0527844493079,0.841565599166,23,6,6,54.3622057878,False
2,cross-frame,d000220_300_038,2025-09-30 15:46,d000320_300_003,2026-02-02 08:31,8,moderate red,3.0905812148,3.04955252687,3.09236507079,3.08962314619,2.50456201692,0.000958068605034,0.544990509954,23,6,6,54.3622057878,False
2,cross-frame,d000220_300_038,2025-09-30 15:46,d000220_300_021,2025-09-27 15:31,9,purple,3.18690572567,4.44111556414,3.13237486313,3.18065754078,4.31831563129,0.00624818489237,0.122799932854,23,6,6,54.3181568167,False
2,cross-frame,d000220_300_038,2025-09-30 15:46,d000220_300_022,2025-09-30 15:32,9,purple,2.88013837334,4.31016537975,2.8179632861,2.87173217588,4.189670841,0.0084061974588,0.120494538746,23,6,6,54.3181568167,False
2,same-image,d000220_300_038,2025-09-30 15:46,d000220_300_038,2025-09-30 15:46,9,purple,2.72154747755,4.57351505231,2.64102714821,2.70900678502,4.45241265316,0.0125406925287,0.12110239915,23,6,6,54.3181568167,False
2,cross-frame,d000220_300_038,2025-09-30 15:46,d000320_300_003,2026-02-02 08:31,9,purple,3.07081708179,3.36848711158,3.05787490658,3.08962314619,3.23644926171,-0.0188060644002,0.132037849872,23,6,6,54.3181568167,False
2,cross-frame,d000220_300_038,2025-09-30 15:46,d000220_300_021,2025-09-27 15:31,10,yellow green,3.4199823755,6.51133723919,3.28557564229,3.18065754078,4.19967941863,0.239324834716,2.31165782055,23,6,6,62.0768298894,False
2,cross-frame,d000220_300_038,2025-09-30 15:46,d000220_300_022,2025-09-30 15:32,10,yellow green,3.1167210734,6.26464623898,2.97985476185,2.87173217588,3.90173509871,0.244988897517,2.36291114027,23,6,6,62.0768298894,False
2,same-image,d000220_300_038,2025-09-30 15:46,d000220_300_038,2025-09-30 15:46,10,yellow green,2.94862013445,6.6518982405,2.78760804288,2.70900678502,4.26211285139,0.239613349431,2.38978538911,23,6,6,62.0768298894,False
2,cross-frame,d000220_300_038,2025-09-30 15:46,d000320_300_003,2026-02-02 08:31,10,yellow green,3.11516785,3.27668649504,3.10814530021,3.08962314619,1.15481819527,0.0255447038086,2.12186829977,23,6,6,62.0768298894,False
2,cross-frame,d000220_300_038,2025-09-30 15:46,d000220_300_021,2025-09-27 15:31,11,orange yellow,3.19707579936,5.44503656771,3.09933837465,3.18065754078,4.30734219562,0.0164182585821,1.13769437209,23,6,6,54.6260070767,False
2,cross-frame,d000220_300_038,2025-09-30 15:46,d000220_300_022,2025-09-30 15:32,11,orange yellow,2.87690472292,4.89979295003,2.78895306088,2.87173217588,3.74506069391,0.00517254704268,1.15473225612,23,6,6,54.6260070767,False
2,same-image,d000220_300_038,2025-09-30 15:46,d000220_300_038,2025-09-30 15:46,11,orange yellow,2.72120611227,5.38486436457,2.60539488391,2.70900678502,4.24649531635,0.0121993272471,1.13836904821,23,6,6,54.6260070767,False
2,cross-frame,d000220_300_038,2025-09-30 15:46,d000320_300_003,2026-02-02 08:31,11,orange yellow,3.11199353371,1.87161840562,3.1659228871,3.08962314619,0.787785997148,0.0223703875179,1.08383240847,23,6,6,54.6260070767,False
2,cross-frame,d000220_300_038,2025-09-30 15:46,d000220_300_021,2025-09-27 15:31,12,blue,3.18718623723,2.38728763025,3.22196443754,3.18065754078,1.65658518196,0.00652869645132,0.730702448293,23,6,6,55.3728609776,False
2,cross-frame,d000220_300_038,2025-09-30 15:46,d000220_300_022,2025-09-30 15:32,12,blue,2.88478427498,2.47860621306,2.90244419072,2.87173217588,1.67555305263,0.0130520990988,0.80305316043,23,6,6,55.3728609776,False
2,same-image,d000220_300_038,2025-09-30 15:46,d000220_300_038,2025-09-30 15:46,12,blue,2.71840409584,2.45613909629,2.72980692191,2.70900678502,1.68981584088,0.00939731082321,0.766323255407,23,6,6,55.3728609776,False
2,cross-frame,d000220_300_038,2025-09-30 15:46,d000320_300_003,2026-02-02 08:31,12,blue,3.13595521277,4.31236815089,3.08480682416,3.08962314619,3.45696017301,0.046332066579,0.855407977886,23,6,6,55.3728609776,False
2,cross-frame,d000220_300_038,2025-09-30 15:46,d000220_300_021,2025-09-27 15:31,13,green,3.21291238439,1.50940958177,3.28697772363,3.18065754078,1.5947942571,0.0322548436067,-0.0853846753289,23,6,6,61.1969481101,False
2,cross-frame,d000220_300_038,2025-09-30 15:46,d000220_300_022,2025-09-30 15:32,13,green,2.9209989316,1.55679568159,2.98031211638,2.87173217588,1.06305900052,0.0492667557201,0.493736681073,23,6,6,61.1969481101,False
2,same-image,d000220_300_038,2025-09-30 15:46,d000220_300_038,2025-09-30 15:46,13,green,2.75931228768,1.47742928777,2.81504633115,2.70900678502,0.986547725577,0.0503055026555,0.490881562196,23,6,6,61.1969481101,False
2,cross-frame,d000220_300_038,2025-09-30 15:46,d000320_300_003,2026-02-02 08:31,13,green,3.21421929568,4.06574145564,3.17719659307,3.08962314619,3.17076239611,0.124596149488,0.89497905953,23,6,6,61.1969481101,False
2,cross-frame,d000220_300_038,2025-09-30 15:46,d000220_300_021,2025-09-27 15:31,14,red,3.21934440406,6.51223108972,3.07617541773,3.18065754078,4.34946731248,0.0386868632793,2.16276377723,23,6,6,54.1384015373,False
2,cross-frame,d000220_300_038,2025-09-30 15:46,d000220_300_022,2025-09-30 15:32,14,red,2.95942219747,7.38366952448,2.76706361804,2.87173217588,5.16910632619,0.0876900215941,2.21456319828,23,6,6,54.1384015373,False
2,same-image,d000220_300_038,2025-09-30 15:46,d000220_300_038,2025-09-30 15:46,14,red,2.79635425687,7.24384233221,2.60298521011,2.70900678502,5.03926516595,0.0873474718479,2.20457716625,23,6,6,54.1384015373,False
2,cross-frame,d000220_300_038,2025-09-30 15:46,d000320_300_003,2026-02-02 08:31,14,red,3.3079504053,10.4048601928,2.9993891102,3.08962314619,7.99192143498,0.218327259111,2.41293875778,23,6,6,54.1384015373,False
2,cross-frame,d000220_300_038,2025-09-30 15:46,d000220_300_021,2025-09-27 15:31,15,yellow,3.07653193769,3.51289179847,3.05755976983,3.18065754078,1.53152433838,-0.104125603093,1.98136746009,23,6,6,51.8858136838,False
2,cross-frame,d000220_300_038,2025-09-30 15:46,d000220_300_022,2025-09-30 15:32,15,yellow,2.80498483169,3.99635615278,2.7531860786,2.87173217588,1.56811575021,-0.0667473441911,2.42824040257,23,6,6,51.8858136838,False
2,same-image,d000220_300_038,2025-09-30 15:46,d000220_300_038,2025-09-30 15:46,15,yellow,2.65776670574,3.93031799674,2.60243838874,2.70900678502,1.2717714926,-0.0512400792838,2.65854650414,23,6,6,51.8858136838,False
2,cross-frame,d000220_300_038,2025-09-30 15:46,d000320_300_003,2026-02-02 08:31,15,yellow,3.42021428368,7.72380686633,3.2331015627,3.08962314619,4.32898865898,0.330591137491,3.39481820735,23,6,6,51.8858136838,False
2,cross-frame,d000220_300_038,2025-09-30 15:46,d000220_300_021,2025-09-27 15:31,16,magenta,3.21758598126,3.26705196578,3.21543528628,3.18065754078,1.80041324463,0.0369284404745,1.46663872115,23,6,6,75.6456564511,False
2,cross-frame,d000220_300_038,2025-09-30 15:46,d000220_300_022,2025-09-30 15:32,16,magenta,2.90669436451,3.12871184904,2.8970414304,2.87173217588,1.5045084527,0.0349621886274,1.62420339635,23,6,6,75.6456564511,False
2,same-image,d000220_300_038,2025-09-30 15:46,d000220_300_038,2025-09-30 15:46,16,magenta,2.75871179729,3.08988011712,2.74431317469,2.70900678502,1.52278719849,0.0497050122676,1.56709291863,23,6,6,75.6456564511,False
2,cross-frame,d000220_300_038,2025-09-30 15:46,d000320_300_003,2026-02-02 08:31,16,magenta,3.23092584434,4.67060723869,3.16833100111,3.08962314619,3.26900978924,0.141302698148,1.40159744944,23,6,6,75.6456564511,False
2,cross-frame,d000220_300_038,2025-09-30 15:46,d000220_300_021,2025-09-27 15:31,17,cyan,3.29590428755,8.91652835732,3.051529328,3.18065754078,6.20962832517,0.115246746771,2.70690003216,23,6,6,55.7148202375,False
2,cross-frame,d000220_300_038,2025-09-30 15:46,d000220_300_022,2025-09-30 15:32,17,cyan,2.99702834712,9.00319115662,2.73589083367,2.87173217588,6.13396480022,0.125296171243,2.8692263564,23,6,6,55.7148202375,False
2,same-image,d000220_300_038,2025-09-30 15:46,d000220_300_038,2025-09-30 15:46,17,cyan,2.82257052511,8.97999593277,2.55485637695,2.70900678502,6.09786005329,0.113563740088,2.88213587948,23,6,6,55.7148202375,False
2,cross-frame,d000220_300_038,2025-09-30 15:46,d000320_300_003,2026-02-02 08:31,17,cyan,3.34047026251,12.011226914,2.96348084288,3.08962314619,8.87322583068,0.250847116321,3.13800108332,23,6,6,55.7148202375,False
2,cross-frame,d000220_300_038,2025-09-30 15:46,d000220_300_021,2025-09-27 15:31,18,white 9.5 (.05 D),3.00066074011,3.02727110385,2.99950376778,3.18065754078,3.24220832017,-0.179996800666,-0.214937216321,23,6,6,44.3252230164,False
2,cross-frame,d000220_300_038,2025-09-30 15:46,d000220_300_022,2025-09-30 15:32,18,white 9.5 (.05 D),2.67507403049,1.55447141685,2.72379588326,2.87173217588,1.79122460875,-0.196658145386,-0.236753191899,23,6,6,44.3252230164,False
2,same-image,d000220_300_038,2025-09-30 15:46,d000220_300_038,2025-09-30 15:46,18,white 9.5 (.05 D),2.53253694178,0.954699091995,2.60113858743,2.70900678502,1.14156991043,-0.176469843238,-0.186870818431,23,6,6,44.3252230164,False
2,cross-frame,d000220_300_038,2025-09-30 15:46,d000320_300_003,2026-02-02 08:31,18,white 9.5 (.05 D),3.1176131152,4.31193635708,3.06568601772,3.08962314619,4.31193635708,0.0279899690071,5.50670620214e-14,23,6,6,44.3252230164,False
2,cross-frame,d000220_300_038,2025-09-30 15:46,d000220_300_021,2025-09-27 15:31,19,neutral 8 (.23 D),3.15080131019,2.86634803217,3.16316884401,3.18065754078,2.9296052498,-0.0298562305939,-0.0632572176365,23,6,6,50.0193097264,False
2,cross-frame,d000220_300_038,2025-09-30 15:46,d000220_300_022,2025-09-30 15:32,19,neutral 8 (.23 D),2.86604505585,2.38332034021,2.88703308696,2.87173217588,2.20972405973,-0.00568712003424,0.17359628048,23,6,6,50.0193097264,False
2,same-image,d000220_300_038,2025-09-30 15:46,d000220_300_038,2025-09-30 15:46,19,neutral 8 (.23 D),2.74464255997,2.61042275457,2.75047820368,2.70900678502,2.32936588915,0.035635774947,0.281056865422,23,6,6,50.0193097264,False
2,cross-frame,d000220_300_038,2025-09-30 15:46,d000320_300_003,2026-02-02 08:31,19,neutral 8 (.23 D),3.07390258019,2.97268761663,3.07830323078,3.08962314619,3.01194899936,-0.0157205660027,-0.0392613827266,23,6,6,50.0193097264,False
2,cross-frame,d000220_300_038,2025-09-30 15:46,d000220_300_021,2025-09-27 15:31,20,neutral 6.5 (.44 D),3.15901163748,2.4677317648,3.18906728412,3.18065754078,2.5307510695,-0.0216459033036,-0.0630193047024,23,6,6,52.5407574463,False
2,cross-frame,d000220_300_038,2025-09-30 15:46,d000220_300_022,2025-09-30 15:32,20,neutral 6.5 (.44 D),2.85200484172,1.76276646796,2.89936303189,2.87173217588,1.82608549592,-0.0197273341568,-0.0633190279601,23,6,6,52.5407574463,False
2,same-image,d000220_300_038,2025-09-30 15:46,d000220_300_038,2025-09-30 15:46,20,neutral 6.5 (.44 D),2.69376547018,1.31385131157,2.75376173794,2.70900678502,1.34603679216,-0.0152413148414,-0.0321854805904,23,6,6,52.5407574463,False
2,cross-frame,d000220_300_038,2025-09-30 15:46,d000320_300_003,2026-02-02 08:31,20,neutral 6.5 (.44 D),3.08658027542,3.36568902964,3.0744451122,3.08962314619,3.35040269445,-0.00304287076647,0.0152863351879,23,6,6,52.5407574463,False
2,cross-frame,d000220_300_038,2025-09-30 15:46,d000220_300_021,2025-09-27 15:31,21,neutral 5 (.70 D),3.17798258836,2.93056938029,3.18873968436,3.18065754078,2.93667662286,-0.0026749524226,-0.00610724257149,23,6,6,53.7374010993,False
2,cross-frame,d000220_300_038,2025-09-30 15:46,d000220_300_022,2025-09-30 15:32,21,neutral 5 (.70 D),2.86838598846,2.17116071779,2.89870013066,2.87173217588,2.18093049264,-0.00334618742326,-0.00976977485506,23,6,6,53.7374010993,False
2,same-image,d000220_300_038,2025-09-30 15:46,d000220_300_038,2025-09-30 15:46,21,neutral 5 (.70 D),2.70600541045,1.7718141781,2.74662242056,2.70900678502,1.77791591796,-0.00300137456627,-0.00610173986344,23,6,6,53.7374010993,False
2,cross-frame,d000220_300_038,2025-09-30 15:46,d000320_300_003,2026-02-02 08:31,21,neutral 5 (.70 D),3.09127438596,2.93978600348,3.09786083737,3.08962314619,2.92733111638,0.00165123976874,0.0124548871064,23,6,6,53.7374010993,False
2,cross-frame,d000220_300_038,2025-09-30 15:46,d000220_300_021,2025-09-27 15:31,22,neutral 3.5 (1.05 D),3.17707254312,1.5404653049,3.24822937956,3.18065754078,1.54386248957,-0.00358499766535,-0.0033971846688,23,6,6,54.0782656278,False
2,cross-frame,d000220_300_038,2025-09-30 15:46,d000220_300_022,2025-09-30 15:32,22,neutral 3.5 (1.05 D),2.86855348682,1.05939681422,2.94721247259,2.87173217588,1.06086033413,-0.00317868905957,-0.00146351991147,23,6,6,54.0782656278,False
2,same-image,d000220_300_038,2025-09-30 15:46,d000220_300_038,2025-09-30 15:46,22,neutral 3.5 (1.05 D),2.70630280317,1.15248090478,2.77386027701,2.70900678502,1.15148402177,-0.00270398184906,0.000996883009453,23,6,6,54.0782656278,False
2,cross-frame,d000220_300_038,2025-09-30 15:46,d000320_300_003,2026-02-02 08:31,22,neutral 3.5 (1.05 D),3.08857864795,2.04912929761,3.13377209796,3.08962314619,2.04834259132,-0.00104449824415,0.000786706295824,23,6,6,54.0782656278,False
2,cross-frame,d000220_300_038,2025-09-30 15:46,d000220_300_021,2025-09-27 15:31,23,black 2 (1.5 D),3.18022440347,2.89011773716,3.19283773679,3.18065754078,2.89074115737,-0.000433137310551,-0.000623420208147,23,6,6,54.1669059398,False
2,cross-frame,d000220_300_038,2025-09-30 15:46,d000220_300_022,2025-09-30 15:32,23,black 2 (1.5 D),2.87124008586,3.0696114679,2.86261524316,2.87173217588,3.07004791749,-0.000492090023415,-0.000436449588754,23,6,6,54.1669059398,False
2,same-image,d000220_300_038,2025-09-30 15:46,d000220_300_038,2025-09-30 15:46,23,black 2 (1.5 D),2.70855459625,1.41316950612,2.76487568712,2.70900678502,1.41358017087,-0.000452188772615,-0.000410664745635,23,6,6,54.1669059398,False
2,cross-frame,d000220_300_038,2025-09-30 15:46,d000320_300_003,2026-02-02 08:31,23,black 2 (1.5 D),3.08982356451,2.03720185276,3.13558972589,3.08962314619,2.03661119034,0.000200418314329,0.000590662420896,23,6,6,54.1669059398,False
2,cross-frame,d000320_300_003,2026-02-02 08:31,d000220_300_021,2025-09-27 15:31,0,dark skin,5.56083951059,3.65914891078,5.64352171058,5.55985615909,3.64705452078,0.000983351493293,0.0120943899954,23,6,6,54.1852340677,False
2,cross-frame,d000320_300_003,2026-02-02 08:31,d000220_300_022,2025-09-30 15:32,0,dark skin,5.28385034098,3.59880958442,5.35711298257,5.28347596927,3.59163425531,0.000374371717193,0.00717532911612,23,6,6,54.1852340677,False
2,cross-frame,d000320_300_003,2026-02-02 08:31,d000220_300_038,2025-09-30 15:46,0,dark skin,5.19571244395,3.21294842557,5.28191957518,5.19570223558,3.20360382328,1.02083693312e-05,0.00934460229037,23,6,6,54.1852340677,False
2,same-image,d000320_300_003,2026-02-02 08:31,d000320_300_003,2026-02-02 08:31,0,dark skin,3.01811953353,1.84311167245,3.06920683184,3.01622583825,1.82369692112,0.00189369527448,0.0194147513279,23,6,6,54.1852340677,False
2,cross-frame,d000320_300_003,2026-02-02 08:31,d000220_300_021,2025-09-27 15:31,1,light skin,5.57242809157,7.1996041472,5.50168130654,5.55985615909,6.73686356335,0.0125719324742,0.462740583848,23,6,6,53.2234487738,False
2,cross-frame,d000320_300_003,2026-02-02 08:31,d000220_300_022,2025-09-30 15:32,1,light skin,5.28460382825,6.74286024365,5.2212013754,5.28347596927,6.2957578352,0.00112785898029,0.447102408441,23,6,6,53.2234487738,False
2,cross-frame,d000320_300_003,2026-02-02 08:31,d000220_300_038,2025-09-30 15:46,1,light skin,5.18258131498,6.27059891782,5.13527620182,5.19570223558,5.82240225113,-0.0131209205958,0.448196666686,23,6,6,53.2234487738,False
2,same-image,d000320_300_003,2026-02-02 08:31,d000320_300_003,2026-02-02 08:31,1,light skin,3.05314285895,4.66602525564,2.98301753735,3.01622583825,4.11382034658,0.0369170206946,0.552204909063,23,6,6,53.2234487738,False
2,cross-frame,d000320_300_003,2026-02-02 08:31,d000220_300_021,2025-09-27 15:31,2,blue sky,5.58741505195,5.82529350342,5.57707251058,5.55985615909,5.69780609527,0.0275588928554,0.127487408144,23,6,6,54.0051454746,False
2,cross-frame,d000320_300_003,2026-02-02 08:31,d000220_300_022,2025-09-30 15:32,2,blue sky,5.30788051079,5.74391896514,5.28892231713,5.28347596927,5.61837389795,0.0244045415297,0.125545067189,23,6,6,54.0051454746,False
2,cross-frame,d000320_300_003,2026-02-02 08:31,d000220_300_038,2025-09-30 15:46,2,blue sky,5.22158469582,5.16429311741,5.22407563401,5.19570223558,5.02947988711,0.0258824602399,0.134813230293,23,6,6,54.0051454746,False
2,same-image,d000320_300_003,2026-02-02 08:31,d000320_300_003,2026-02-02 08:31,2,blue sky,3.02934663116,3.15119623984,3.02404882209,3.01622583825,2.99787181157,0.0131207929096,0.153324428274,23,6,6,54.0051454746,False
2,cross-frame,d000320_300_003,2026-02-02 08:31,d000220_300_021,2025-09-27 15:31,3,foliage,5.56391694031,4.50495117403,5.60995893015,5.55985615909,4.4715756841,0.0040607812202,0.0333754899378,23,6,6,54.2780513233,False
2,cross-frame,d000320_300_003,2026-02-02 08:31,d000220_300_022,2025-09-30 15:32,3,foliage,5.28864351091,4.52804755157,5.32171290045,5.28347596927,4.49143898895,0.0051675416454,0.0366085626256,23,6,6,54.2780513233,False
2,cross-frame,d000320_300_003,2026-02-02 08:31,d000220_300_038,2025-09-30 15:46,3,foliage,5.20142473567,4.184017212,5.2456598454,5.19570223558,4.14547671388,0.00572250009475,0.0385404981172,23,6,6,54.2780513233,False
2,same-image,d000320_300_003,2026-02-02 08:31,d000320_300_003,2026-02-02 08:31,3,foliage,3.01921429783,2.50899776162,3.04139762549,3.01622583825,2.47052433431,0.00298845957154,0.0384734273103,23,6,6,54.2780513233,False
2,cross-frame,d000320_300_003,2026-02-02 08:31,d000220_300_021,2025-09-27 15:31,4,blue flower,5.69106869532,9.65970392211,5.51851933763,5.55985615909,9.08659375952,0.131212536223,0.573110162593,23,6,6,53.7121272573,False
2,cross-frame,d000320_300_003,2026-02-02 08:31,d000220_300_022,2025-09-30 15:32,4,blue flower,5.40989215751,9.46742125052,5.23347784912,5.28347596927,8.90897067773,0.126416188249,0.558450572794,23,6,6,53.7121272573,False
2,cross-frame,d000320_300_003,2026-02-02 08:31,d000220_300_038,2025-09-30 15:46,4,blue flower,5.32698606269,9.11679288019,5.16221185323,5.19570223558,8.52482794605,0.131283827111,0.591964934135,23,6,6,53.7121272573,False
2,same-image,d000320_300_003,2026-02-02 08:31,d000320_300_003,2026-02-02 08:31,4,blue flower,3.12443655385,7.34332668316,2.94100654823,3.01622583825,6.6927349726,0.108210715593,0.650591710562,23,6,6,53.7121272573,False
2,cross-frame,d000320_300_003,2026-02-02 08:31,d000220_300_021,2025-09-27 15:31,5,bluish green,5.7341106787,8.50778800006,5.61351601256,5.55985615909,6.73507023813,0.174254519609,1.77271776194,23,6,6,54.7261308904,False
2,cross-frame,d000320_300_003,2026-02-02 08:31,d000220_300_022,2025-09-30 15:32,5,bluish green,5.47111127285,8.31931197859,5.34727645956,5.28347596927,6.46521541519,0.187635303587,1.85409656341,23,6,6,54.7261308904,False
2,cross-frame,d000320_300_003,2026-02-02 08:31,d000220_300_038,2025-09-30 15:46,5,bluish green,5.37892685302,7.88264717321,5.27006944779,5.19570223558,6.0096761003,0.183224617436,1.87297107291,23,6,6,54.7261308904,False
2,same-image,d000320_300_003,2026-02-02 08:31,d000320_300_003,2026-02-02 08:31,5,bluish green,3.10442620436,7.05034687481,2.93286443608,3.01622583825,5.32946261018,0.0882003661054,1.72088426462,23,6,6,54.7261308904,False
2,cross-frame,d000320_300_003,2026-02-02 08:31,d000220_300_021,2025-09-27 15:31,6,orange,5.57154609288,9.39095857864,5.40548468045,5.55985615909,7.79877580383,0.0116899337864,1.59218277481,23,6,6,56.5289427843,False
2,cross-frame,d000320_300_003,2026-02-02 08:31,d000220_300_022,2025-09-30 15:32,6,orange,5.27058833199,8.96568776275,5.109931835,5.28347596927,7.39929207288,-0.0128876372774,1.56639568987,23,6,6,56.5289427843,False
2,cross-frame,d000320_300_003,2026-02-02 08:31,d000220_300_038,2025-09-30 15:46,6,orange,5.18139495856,9.34428837071,5.00039959281,5.19570223558,7.78945744933,-0.0143072770216,1.55483092137,23,6,6,56.5289427843,False
2,same-image,d000320_300_003,2026-02-02 08:31,d000320_300_003,2026-02-02 08:31,6,orange,2.95599955367,6.11578422269,2.81861761154,3.01622583825,4.49540253751,-0.0602262845854,1.62038168518,23,6,6,56.5289427843,False
2,cross-frame,d000320_300_003,2026-02-02 08:31,d000220_300_021,2025-09-27 15:31,7,purplish blue,5.62237489493,6.32547981651,5.59180511573,5.55985615909,5.57173195336,0.0625187358367,0.753747863148,23,6,6,54.379468875,False
2,cross-frame,d000320_300_003,2026-02-02 08:31,d000220_300_022,2025-09-30 15:32,7,purplish blue,5.33681633677,5.92481257282,5.31125128303,5.28347596927,5.17775387711,0.0533403675088,0.747058695715,23,6,6,54.379468875,False
2,cross-frame,d000320_300_003,2026-02-02 08:31,d000220_300_038,2025-09-30 15:46,7,purplish blue,5.2530380172,5.90495463332,5.2246938165,5.19570223558,5.14340410248,0.0573357816227,0.761550530833,23,6,6,54.379468875,False
2,same-image,d000320_300_003,2026-02-02 08:31,d000320_300_003,2026-02-02 08:31,7,purplish blue,3.05388699508,3.6171587715,3.02939691785,3.01622583825,2.68002669488,0.037661156828,0.937132076623,23,6,6,54.379468875,False
2,cross-frame,d000320_300_003,2026-02-02 08:31,d000220_300_021,2025-09-27 15:31,8,moderate red,5.63589558301,6.26780854317,5.60842110648,5.55985615909,5.54529448219,0.0760394239164,0.722514060982,23,6,6,54.5851849146,False
2,cross-frame,d000320_300_003,2026-02-02 08:31,d000220_300_022,2025-09-30 15:32,8,moderate red,5.3691383848,6.03913937693,5.34000790688,5.28347596927,5.22055097726,0.0856624155362,0.818588399675,23,6,6,54.5851849146,False
2,cross-frame,d000320_300_003,2026-02-02 08:31,d000220_300_038,2025-09-30 15:46,8,moderate red,5.27586314308,6.34309026276,5.22946196396,5.19570223558,5.61087031374,0.080160907498,0.732219949014,23,6,6,54.5851849146,False
2,same-image,d000320_300_003,2026-02-02 08:31,d000320_300_003,2026-02-02 08:31,8,moderate red,3.07483041976,4.06026106762,3.03198560899,3.01622583825,2.99193744883,0.05860458151,1.06832361879,23,6,6,54.5851849146,False
2,cross-frame,d000320_300_003,2026-02-02 08:31,d000220_300_021,2025-09-27 15:31,9,purple,5.58351388036,6.23544192641,5.5551691827,5.55985615909,6.11964421543,0.0236577212633,0.115797710973,23,6,6,54.4285008009,False
2,cross-frame,d000320_300_003,2026-02-02 08:31,d000220_300_022,2025-09-30 15:32,9,purple,5.30691504634,6.13078689916,5.271094531,5.28347596927,6.01860751714,0.0234390770779,0.112179382026,23,6,6,54.4285008009,False
2,cross-frame,d000320_300_003,2026-02-02 08:31,d000220_300_038,2025-09-30 15:46,9,purple,5.2201567486,6.36698971036,5.17029444592,5.19570223558,6.25457668803,0.0244545130223,0.112413022337,23,6,6,54.4285008009,False
2,same-image,d000320_300_003,2026-02-02 08:31,d000320_300_003,2026-02-02 08:31,9,purple,3.03352946933,4.80614660874,2.95645915892,3.01622583825,4.66019210416,0.0173036310727,0.145954504587,23,6,6,54.4285008009,False
2,cross-frame,d000320_300_003,2026-02-02 08:31,d000220_300_021,2025-09-27 15:31,10,yellow green,5.88638046548,10.593642241,5.68171691002,5.55985615909,7.80886217741,0.326524306385,2.78478006356,23,6,6,63.1344696863,False
2,cross-frame,d000320_300_003,2026-02-02 08:31,d000220_300_022,2025-09-30 15:32,10,yellow green,5.64134595521,10.3666162464,5.43589942081,5.28347596927,7.52079885258,0.357869985947,2.84581739387,23,6,6,63.1344696863,False
2,cross-frame,d000320_300_003,2026-02-02 08:31,d000220_300_038,2025-09-30 15:46,10,yellow green,5.5558497302,10.7294613667,5.33091009383,5.19570223558,7.85005958369,0.360147494623,2.87940178299,23,6,6,63.1344696863,False
2,same-image,d000320_300_003,2026-02-02 08:31,d000320_300_003,2026-02-02 08:31,10,yellow green,3.30224949176,7.27135062652,3.1296798772,3.01622583825,4.41544207686,0.286023653504,2.85590854966,23,6,6,63.1344696863,False
2,cross-frame,d000320_300_003,2026-02-02 08:31,d000220_300_021,2025-09-27 15:31,11,orange yellow,5.64615011971,9.26933844961,5.48862019232,5.55985615909,8.0611011857,0.0862939606134,1.20823726391,23,6,6,54.7475919578,False
2,cross-frame,d000320_300_003,2026-02-02 08:31,d000220_300_022,2025-09-30 15:32,11,orange yellow,5.35900069104,8.71884471194,5.21292051622,5.28347596927,7.49923963278,0.0755247217725,1.21960507917,23,6,6,54.7475919578,False
2,cross-frame,d000320_300_003,2026-02-02 08:31,d000220_300_038,2025-09-30 15:46,11,orange yellow,5.27185851603,9.21231621693,5.10053426816,5.19570223558,8.01244952095,0.0761562804494,1.19986669598,23,6,6,54.7475919578,False
2,same-image,d000320_300_003,2026-02-02 08:31,d000320_300_003,2026-02-02 08:31,11,orange yellow,3.03329434873,5.64574139383,2.91970969459,3.01622583825,4.44255678764,0.0170685104721,1.20318460619,23,6,6,54.7475919578,False
2,cross-frame,d000320_300_003,2026-02-02 08:31,d000220_300_021,2025-09-27 15:31,12,blue,5.54348707819,2.1912344505,5.68923719244,5.55985615909,2.28683848521,-0.0163690809027,-0.0956040347096,23,6,6,55.2783016772,False
2,cross-frame,d000320_300_003,2026-02-02 08:31,d000220_300_022,2025-09-30 15:32,12,blue,5.27506122048,1.83797066056,5.42449994048,5.28347596927,1.85531177482,-0.00841474878509,-0.0173411142635,23,6,6,55.2783016772,False
2,cross-frame,d000320_300_003,2026-02-02 08:31,d000220_300_038,2025-09-30 15:46,12,blue,5.18313049483,2.02908203659,5.32026303649,5.19570223558,2.07150188001,-0.0125717407493,-0.0424198434215,23,6,6,55.2783016772,False
2,same-image,d000320_300_003,2026-02-02 08:31,d000320_300_003,2026-02-02 08:31,12,blue,3.01973155032,1.96185426269,3.065726215,3.01622583825,1.29536960302,0.00350571206143,0.666484659665,23,6,6,55.2783016772,False
2,cross-frame,d000320_300_003,2026-02-02 08:31,d000220_300_021,2025-09-27 15:31,13,green,5.53144112469,3.17882274904,5.63372888015,5.55985615909,4.0316628449,-0.0284150344026,-0.852840095867,23,6,6,61.6398400378,False
2,cross-frame,d000320_300_003,2026-02-02 08:31,d000220_300_022,2025-09-30 15:32,13,green,5.24974518694,2.28223078946,5.37876755205,5.28347596927,3.12990437793,-0.0337307823213,-0.847673588465,23,6,6,61.6398400378,False
2,cross-frame,d000320_300_003,2026-02-02 08:31,d000220_300_038,2025-09-30 15:46,13,green,5.16327340205,2.27936169321,5.28866086765,5.19570223558,3.14715119758,-0.0324288335313,-0.867789504368,23,6,6,61.6398400378,False
2,same-image,d000320_300_003,2026-02-02 08:31,d000320_300_003,2026-02-02 08:31,13,green,3.06734627791,1.64775384753,3.12906768792,3.01622583825,1.17225338679,0.0511204396521,0.47550046074,23,6,6,61.6398400378,False
2,cross-frame,d000320_300_003,2026-02-02 08:31,d000220_300_021,2025-09-27 15:31,14,red,5.55987500442,5.58618122281,5.5587312558,5.55985615909,4.0224232671,1.88453295609e-05,1.5637579557,23,6,6,54.3643888132,False
2,cross-frame,d000320_300_003,2026-02-02 08:31,d000220_300_022,2025-09-30 15:32,14,red,5.3042915094,6.2291347741,5.26408093267,5.28347596927,4.52960107366,0.0208155401328,1.69953370044,23,6,6,54.3643888132,False
2,cross-frame,d000320_300_003,2026-02-02 08:31,d000220_300_038,2025-09-30 15:46,14,red,5.2152321129,6.10729329098,5.17644684429,5.19570223558,4.42569560754,0.0195298773234,1.68159768344,23,6,6,54.3643888132,False
2,same-image,d000320_300_003,2026-02-02 08:31,d000320_300_003,2026-02-02 08:31,14,red,3.11005267295,8.12019555745,2.89222037362,3.01622583825,5.91692477403,0.0938268346928,2.20327078341,23,6,6,54.3643888132,False
2,cross-frame,d000320_300_003,2026-02-02 08:31,d000220_300_021,2025-09-27 15:31,15,yellow,5.17602732318,2.08455821283,5.31043902363,5.55985615909,3.58063555985,-0.383828835912,-1.49607734702,23,6,6,51.8072385081,False
2,cross-frame,d000320_300_003,2026-02-02 08:31,d000220_300_022,2025-09-30 15:32,15,yellow,4.9320303119,2.03574205196,5.05795588842,5.28347596927,2.91511089667,-0.351445657361,-0.879368844716,23,6,6,51.8072385081,False
2,cross-frame,d000320_300_003,2026-02-02 08:31,d000220_300_038,2025-09-30 15:46,15,yellow,4.82313082582,1.78823138152,4.95508297557,5.19570223558,3.04051913975,-0.37257140976,-1.25228775823,23,6,6,51.8072385081,False
2,same-image,d000320_300_003,2026-02-02 08:31,d000320_300_003,2026-02-02 08:31,15,yellow,2.88710800574,4.16408294247,2.83158735632,3.01622583825,1.12742885024,-0.129117832511,3.03665409223,23,6,6,51.8072385081,False
2,cross-frame,d000320_300_003,2026-02-02 08:31,d000220_300_021,2025-09-27 15:31,16,magenta,5.44929931222,4.4323168337,5.49351594172,5.55985615909,4.86031715409,-0.110556846873,-0.428000320387,23,6,6,75.4324882672,False
2,cross-frame,d000320_300_003,2026-02-02 08:31,d000220_300_022,2025-09-30 15:32,16,magenta,5.17171821963,4.07797524428,5.21927226204,5.28347596927,4.47674035969,-0.111757749631,-0.398765115411,23,6,6,75.4324882672,False
2,cross-frame,d000320_300_003,2026-02-02 08:31,d000220_300_038,2025-09-30 15:46,16,magenta,5.09051244382,4.15087794551,5.13136611766,5.19570223558,4.57264800168,-0.105189791758,-0.42177005617,23,6,6,75.4324882672,False
2,same-image,d000320_300_003,2026-02-02 08:31,d000320_300_003,2026-02-02 08:31,16,magenta,3.00711432293,2.27049984154,3.03914103951,3.01622583825,1.28388204368,-0.00911151532877,0.986617797855,23,6,6,75.4324882672,False
2,cross-frame,d000320_300_003,2026-02-02 08:31,d000220_300_021,2025-09-27 15:31,17,cyan,5.54327178846,7.58090161314,5.45467918739,5.55985615909,5.56966520643,-0.01658437063,2.01123640671,23,6,6,55.8627265452,False
2,cross-frame,d000320_300_003,2026-02-02 08:31,d000220_300_022,2025-09-30 15:32,17,cyan,5.28125957103,7.56999638199,5.1817492749,5.28347596927,5.26786845014,-0.0022163982395,2.30212793185,23,6,6,55.8627265452,False
2,cross-frame,d000320_300_003,2026-02-02 08:31,d000220_300_038,2025-09-30 15:46,17,cyan,5.17304414491,7.55141417071,5.06963675248,5.19570223558,5.24346682782,-0.0226580906729,2.3079473429,23,6,6,55.8627265452,False
2,same-image,d000320_300_003,2026-02-02 08:31,d000320_300_003,2026-02-02 08:31,17,cyan,3.13501650847,9.93490856532,2.83936902774,3.01622583825,6.56953582246,0.118790670221,3.36537274286,23,6,6,55.8627265452,False
2,cross-frame,d000320_300_003,2026-02-02 08:31,d000220_300_021,2025-09-27 15:31,18,white 9.5 (.05 D),5.32652382973,4.83380980846,5.34794617848,5.55985615909,5.50435837746,-0.233332329363,-0.670548568998,23,6,6,44.2476713461,False
2,cross-frame,d000320_300_003,2026-02-02 08:31,d000220_300_022,2025-09-30 15:32,18,white 9.5 (.05 D),5.03621012822,4.39012467532,5.06430080009,5.28347596927,5.15637402632,-0.247265841045,-0.766249351007,23,6,6,44.2476713461,False
2,cross-frame,d000320_300_003,2026-02-02 08:31,d000220_300_038,2025-09-30 15:46,18,white 9.5 (.05 D),4.9464233631,4.34859574732,4.97241586814,5.19570223558,5.13240140293,-0.249278872476,-0.783805655608,23,6,6,44.2476713461,False
2,same-image,d000320_300_003,2026-02-02 08:31,d000320_300_003,2026-02-02 08:31,18,white 9.5 (.05 D),2.82252294931,1.23662164974,2.89147517972,3.01622583825,0.765191391894,-0.193702888946,0.471430257846,23,6,6,44.2476713461,False
2,cross-frame,d000320_300_003,2026-02-02 08:31,d000220_300_021,2025-09-27 15:31,19,neutral 8 (.23 D),5.56280958793,6.46640910749,5.5235226523,5.55985615909,6.40027653929,0.0029534288365,0.0661325682019,23,6,6,50.0335578868,False
2,cross-frame,d000320_300_003,2026-02-02 08:31,d000220_300_022,2025-09-30 15:32,19,neutral 8 (.23 D),5.3014204523,6.52301461203,5.24830766275,5.28347596927,6.3733994804,0.017944483039,0.149615131631,23,6,6,50.0335578868,False
2,cross-frame,d000320_300_003,2026-02-02 08:31,d000220_300_038,2025-09-30 15:46,19,neutral 8 (.23 D),5.22500800662,6.61121515286,5.1647381307,5.19570223558,6.42578833196,0.0293057710439,0.185426820906,23,6,6,50.0335578868,False
2,same-image,d000320_300_003,2026-02-02 08:31,d000320_300_003,2026-02-02 08:31,19,neutral 8 (.23 D),3.05126746178,2.54664723837,3.0732074715,3.01622583825,2.23681653764,0.035041623527,0.309830700729,23,6,6,50.0335578868,False
2,cross-frame,d000320_300_003,2026-02-02 08:31,d000220_300_021,2025-09-27 15:31,20,neutral 6.5 (.44 D),5.54484016713,5.98090526558,5.52588081502,5.55985615909,6.02127065473,-0.0150159919667,-0.0403653891501,23,6,6,52.6165387539,False
2,cross-frame,d000320_300_003,2026-02-02 08:31,d000220_300_022,2025-09-30 15:32,20,neutral 6.5 (.44 D),5.27278336312,5.46755242841,5.26431514289,5.28347596927,5.49925402484,-0.0106926061468,-0.0317015964279,23,6,6,52.6165387539,False
2,cross-frame,d000320_300_003,2026-02-02 08:31,d000220_300_038,2025-09-30 15:46,20,neutral 6.5 (.44 D),5.18819949989,5.5022501876,5.17454512217,5.19570223558,5.51108749417,-0.00750273568551,-0.00883730656562,23,6,6,52.6165387539,False
2,same-image,d000320_300_003,2026-02-02 08:31,d000320_300_003,2026-02-02 08:31,20,neutral 6.5 (.44 D),3.00811979335,1.41314640051,3.0774664626,3.01622583825,1.40007905222,-0.00810604490363,0.0130673482921,23,6,6,52.6165387539,False
2,cross-frame,d000320_300_003,2026-02-02 08:31,d000220_300_021,2025-09-27 15:31,21,neutral 5 (.70 D),5.55810434571,6.13508005205,5.53301844544,5.55985615909,6.13914501525,-0.00175181338062,-0.00406496320542,23,6,6,53.8295200572,False
2,cross-frame,d000320_300_003,2026-02-02 08:31,d000220_300_022,2025-09-30 15:32,21,neutral 5 (.70 D),5.28289118154,5.82534040331,5.25930643277,5.28347596927,5.82699089864,-0.000584787726875,-0.00165049533009,23,6,6,53.8295200572,False
2,cross-frame,d000320_300_003,2026-02-02 08:31,d000220_300_038,2025-09-30 15:46,21,neutral 5 (.70 D),5.19613544903,5.34835857293,5.18951705234,5.19570223558,5.34896816038,0.000433213453905,-0.00060958745118,23,6,6,53.8295200572,False
2,same-image,d000320_300_003,2026-02-02 08:31,d000320_300_003,2026-02-02 08:31,21,neutral 5 (.70 D),3.01672186866,1.59433386236,3.07856482546,3.01622583825,1.58475255015,0.000496030407183,0.00958131221313,23,6,6,53.8295200572,False
2,cross-frame,d000320_300_003,2026-02-02 08:31,d000220_300_021,2025-09-27 15:31,22,neutral 3.5 (1.05 D),5.55786605181,3.75140332983,5.63640790929,5.55985615909,3.7549143942,-0.00199010727888,-0.00351106437129,23,6,6,54.1696477818,False
2,cross-frame,d000320_300_003,2026-02-02 08:31,d000220_300_022,2025-09-30 15:32,22,neutral 3.5 (1.05 D),5.28152368641,3.58464983252,5.35530081049,5.28347596927,3.58778466172,-0.00195228285974,-0.00313482920624,23,6,6,54.1696477818,False
2,cross-frame,d000320_300_003,2026-02-02 08:31,d000220_300_038,2025-09-30 15:46,22,neutral 3.5 (1.05 D),5.19387368755,3.67574723669,5.25987918542,5.19570223558,3.678536709,-0.00182854802666,-0.00278947230824,23,6,6,54.1696477818,False
2,same-image,d000320_300_003,2026-02-02 08:31,d000320_300_003,2026-02-02 08:31,22,neutral 3.5 (1.05 D),3.01476001961,0.910300419172,3.10625826311,3.01622583825,0.912889339629,-0.00146581864362,-0.00258892045683,23,6,6,54.1696477818,False
2,cross-frame,d000320_300_003,2026-02-02 08:31,d000220_300_021,2025-09-27 15:31,23,black 2 (1.5 D),5.55941003426,3.9849980712,5.62786272831,5.55985615909,3.98466664063,-0.000446124829863,0.000331430572018,23,6,6,54.2560635312,False
2,cross-frame,d000320_300_003,2026-02-02 08:31,d000220_300_022,2025-09-30 15:32,23,black 2 (1.5 D),5.28307644504,3.97782406029,5.33982654873,5.28347596927,3.97744923746,-0.000399524222321,0.000374822823012,23,6,6,54.2560635312,False
2,cross-frame,d000320_300_003,2026-02-02 08:31,d000220_300_038,2025-09-30 15:46,23,black 2 (1.5 D),5.19534835694,2.70345358186,5.30369160804,5.19570223558,2.70280452112,-0.000353878634843,0.000649060747853,23,6,6,54.2560635312,False
2,same-image,d000320_300_003,2026-02-02 08:31,d000320_300_003,2026-02-02 08:31,23,black 2 (1.5 D),3.01575336311,1.01163449411,3.10288896611,3.01622583825,1.0106281201,-0.000472475141653,0.00100637400891,23,6,6,54.2560635312,False
3,same-image,d000220_300_021,2025-09-27 15:31,d000220_300_021,2025-09-27 15:31,0,dark skin,1.9107975211,2.21790278262,1.89744511843,1.90263960889,2.02783680903,0.00815791220999,0.190065973591,23,13,13,100716.6808,False
3,cross-frame,d000220_300_021,2025-09-27 15:31,d000220_300_022,2025-09-30 15:32,0,dark skin,1.7724575948,3.32549372208,1.70493428492,1.76234670802,3.13773281974,0.0101108867758,0.187760902342,23,13,13,100716.6808,False
3,cross-frame,d000220_300_021,2025-09-27 15:31,d000220_300_038,2025-09-30 15:46,0,dark skin,1.83393919126,2.85944686476,1.78935190111,1.81968816266,2.66962506671,0.0142510286048,0.189821798053,23,13,13,100716.6808,False
3,cross-frame,d000220_300_021,2025-09-27 15:31,d000320_300_003,2026-02-02 08:31,0,dark skin,3.30695766036,3.03989004704,3.31856929573,3.29139176484,2.91005581919,0.0155658955267,0.129834227852,23,13,13,100716.6808,False
3,same-image,d000220_300_021,2025-09-27 15:31,d000220_300_021,2025-09-27 15:31,1,light skin,2.01159437506,3.81305520982,1.93326999094,1.90263960889,0.880888876137,0.108954766167,2.93216633368,23,13,13,115252.001212,False
3,cross-frame,d000220_300_021,2025-09-27 15:31,d000220_300_022,2025-09-30 15:32,1,light skin,1.84429933145,3.35256788414,1.77872243785,1.76234670802,0.170209681346,0.0819526234241,3.18235820279,23,13,13,115252.001212,False
3,cross-frame,d000220_300_021,2025-09-27 15:31,d000220_300_038,2025-09-30 15:46,1,light skin,1.95428515727,3.38631806881,1.89202285677,1.81968816266,0.238546001115,0.134596994609,3.1477720677,23,13,13,115252.001212,False
3,cross-frame,d000220_300_021,2025-09-27 15:31,d000320_300_003,2026-02-02 08:31,1,light skin,3.41912817353,5.85065355311,3.31340967876,3.29139176484,3.30875371429,0.12773640869,2.54189983882,23,13,13,115252.001212,False
3,same-image,d000220_300_021,2025-09-27 15:31,d000220_300_021,2025-09-27 15:31,2,blue sky,1.93799056762,1.56739545389,1.95410339865,1.90263960889,1.03712625619,0.0353509587243,0.530269197698,23,13,13,99253.1565522,False
3,cross-frame,d000220_300_021,2025-09-27 15:31,d000220_300_022,2025-09-30 15:32,2,blue sky,1.7988264784,1.5448828413,1.8098675061,1.76234670802,1.03421812544,0.0364797703758,0.510664715851,23,13,13,99253.1565522,False
3,cross-frame,d000220_300_021,2025-09-27 15:31,d000220_300_038,2025-09-30 15:46,2,blue sky,1.85399544196,2.31470510112,1.83396458721,1.81968816266,1.81283450618,0.0343072792997,0.501870594934,23,13,13,99253.1565522,False
3,cross-frame,d000220_300_021,2025-09-27 15:31,d000320_300_003,2026-02-02 08:31,2,blue sky,3.3718361001,4.79328384278,3.31003402434,3.29139176484,4.27381499591,0.0804443352665,0.519468846868,23,13,13,99253.1565522,False
3,same-image,d000220_300_021,2025-09-27 15:31,d000220_300_021,2025-09-27 15:31,3,foliage,1.97705178048,4.87974486225,1.85084773344,1.90263960889,3.7482217842,0.0744121715851,1.13152307805,23,13,13,101415.731493,False
3,cross-frame,d000220_300_021,2025-09-27 15:31,d000220_300_022,2025-09-30 15:32,3,foliage,1.8817119575,5.29796913141,1.73317903689,1.76234670802,4.18623156481,0.119365249472,1.1117375666,23,13,13,101415.731493,False
3,cross-frame,d000220_300_021,2025-09-27 15:31,d000220_300_038,2025-09-30 15:46,3,foliage,1.90564846139,5.43072017613,1.75238447379,1.81968816266,4.33019898404,0.0859602987298,1.10052119209,23,13,13,101415.731493,False
3,cross-frame,d000220_300_021,2025-09-27 15:31,d000320_300_003,2026-02-02 08:31,3,foliage,3.42341826329,6.24047536473,3.30093751975,3.29139176484,5.0747847634,0.132026498451,1.16569060133,23,13,13,101415.731493,False
3,same-image,d000220_300_021,2025-09-27 15:31,d000220_300_021,2025-09-27 15:31,4,blue flower,1.95835810003,4.78815787601,1.83532332717,1.90263960889,2.73377778728,0.0557184911415,2.05438008873,23,13,13,98808.2420769,False
3,cross-frame,d000220_300_021,2025-09-27 15:31,d000220_300_022,2025-09-30 15:32,4,blue flower,1.80044596022,4.58613230575,1.67932916259,1.76234670802,2.5828028372,0.038099252196,2.00332946855,23,13,13,98808.2420769,False
3,cross-frame,d000220_300_021,2025-09-27 15:31,d000220_300_038,2025-09-30 15:46,4,blue flower,1.87398790153,4.30943745867,1.76809879035,1.81968816266,2.30998105164,0.0542997388757,1.99945640702,23,13,13,98808.2420769,False
3,cross-frame,d000220_300_021,2025-09-27 15:31,d000320_300_003,2026-02-02 08:31,4,blue flower,3.24108405514,3.11443582467,3.24659049994,3.29139176484,1.66851200678,-0.0503077097002,1.4459238179,23,13,13,98808.2420769,False
3,same-image,d000220_300_021,2025-09-27 15:31,d000220_300_021,2025-09-27 15:31,5,bluish green,2.08669284104,4.81092603331,1.96824791963,1.90263960889,1.08695447996,0.184053232142,3.72397155335,23,13,13,98135.6622223,False
3,cross-frame,d000220_300_021,2025-09-27 15:31,d000220_300_022,2025-09-30 15:32,5,bluish green,1.89191659521,4.58899236765,1.7746524312,1.76234670802,0.952953200557,0.129569887191,3.63603916709,23,13,13,98135.6622223,False
3,cross-frame,d000220_300_021,2025-09-27 15:31,d000220_300_038,2025-09-30 15:46,5,bluish green,1.93017512518,4.64570727783,1.81210850984,1.81968816266,1.1917785893,0.110486962517,3.45392868852,23,13,13,98135.6622223,False
3,cross-frame,d000220_300_021,2025-09-27 15:31,d000320_300_003,2026-02-02 08:31,5,bluish green,3.32958160466,4.14174878594,3.29426998808,3.29139176484,1.21775016731,0.0381898398242,2.92399861863,23,13,13,98135.6622223,False
3,same-image,d000220_300_021,2025-09-27 15:31,d000220_300_021,2025-09-27 15:31,6,orange,2.09909708236,6.55122398721,1.90552634737,1.90263960889,1.16948413375,0.196457473467,5.38173985346,23,13,13,168895.404765,False
3,cross-frame,d000220_300_021,2025-09-27 15:31,d000220_300_022,2025-09-30 15:32,6,orange,2.07905105507,6.48408937204,1.88752764998,1.76234670802,0.48090419108,0.316704347042,6.00318518096,23,13,13,168895.404765,False
3,cross-frame,d000220_300_021,2025-09-27 15:31,d000220_300_038,2025-09-30 15:46,6,orange,2.12487484805,6.10632057777,1.95176851198,1.81968816266,0.709099349537,0.305186685394,5.39722122824,23,13,13,168895.404765,False
3,cross-frame,d000220_300_021,2025-09-27 15:31,d000320_300_003,2026-02-02 08:31,6,orange,3.54401958288,8.53096970752,3.32719566442,3.29139176484,3.35891716606,0.252627818044,5.17205254146,23,13,13,168895.404765,False
3,same-image,d000220_300_021,2025-09-27 15:31,d000220_300_021,2025-09-27 15:31,7,purplish blue,2.01877302721,5.72163542672,1.85777900984,1.90263960889,2.21190857525,0.116133418322,3.50972685147,23,13,13,109401.505134,False
3,cross-frame,d000220_300_021,2025-09-27 15:31,d000220_300_022,2025-09-30 15:32,7,purplish blue,1.92756515461,5.99729435335,1.75062040684,1.76234670802,2.52229832378,0.165218446583,3.47499602957,23,13,13,109401.505134,False
3,cross-frame,d000220_300_021,2025-09-27 15:31,d000220_300_038,2025-09-30 15:46,7,purplish blue,2.0256507337,5.88784424584,1.85772927665,1.81968816266,2.43083951601,0.205962571045,3.45700472983,23,13,13,109401.505134,False
3,cross-frame,d000220_300_021,2025-09-27 15:31,d000320_300_003,2026-02-02 08:31,7,purplish blue,3.56026006851,8.64828251313,3.33904170135,3.29139176484,4.81673039332,0.268868303671,3.83155211982,23,13,13,109401.505134,False
3,same-image,d000220_300_021,2025-09-27 15:31,d000220_300_021,2025-09-27 15:31,8,moderate red,2.00699936073,3.62841119915,1.93650319385,1.90263960889,2.04637153086,0.104359751841,1.5820396683,23,13,13,108823.147806,False
3,cross-frame,d000220_300_021,2025-09-27 15:31,d000220_300_022,2025-09-30 15:32,8,moderate red,1.89699122658,3.12634406717,1.84354110308,1.76234670802,1.469086724,0.134644518559,1.65725734317,23,13,13,108823.147806,False
3,cross-frame,d000220_300_021,2025-09-27 15:31,d000220_300_038,2025-09-30 15:46,8,moderate red,1.94777795021,3.5371438175,1.87867508641,1.81968816266,1.83964033245,0.128089787548,1.69750348505,23,13,13,108823.147806,False
3,cross-frame,d000220_300_021,2025-09-27 15:31,d000320_300_003,2026-02-02 08:31,8,moderate red,3.20941655301,1.00448084074,3.30528332311,3.29139176484,1.42561258206,-0.0819752118252,-0.421131741316,23,13,13,108823.147806,False
3,same-image,d000220_300_021,2025-09-27 15:31,d000220_300_021,2025-09-27 15:31,9,purple,1.90844015754,2.22241320324,1.89478915556,1.90263960889,2.04770834398,0.00580054864893,0.17470485926,23,13,13,100152.849927,False
3,cross-frame,d000220_300_021,2025-09-27 15:31,d000220_300_022,2025-09-30 15:32,9,purple,1.7732191842,2.25390232104,1.75231991739,1.76234670802,2.0773014805,0.0108724761802,0.176600840533,23,13,13,100152.849927,False
3,cross-frame,d000220_300_021,2025-09-27 15:31,d000220_300_038,2025-09-30 15:46,9,purple,1.83548039901,2.56970539802,1.80355757296,1.81968816266,2.39046110903,0.0157922363468,0.179244288989,23,13,13,100152.849927,False
3,cross-frame,d000220_300_021,2025-09-27 15:31,d000320_300_003,2026-02-02 08:31,9,purple,3.2880119071,2.02490270477,3.34292969851,3.29139176484,1.96409195807,-0.00337985773305,0.0608107466996,23,13,13,100152.849927,False
3,same-image,d000220_300_021,2025-09-27 15:31,d000220_300_021,2025-09-27 15:31,10,yellow green,2.03326690728,8.04724533463,1.77178958435,1.90263960889,1.39141147437,0.130627298385,6.65583386026,23,13,13,122474.628505,False
3,cross-frame,d000220_300_021,2025-09-27 15:31,d000220_300_022,2025-09-30 15:32,10,yellow green,1.94086830289,8.20467836215,1.66852873509,1.76234670802,1.41916639249,0.178521594861,6.78551196966,23,13,13,122474.628505,False
3,cross-frame,d000220_300_021,2025-09-27 15:31,d000220_300_038,2025-09-30 15:46,10,yellow green,1.97444348812,8.37861155089,1.69600139843,1.81968816266,1.54958213191,0.154755325456,6.82902941898,23,13,13,122474.628505,False
3,cross-frame,d000220_300_021,2025-09-27 15:31,d000320_300_003,2026-02-02 08:31,10,yellow green,3.16352324129,4.63484338184,3.0995528004,3.29139176484,2.29762603237,-0.127868523547,2.33721734947,23,13,13,122474.628505,False
3,same-image,d000220_300_021,2025-09-27 15:31,d000220_300_021,2025-09-27 15:31,11,orange yellow,1.9888453026,5.93749838983,1.81716473359,1.90263960889,2.96150376086,0.0862056937063,2.97599462897,23,13,13,111742.011556,False
3,cross-frame,d000220_300_021,2025-09-27 15:31,d000220_300_022,2025-09-30 15:32,11,orange yellow,1.86900616397,5.09982777803,1.72853565901,1.76234670802,2.53430742026,0.106659455947,2.56552035777,23,13,13,111742.011556,False
3,cross-frame,d000220_300_021,2025-09-27 15:31,d000220_300_038,2025-09-30 15:46,11,orange yellow,1.94626289904,5.88805438678,1.77488066044,1.81968816266,2.95323547302,0.126574736378,2.93481891376,23,13,13,111742.011556,False
3,cross-frame,d000220_300_021,2025-09-27 15:31,d000320_300_003,2026-02-02 08:31,11,orange yellow,3.18728426692,3.41805969352,3.17725055272,3.29139176484,2.5302073473,-0.104107497914,0.887852346218,23,13,13,111742.011556,False
3,same-image,d000220_300_021,2025-09-27 15:31,d000220_300_021,2025-09-27 15:31,12,blue,2.37784646963,14.139120965,1.86648670896,1.90263960889,1.93857774039,0.475206860737,12.2005432246,23,13,13,111456.600518,False
3,cross-frame,d000220_300_021,2025-09-27 15:31,d000220_300_022,2025-09-30 15:32,12,blue,2.23960770887,14.2067271375,1.71929816849,1.76234670802,2.26784276895,0.477261000842,11.9388843685,23,13,13,111456.600518,False
3,cross-frame,d000220_300_021,2025-09-27 15:31,d000220_300_038,2025-09-30 15:46,12,blue,2.33320576631,14.0868221586,1.82217896664,1.81968816266,1.05487189163,0.513517603647,13.0319502669,23,13,13,111456.600518,False
3,cross-frame,d000220_300_021,2025-09-27 15:31,d000320_300_003,2026-02-02 08:31,12,blue,3.77767506914,13.6811664179,3.34708848875,3.29139176484,2.49550695662,0.486283304299,11.1856594613,23,13,13,111456.600518,False
3,same-image,d000220_300_021,2025-09-27 15:31,d000220_300_021,2025-09-27 15:31,13,green,2.12186425683,7.51714563632,1.88728680555,1.90263960889,1.11392889487,0.219224647941,6.40321674145,23,13,13,135026.040781,False
3,cross-frame,d000220_300_021,2025-09-27 15:31,d000220_300_022,2025-09-30 15:32,13,green,2.04912331882,8.45848860653,1.77045526283,1.76234670802,0.530460397285,0.286776610797,7.92802820924,23,13,13,135026.040781,False
3,cross-frame,d000220_300_021,2025-09-27 15:31,d000220_300_038,2025-09-30 15:46,13,green,2.08019555724,8.42837789538,1.80418762949,1.81968816266,0.46120770153,0.260507394577,7.96717019385,23,13,13,135026.040781,False
3,cross-frame,d000220_300_021,2025-09-27 15:31,d000320_300_003,2026-02-02 08:31,13,green,3.50486223575,10.7640195006,3.18924670249,3.29139176484,3.18901736993,0.213470470909,7.57500213067,23,13,13,135026.040781,False
3,same-image,d000220_300_021,2025-09-27 15:31,d000220_300_021,2025-09-27 15:31,14,red,2.0801744925,4.31965509352,1.98280577071,1.90263960889,1.309794594,0.177534883605,3.00986049952,23,13,13,155252.019738,False
3,cross-frame,d000220_300_021,2025-09-27 15:31,d000220_300_022,2025-09-30 15:32,14,red,1.95322208569,3.83874644191,1.87124276586,1.76234670802,0.715015645056,0.190875377667,3.12373079686,23,13,13,155252.019738,False
3,cross-frame,d000220_300_021,2025-09-27 15:31,d000220_300_038,2025-09-30 15:46,14,red,2.01476155322,3.90919644005,1.93239481901,1.81968816266,0.784880002065,0.195073390558,3.12431643798,23,13,13,155252.019738,False
3,cross-frame,d000220_300_021,2025-09-27 15:31,d000320_300_003,2026-02-02 08:31,14,red,3.41341856858,6.26338742037,3.28950687937,3.29139176484,3.4116716042,0.122026803741,2.85171581618,23,13,13,155252.019738,False
3,same-image,d000220_300_021,2025-09-27 15:31,d000220_300_021,2025-09-27 15:31,15,yellow,1.85077603684,4.13843610908,1.75131255544,1.90263960889,1.30035255688,-0.051863572056,2.8380835522,23,13,13,96251.7136871,False
3,cross-frame,d000220_300_021,2025-09-27 15:31,d000220_300_022,2025-09-30 15:32,15,yellow,1.73240033956,4.63756947038,1.60608863822,1.76234670802,0.586406899481,-0.0299463684669,4.0511625709,23,13,13,96251.7136871,False
3,cross-frame,d000220_300_021,2025-09-27 15:31,d000220_300_038,2025-09-30 15:46,15,yellow,1.78281622872,4.56135038914,1.66201039566,1.81968816266,1.30051171775,-0.0368719339373,3.26083867139,23,13,13,96251.7136871,False
3,cross-frame,d000220_300_021,2025-09-27 15:31,d000320_300_003,2026-02-02 08:31,15,yellow,3.29514795727,9.09110856277,3.04314967007,3.29139176484,5.20379452753,0.00375619242849,3.88731403524,23,13,13,96251.7136871,False
3,same-image,d000220_300_021,2025-09-27 15:31,d000220_300_021,2025-09-27 15:31,16,magenta,2.21079122321,9.74563404884,1.88318936123,1.90263960889,0.580612537791,0.308151614318,9.16502151105,23,13,13,99472.0444669,False
3,cross-frame,d000220_300_021,2025-09-27 15:31,d000220_300_022,2025-09-30 15:32,16,magenta,2.1698173837,10.1770613014,1.8216763438,1.76234670802,0.44097583486,0.407470675678,9.73608546654,23,13,13,99472.0444669,False
3,cross-frame,d000220_300_021,2025-09-27 15:31,d000220_300_038,2025-09-30 15:46,16,magenta,2.17694522929,10.0404252443,1.83505479385,1.81968816266,0.504594796069,0.357257066627,9.53583044825,23,13,13,99472.0444669,False
3,cross-frame,d000220_300_021,2025-09-27 15:31,d000320_300_003,2026-02-02 08:31,16,magenta,3.83338874015,13.8428360174,3.39819538027,3.29139176484,3.58939186927,0.541996975311,10.2534441482,23,13,13,99472.0444669,False
3,same-image,d000220_300_021,2025-09-27 15:31,d000220_300_021,2025-09-27 15:31,17,cyan,2.82317700494,26.5279162524,1.79253616809,1.90263960889,3.83569905672,0.920537396043,22.6922171956,23,13,13,119324.908961,False
3,cross-frame,d000220_300_021,2025-09-27 15:31,d000220_300_022,2025-09-30 15:32,17,cyan,2.81779071245,27.3866495409,1.74957945905,1.76234670802,3.49667856578,1.05544400443,23.8899709751,23,13,13,119324.908961,False
3,cross-frame,d000220_300_021,2025-09-27 15:31,d000220_300_038,2025-09-30 15:46,17,cyan,2.83840281572,27.4939882158,1.7664208418,1.81968816266,3.49698990374,1.01871465306,23.996998312,23,13,13,119324.908961,False
3,cross-frame,d000220_300_021,2025-09-27 15:31,d000320_300_003,2026-02-02 08:31,17,cyan,4.11880946705,24.1362014801,3.24848807518,3.29139176484,6.97831750436,0.827417702213,17.1578839758,23,13,13,119324.908961,False
3,same-image,d000220_300_021,2025-09-27 15:31,d000220_300_021,2025-09-27 15:31,18,white 9.5 (.05 D),1.87092018625,1.68778011952,1.87888279785,1.90263960889,1.38211711152,-0.031719422643,0.305663008002,23,13,13,78519.2182332,False
3,cross-frame,d000220_300_021,2025-09-27 15:31,d000220_300_022,2025-09-30 15:32,18,white 9.5 (.05 D),1.64826514494,0.607675729804,1.69350816299,1.76234670802,1.19731930247,-0.114081563082,-0.589643572665,23,13,13,78519.2182332,False
3,cross-frame,d000220_300_021,2025-09-27 15:31,d000220_300_038,2025-09-30 15:46,18,white 9.5 (.05 D),1.69745969085,1.27477510516,1.71583728153,1.81968816266,1.97124142771,-0.122228471812,-0.696466322554,23,13,13,78519.2182332,False
3,cross-frame,d000220_300_021,2025-09-27 15:31,d000320_300_003,2026-02-02 08:31,18,white 9.5 (.05 D),3.34122060064,4.31193635708,3.29901556775,3.29139176484,4.31193635708,0.0498288358015,8.70414851306e-14,23,13,13,78519.2182332,False
3,same-image,d000220_300_021,2025-09-27 15:31,d000220_300_021,2025-09-27 15:31,19,neutral 8 (.23 D),1.94563436479,2.42615117269,1.92474232966,1.90263960889,2.17530611664,0.0429947558939,0.250845056046,23,13,13,91758.7232758,False
3,cross-frame,d000220_300_021,2025-09-27 15:31,d000220_300_022,2025-09-30 15:32,19,neutral 8 (.23 D),1.83619092653,2.81164641106,1.7937798185,1.76234670802,2.40758838625,0.0738442185038,0.404058024809,23,13,13,91758.7232758,False
3,cross-frame,d000220_300_021,2025-09-27 15:31,d000220_300_038,2025-09-30 15:46,19,neutral 8 (.23 D),1.90087939544,3.26659849425,1.84150030418,1.81968816266,2.85651638915,0.0811912327778,0.410082105098,23,13,13,91758.7232758,False
3,cross-frame,d000220_300_021,2025-09-27 15:31,d000320_300_003,2026-02-02 08:31,19,neutral 8 (.23 D),3.28331352105,3.34198517024,3.28076257979,3.29139176484,3.36177506266,-0.00807824378327,-0.0197898924218,23,13,13,91758.7232758,False
3,same-image,d000220_300_021,2025-09-27 15:31,d000220_300_021,2025-09-27 15:31,20,neutral 6.5 (.44 D),1.89800734785,1.53753982508,1.91367984884,1.90263960889,1.54457300425,-0.00463226104291,-0.00703317917344,23,13,13,96624.6276202,False
3,cross-frame,d000220_300_021,2025-09-27 15:31,d000220_300_022,2025-09-30 15:32,20,neutral 6.5 (.44 D),1.75777007782,1.05861502363,1.78816812365,1.76234670802,1.08552019553,-0.0045766302081,-0.0269051719038,23,13,13,96624.6276202,False
3,cross-frame,d000220_300_021,2025-09-27 15:31,d000220_300_038,2025-09-30 15:46,20,neutral 6.5 (.44 D),1.81442268431,1.7290743591,1.81813348106,1.81968816266,1.74775491892,-0.00526547834577,-0.0186805598286,23,13,13,96624.6276202,False
3,cross-frame,d000220_300_021,2025-09-27 15:31,d000320_300_003,2026-02-02 08:31,20,neutral 6.5 (.44 D),3.28775411051,3.61031621775,3.27372967107,3.29139176484,3.62773447208,-0.00363765432704,-0.017418254324,23,13,13,96624.6276202,False
3,same-image,d000220_300_021,2025-09-27 15:31,d000220_300_021,2025-09-27 15:31,21,neutral 5 (.70 D),1.90216105771,2.20095708419,1.88916992612,1.90263960889,2.20583785593,-0.000478551182791,-0.00488077174072,23,13,13,99040.9258949,False
3,cross-frame,d000220_300_021,2025-09-27 15:31,d000220_300_022,2025-09-30 15:32,21,neutral 5 (.70 D),1.76602378568,1.86743825279,1.76161446103,1.76234670802,1.85568074513,0.00367707766041,0.0117575076612,23,13,13,99040.9258949,False
3,cross-frame,d000220_300_021,2025-09-27 15:31,d000220_300_038,2025-09-30 15:46,21,neutral 5 (.70 D),1.8249010486,1.4231573717,1.84236816499,1.81968816266,1.41367206989,0.00521288594325,0.00948530181244,23,13,13,99040.9258949,False
3,cross-frame,d000220_300_021,2025-09-27 15:31,d000320_300_003,2026-02-02 08:31,21,neutral 5 (.70 D),3.29019559487,3.42181053449,3.2844732062,3.29139176484,3.42189330573,-0.0011961699636,-8.27712351823e-05,23,13,13,99040.9258949,False
3,same-image,d000220_300_021,2025-09-27 15:31,d000220_300_021,2025-09-27 15:31,22,neutral 3.5 (1.05 D),1.90126293098,1.28435889486,1.9280848456,1.90263960889,1.27944917402,-0.00137667790953,0.00490972084533,23,13,13,99718.3048627,False
3,cross-frame,d000220_300_021,2025-09-27 15:31,d000220_300_022,2025-09-30 15:32,22,neutral 3.5 (1.05 D),1.76266382364,1.25582373493,1.78470034923,1.76234670802,1.24849626175,0.000317115612502,0.00732747318459,23,13,13,99718.3048627,False
3,cross-frame,d000220_300_021,2025-09-27 15:31,d000220_300_038,2025-09-30 15:46,22,neutral 3.5 (1.05 D),1.82064853096,1.64064365663,1.82847482984,1.81968816266,1.63280601793,0.000960368298372,0.00783763870592,23,13,13,99718.3048627,False
3,cross-frame,d000220_300_021,2025-09-27 15:31,d000320_300_003,2026-02-02 08:31,22,neutral 3.5 (1.05 D),3.29092577937,2.27379921696,3.33514867339,3.29139176484,2.27367635307,-0.000465985469774,0.000122863895965,23,13,13,99718.3048627,False
3,same-image,d000220_300_021,2025-09-27 15:31,d000220_300_021,2025-09-27 15:31,23,black 2 (1.5 D),1.90242386268,3.6556725151,1.8261956604,1.90263960889,3.65390815856,-0.000215746216496,0.00176435653822,23,13,13,99897.7719553,False
3,cross-frame,d000220_300_021,2025-09-27 15:31,d000220_300_022,2025-09-30 15:32,23,black 2 (1.5 D),1.76256168845,3.89854928507,1.66969266251,1.76234670802,3.89712322881,0.000214980429186,0.00142605625984,23,13,13,99897.7719553,False
3,cross-frame,d000220_300_021,2025-09-27 15:31,d000220_300_038,2025-09-30 15:46,23,black 2 (1.5 D),1.82009657684,2.0235756264,1.81124966164,1.81968816266,2.02164695647,0.00040841417729,0.00192866993058,23,13,13,99897.7719553,False
3,cross-frame,d000220_300_021,2025-09-27 15:31,d000320_300_003,2026-02-02 08:31,23,black 2 (1.5 D),3.2912929121,2.28245075697,3.3351556145,3.29139176484,2.28183002752,-9.88527354822e-05,0.00062072944388,23,13,13,99897.7719553,False
3,cross-frame,d000220_300_022,2025-09-30 15:32,d000220_300_021,2025-09-27 15:31,0,dark skin,2.45839319488,1.86643377201,2.48413056109,2.44789914834,1.6466354098,0.0104940465421,0.219798362206,23,13,13,99759.445691,False
3,same-image,d000220_300_022,2025-09-30 15:32,d000220_300_022,2025-09-30 15:32,0,dark skin,2.03062075423,2.69539702427,2.00171743814,2.02054580752,2.40543731916,0.0100749467115,0.28995970511,23,13,13,99759.445691,False
3,cross-frame,d000220_300_022,2025-09-30 15:32,d000220_300_038,2025-09-30 15:46,0,dark skin,1.92279868025,2.30634352037,1.90612281763,1.91130808002,2.03524577065,0.0114906002271,0.271097749723,23,13,13,99759.445691,False
3,cross-frame,d000220_300_022,2025-09-30 15:32,d000320_300_003,2026-02-02 08:31,0,dark skin,3.25985734301,2.78768600226,3.28038653173,3.23283369703,2.67585599044,0.0270236459774,0.111830011816,23,13,13,99759.445691,False
3,cross-frame,d000220_300_022,2025-09-30 15:32,d000220_300_021,2025-09-27 15:31,1,light skin,2.68465131439,5.44701645365,2.56454848225,2.44789914834,1.49673805556,0.236752166057,3.95027839809,23,13,13,106434.827823,False
3,same-image,d000220_300_022,2025-09-30 15:32,d000220_300_022,2025-09-30 15:32,1,light skin,2.1624808291,4.89403969759,2.04371740004,2.02054580752,0.754346286354,0.141935021582,4.13969341124,23,13,13,106434.827823,False
3,cross-frame,d000220_300_022,2025-09-30 15:32,d000220_300_038,2025-09-30 15:46,1,light skin,2.10087322058,4.84855903611,1.98140861991,1.91130808002,0.667826728186,0.189565140566,4.18073230792,23,13,13,106434.827823,False
3,cross-frame,d000220_300_022,2025-09-30 15:32,d000320_300_003,2026-02-02 08:31,1,light skin,3.39818128982,6.47375527087,3.26446068194,3.23283369703,3.33194814862,0.165347592787,3.14180712225,23,13,13,106434.827823,False
3,cross-frame,d000220_300_022,2025-09-30 15:32,d000220_300_021,2025-09-27 15:31,2,blue sky,2.47903637589,1.61447434213,2.51662602953,2.44789914834,1.22577455623,0.0311372275495,0.388699785897,23,13,13,97585.28133,False
3,same-image,d000220_300_022,2025-09-30 15:32,d000220_300_022,2025-09-30 15:32,2,blue sky,2.05413423207,1.3892617305,2.08304173214,2.02054580752,0.944955434907,0.0335884245516,0.444306295597,23,13,13,97585.28133,False
3,cross-frame,d000220_300_022,2025-09-30 15:32,d000220_300_038,2025-09-30 15:46,2,blue sky,1.94070100436,2.00294061891,1.93799493416,1.91130808002,1.54563336457,0.02939292434,0.457307254349,23,13,13,97585.28133,False
3,cross-frame,d000220_300_022,2025-09-30 15:32,d000320_300_003,2026-02-02 08:31,2,blue sky,3.29814661027,4.40648406853,3.24995802513,3.23283369703,3.95527366992,0.0653129132412,0.451210398609,23,13,13,97585.28133,False
3,cross-frame,d000220_300_022,2025-09-30 15:32,d000220_300_021,2025-09-27 15:31,3,foliage,2.4936590104,4.73638794584,2.39614905669,2.44789914834,3.22910670574,0.0457598620644,1.50728124009,23,13,13,101286.236025,False
3,same-image,d000220_300_022,2025-09-30 15:32,d000220_300_022,2025-09-30 15:32,3,foliage,2.09815426904,5.14317735891,1.96576196078,2.02054580752,3.65102370148,0.0776084615179,1.49215365743,23,13,13,101286.236025,False
3,cross-frame,d000220_300_022,2025-09-30 15:32,d000220_300_038,2025-09-30 15:46,3,foliage,1.94770734909,5.17619415116,1.8073383577,1.91130808002,3.70027429296,0.0363992690707,1.4759198582,23,13,13,101286.236025,False
3,cross-frame,d000220_300_022,2025-09-30 15:32,d000320_300_003,2026-02-02 08:31,3,foliage,3.39008850691,5.75541460963,3.28724824157,3.23283369703,4.23067347778,0.15725480988,1.52474113184,23,13,13,101286.236025,False
3,cross-frame,d000220_300_022,2025-09-30 15:32,d000220_300_021,2025-09-27 15:31,4,blue flower,2.53852119937,5.48222096841,2.41053425289,2.44789914834,3.24536028549,0.090622051033,2.23686068292,23,13,13,97217.2115673,False
3,same-image,d000220_300_022,2025-09-30 15:32,d000220_300_022,2025-09-30 15:32,4,blue flower,2.08402339894,5.26732186152,1.94561911796,2.02054580752,3.08071710878,0.0634775914191,2.18660475274,23,13,13,97217.2115673,False
3,cross-frame,d000220_300_022,2025-09-30 15:32,d000220_300_038,2025-09-30 15:46,4,blue flower,1.98198630929,4.86674682818,1.8565619389,1.91130808002,2.66620167891,0.0706782292706,2.20054514927,23,13,13,97217.2115673,False
3,cross-frame,d000220_300_022,2025-09-30 15:32,d000320_300_003,2026-02-02 08:31,4,blue flower,3.22878136208,3.624597647,3.21157195838,3.23283369703,1.82501224261,-0.00405233495284,1.79958540439,23,13,13,97217.2115673,False
3,cross-frame,d000220_300_022,2025-09-30 15:32,d000220_300_021,2025-09-27 15:31,5,bluish green,2.76416461609,7.75996802105,2.5469557724,2.44789914834,1.76763636343,0.316265467757,5.99233165762,23,13,13,98004.5897549,False
3,same-image,d000220_300_022,2025-09-30 15:32,d000220_300_022,2025-09-30 15:32,5,bluish green,2.31368412528,7.73304776948,2.07805961901,2.02054580752,1.32706429321,0.293138317758,6.40598347627,23,13,13,98004.5897549,False
3,cross-frame,d000220_300_022,2025-09-30 15:32,d000220_300_038,2025-09-30 15:46,5,bluish green,2.22705570877,8.09895039425,1.97175593983,1.91130808002,1.49495544176,0.315747628749,6.60399495249,23,13,13,98004.5897549,False
3,cross-frame,d000220_300_022,2025-09-30 15:32,d000320_300_003,2026-02-02 08:31,5,bluish green,3.3353456496,7.42356743731,3.15759687622,3.23283369703,1.89937395889,0.10251195257,5.52419347842,23,13,13,98004.5897549,False
3,cross-frame,d000220_300_022,2025-09-30 15:32,d000220_300_021,2025-09-27 15:31,6,orange,2.72340621859,6.18022986992,2.57310953809,2.44789914834,2.42392470486,0.275507070249,3.75630516506,23,13,13,153266.691079,False
3,same-image,d000220_300_022,2025-09-30 15:32,d000220_300_022,2025-09-30 15:32,6,orange,2.2222464847,6.17934339042,2.05019879314,2.02054580752,1.50083169613,0.201700677174,4.67851169429,23,13,13,153266.691079,False
3,cross-frame,d000220_300_022,2025-09-30 15:32,d000220_300_038,2025-09-30 15:46,6,orange,2.15875002007,5.84345625463,1.99854540118,1.91130808002,1.74881917558,0.247441940056,4.09463707904,23,13,13,153266.691079,False
3,cross-frame,d000220_300_022,2025-09-30 15:32,d000320_300_003,2026-02-02 08:31,6,orange,3.52085702011,8.68210158265,3.29645508261,3.23283369703,3.82051081026,0.288023323085,4.86159077239,23,13,13,153266.691079,False
3,cross-frame,d000220_300_022,2025-09-30 15:32,d000220_300_021,2025-09-27 15:31,7,purplish blue,2.56968567841,5.87721044051,2.42588025397,2.44789914834,1.79037293454,0.121786530075,4.08683750597,23,13,13,111144.721087,False
3,same-image,d000220_300_022,2025-09-30 15:32,d000220_300_022,2025-09-30 15:32,7,purplish blue,2.13947121589,6.15344509807,1.96495061232,2.02054580752,2.08585299451,0.118925408373,4.06759210356,23,13,13,111144.721087,False
3,cross-frame,d000220_300_022,2025-09-30 15:32,d000220_300_038,2025-09-30 15:46,7,purplish blue,2.12017396951,6.03241135509,1.95007669188,1.91130808002,1.98384033433,0.20886588949,4.04857102076,23,13,13,111144.721087,False
3,cross-frame,d000220_300_022,2025-09-30 15:32,d000320_300_003,2026-02-02 08:31,7,purplish blue,3.61589980552,9.05900353551,3.37924312161,3.23283369703,4.4182809417,0.383066108491,4.6407225938,23,13,13,111144.721087,False
3,cross-frame,d000220_300_022,2025-09-30 15:32,d000220_300_021,2025-09-27 15:31,8,moderate red,2.50150096688,3.55685281431,2.45561610395,2.44789914834,2.2915695457,0.0536018185402,1.26528326861,23,13,13,105793.900673,False
3,same-image,d000220_300_022,2025-09-30 15:32,d000220_300_022,2025-09-30 15:32,8,moderate red,2.10120143202,3.15802253085,2.05525268859,2.02054580752,1.75490908578,0.0806556245006,1.40311344506,23,13,13,105793.900673,False
3,cross-frame,d000220_300_022,2025-09-30 15:32,d000220_300_038,2025-09-30 15:46,8,moderate red,1.98815315229,3.57497042599,1.91916109691,1.91130808002,2.12850456135,0.0768450722733,1.44646586464,23,13,13,105793.900673,False
3,cross-frame,d000220_300_022,2025-09-30 15:32,d000320_300_003,2026-02-02 08:31,8,moderate red,3.167573982,1.52948349502,3.23879530752,3.23283369703,1.25190986865,-0.0652597150326,0.27757362637,23,13,13,105793.900673,False
3,cross-frame,d000220_300_022,2025-09-30 15:32,d000220_300_021,2025-09-27 15:31,9,purple,2.44912185626,2.47382017327,2.44804801639,2.44789914834,2.27401203555,0.00122270792132,0.199808137711,23,13,13,98524.6748312,False
3,same-image,d000220_300_022,2025-09-30 15:32,d000220_300_022,2025-09-30 15:32,9,purple,2.02670738234,2.50588691639,2.00587348955,2.02054580752,2.3027664403,0.00616157481402,0.203120476093,23,13,13,98524.6748312,False
3,cross-frame,d000220_300_022,2025-09-30 15:32,d000220_300_038,2025-09-30 15:46,9,purple,1.92529460049,2.81230580331,1.88672889602,1.91130808002,2.60762107144,0.0139865204719,0.20468473187,23,13,13,98524.6748312,False
3,cross-frame,d000220_300_022,2025-09-30 15:32,d000320_300_003,2026-02-02 08:31,9,purple,3.22720290896,2.26111232807,3.26920684726,3.23283369703,2.15866311228,-0.00563078807278,0.10244921579,23,13,13,98524.6748312,False
3,cross-frame,d000220_300_022,2025-09-30 15:32,d000220_300_021,2025-09-27 15:31,10,yellow green,2.65708931813,9.36544201787,2.36542180944,2.44789914834,1.88044666278,0.209190169791,7.48499535509,23,13,13,128334.28338,False
3,same-image,d000220_300_022,2025-09-30 15:32,d000220_300_022,2025-09-30 15:32,10,yellow green,2.22545976769,9.59981306711,1.9048357112,2.02054580752,1.82084944896,0.204913960172,7.77896361815,23,13,13,128334.28338,False
3,cross-frame,d000220_300_022,2025-09-30 15:32,d000220_300_038,2025-09-30 15:46,10,yellow green,2.15158111241,9.77038963249,1.82032856805,1.91130808002,1.94734619718,0.240273032387,7.82304343531,23,13,13,128334.28338,False
3,cross-frame,d000220_300_022,2025-09-30 15:32,d000320_300_003,2026-02-02 08:31,10,yellow green,3.28275270677,5.85341142783,3.17098493629,3.23283369703,1.85198062188,0.0499190097446,4.00143080596,23,13,13,128334.28338,False
3,cross-frame,d000220_300_022,2025-09-30 15:32,d000220_300_021,2025-09-27 15:31,11,orange yellow,2.58990028536,6.60092354691,2.41550796964,2.44789914834,3.80620769454,0.142001137022,2.79471585237,23,13,13,104756.747584,False
3,same-image,d000220_300_022,2025-09-30 15:32,d000220_300_022,2025-09-30 15:32,11,orange yellow,2.10782564938,5.8502852922,1.94511001274,2.02054580752,3.18343283706,0.0872798418613,2.66685245514,23,13,13,104756.747584,False
3,cross-frame,d000220_300_022,2025-09-30 15:32,d000220_300_038,2025-09-30 15:46,11,orange yellow,2.02440840925,6.44522474137,1.8321990035,1.91130808002,3.72628769549,0.113100329228,2.71893704588,23,13,13,104756.747584,False
3,cross-frame,d000220_300_022,2025-09-30 15:32,d000320_300_003,2026-02-02 08:31,11,orange yellow,3.1249968542,3.69125056783,3.10037712753,3.23283369703,2.96134000281,-0.107836842824,0.729910565016,23,13,13,104756.747584,False
3,cross-frame,d000220_300_022,2025-09-30 15:32,d000220_300_021,2025-09-27 15:31,12,blue,2.93266343007,14.4115280436,2.43358235991,2.44789914834,2.15147062748,0.484764281729,12.2600574161,23,13,13,114634.035709,False
3,same-image,d000220_300_022,2025-09-30 15:32,d000220_300_022,2025-09-30 15:32,12,blue,2.50329634069,14.5042645081,1.98151511602,2.02054580752,2.27590924423,0.48275053317,12.2283552639,23,13,13,114634.035709,False
3,cross-frame,d000220_300_022,2025-09-30 15:32,d000220_300_038,2025-09-30 15:46,12,blue,2.44742458561,14.3668168729,1.92919013834,1.91130808002,1.26043572138,0.536116505592,13.1063811515,23,13,13,114634.035709,False
3,cross-frame,d000220_300_022,2025-09-30 15:32,d000320_300_003,2026-02-02 08:31,12,blue,3.80685360344,13.9448611211,3.36607066789,3.23283369703,2.55370045169,0.574019906409,11.3911606694,23,13,13,114634.035709,False
3,cross-frame,d000220_300_022,2025-09-30 15:32,d000220_300_021,2025-09-27 15:31,13,green,2.65558392359,8.44054800145,2.40406374629,2.44789914834,2.03946518849,0.207684775254,6.40108281296,23,13,13,138862.592017,False
3,same-image,d000220_300_022,2025-09-30 15:32,d000220_300_022,2025-09-30 15:32,13,green,2.30872178689,9.37851600668,2.00133942951,2.02054580752,1.358052931,0.288175979367,8.02046307569,23,13,13,138862.592017,False
3,cross-frame,d000220_300_022,2025-09-30 15:32,d000220_300_038,2025-09-30 15:46,13,green,2.18484801187,9.34690225461,1.87345434914,1.91130808002,1.3523766912,0.273539931848,7.99452556341,23,13,13,138862.592017,False
3,cross-frame,d000220_300_022,2025-09-30 15:32,d000320_300_003,2026-02-02 08:31,13,green,3.45694172639,11.352162475,3.11367125906,3.23283369703,3.0820358401,0.22410802936,8.27012663492,23,13,13,138862.592017,False
3,cross-frame,d000220_300_022,2025-09-30 15:32,d000220_300_021,2025-09-27 15:31,14,red,2.63157941067,5.89265949372,2.4897933201,2.44789914834,2.03912393128,0.183680262331,3.85353556244,23,13,13,144209.724291,False
3,same-image,d000220_300_022,2025-09-30 15:32,d000220_300_022,2025-09-30 15:32,14,red,2.23493270875,5.63151805251,2.08725508511,2.02054580752,0.924902002563,0.214386901232,4.70661604995,23,13,13,144209.724291,False
3,cross-frame,d000220_300_022,2025-09-30 15:32,d000220_300_038,2025-09-30 15:46,14,red,2.1186400308,5.63012023234,1.96596697856,1.91130808002,1.06337742009,0.207331950784,4.56674281225,23,13,13,144209.724291,False
3,cross-frame,d000220_300_022,2025-09-30 15:32,d000320_300_003,2026-02-02 08:31,14,red,3.31847697097,6.5628989519,3.17741514572,3.23283369703,3.0074001271,0.085643273944,3.55549882481,23,13,13,144209.724291,False
3,cross-frame,d000220_300_022,2025-09-30 15:32,d000220_300_021,2025-09-27 15:31,15,yellow,2.38471286746,4.12398138832,2.30909249699,2.44789914834,2.3572364738,-0.0631862808764,1.76674491452,23,13,13,94496.0460317,False
3,same-image,d000220_300_022,2025-09-30 15:32,d000220_300_022,2025-09-30 15:32,15,yellow,1.93698760782,4.41775029097,1.82912836072,2.02054580752,1.59653954333,-0.0835581997045,2.82121074765,23,13,13,94496.0460317,False
3,cross-frame,d000220_300_022,2025-09-30 15:32,d000220_300_038,2025-09-30 15:46,15,yellow,1.85718341278,4.43063095917,1.74529438902,1.91130808002,2.34285503452,-0.0541246672428,2.08777592466,23,13,13,94496.0460317,False
3,cross-frame,d000220_300_022,2025-09-30 15:32,d000320_300_003,2026-02-02 08:31,15,yellow,3.21158402114,8.71748121101,2.9721971868,3.23283369703,5.01697303823,-0.0212496758895,3.70050817278,23,13,13,94496.0460317,False
3,cross-frame,d000220_300_022,2025-09-30 15:32,d000220_300_021,2025-09-27 15:31,16,magenta,2.64467890413,8.92349749218,2.37168679161,2.44789914834,1.13634866281,0.196779755793,7.78714882937,23,13,13,97699.0318011,False
3,same-image,d000220_300_022,2025-09-30 15:32,d000220_300_022,2025-09-30 15:32,16,magenta,2.32118219077,9.41889867091,2.01258582206,2.02054580752,0.555005361234,0.300636383244,8.86389330968,23,13,13,97699.0318011,False
3,cross-frame,d000220_300_022,2025-09-30 15:32,d000220_300_038,2025-09-30 15:46,16,magenta,2.16382190402,9.29231468944,1.85388743508,1.91130808002,0.666626590211,0.252513823997,8.62568809923,23,13,13,97699.0318011,False
3,cross-frame,d000220_300_022,2025-09-30 15:32,d000320_300_003,2026-02-02 08:31,16,magenta,3.74449783238,13.1551165219,3.33534049805,3.23283369703,2.95973143624,0.51166413535,10.1953850857,23,13,13,97699.0318011,False
3,cross-frame,d000220_300_022,2025-09-30 15:32,d000220_300_021,2025-09-27 15:31,17,cyan,3.01965360516,16.2961397508,2.44241507708,2.44789914834,4.23803837201,0.57175445682,12.0581013788,23,13,13,117082.82224,False
3,same-image,d000220_300_022,2025-09-30 15:32,d000220_300_022,2025-09-30 15:32,17,cyan,2.56243789095,16.5767593968,1.95311956461,2.02054580752,3.7564677258,0.541892083433,12.820291671,23,13,13,117082.82224,False
3,cross-frame,d000220_300_022,2025-09-30 15:32,d000220_300_038,2025-09-30 15:46,17,cyan,2.518716938,16.7044137781,1.90194751017,1.91130808002,3.7003039331,0.607408857979,13.004109845,23,13,13,117082.82224,False
3,cross-frame,d000220_300_022,2025-09-30 15:32,d000320_300_003,2026-02-02 08:31,17,cyan,3.80814521462,13.4664769309,3.38821774869,3.23283369703,7.0981760027,0.575311517588,6.36830092823,23,13,13,117082.82224,False
3,cross-frame,d000220_300_022,2025-09-30 15:32,d000220_300_021,2025-09-27 15:31,18,white 9.5 (.05 D),2.43472402767,3.61838735962,2.38326040455,2.44789914834,3.51114556134,-0.0131751206633,0.107241798273,23,13,13,77166.0422309,False
3,same-image,d000220_300_022,2025-09-30 15:32,d000220_300_022,2025-09-30 15:32,18,white 9.5 (.05 D),1.99459270871,2.08171710214,1.99080469161,2.02054580752,2.02190098734,-0.0259530988079,0.0598161147969,23,13,13,77166.0422309,False
3,cross-frame,d000220_300_022,2025-09-30 15:32,d000220_300_038,2025-09-30 15:46,18,white 9.5 (.05 D),1.87209983167,1.26525430054,1.89848441998,1.91130808002,1.34613237022,-0.0392082483472,-0.0808780696812,23,13,13,77166.0422309,False
3,cross-frame,d000220_300_022,2025-09-30 15:32,d000320_300_003,2026-02-02 08:31,18,white 9.5 (.05 D),3.26448919507,4.31193635708,3.21894801411,3.23283369703,4.31193635708,0.0316554980413,5.3290705182e-15,23,13,13,77166.0422309,False
3,cross-frame,d000220_300_022,2025-09-30 15:32,d000220_300_021,2025-09-27 15:31,19,neutral 8 (.23 D),2.450927568,3.51123145531,2.40482739899,2.44789914834,3.43316769125,0.00302841966482,0.0780637640566,23,13,13,90080.284103,False
3,same-image,d000220_300_022,2025-09-30 15:32,d000220_300_022,2025-09-30 15:32,19,neutral 8 (.23 D),2.03904779557,2.55204004451,2.01674378474,2.02054580752,2.35835297878,0.0185019880445,0.193687065732,23,13,13,90080.284103,False
3,cross-frame,d000220_300_022,2025-09-30 15:32,d000220_300_038,2025-09-30 15:46,19,neutral 8 (.23 D),1.94862536488,2.5460742892,1.92264932469,1.91130808002,2.29112361534,0.037317284859,0.25495067386,23,13,13,90080.284103,False
3,cross-frame,d000220_300_022,2025-09-30 15:32,d000320_300_003,2026-02-02 08:31,19,neutral 8 (.23 D),3.22626628546,3.5786161703,3.21094672525,3.23283369703,3.61849638438,-0.0065674115676,-0.0398802140803,23,13,13,90080.284103,False
3,cross-frame,d000220_300_022,2025-09-30 15:32,d000220_300_021,2025-09-27 15:31,20,neutral 6.5 (.44 D),2.4447247106,2.84279358846,2.42741736808,2.44789914834,2.85507755101,-0.00317443774001,-0.0122839625495,23,13,13,94873.7385635,False
3,same-image,d000220_300_022,2025-09-30 15:32,d000220_300_022,2025-09-30 15:32,20,neutral 6.5 (.44 D),2.01372770901,2.21461255162,2.00499358542,2.02054580752,2.24019573086,-0.00681809851022,-0.0255831792409,23,13,13,94873.7385635,False
3,cross-frame,d000220_300_022,2025-09-30 15:32,d000220_300_038,2025-09-30 15:46,20,neutral 6.5 (.44 D),1.89916709125,1.34422948592,1.92329481322,1.91130808002,1.40617847486,-0.0121409887656,-0.0619489889441,23,13,13,94873.7385635,False
3,cross-frame,d000220_300_022,2025-09-30 15:32,d000320_300_003,2026-02-02 08:31,20,neutral 6.5 (.44 D),3.2322248753,3.8709419345,3.20445456838,3.23283369703,3.86607779913,-0.000608821725727,0.00486413537424,23,13,13,94873.7385635,False
3,cross-frame,d000220_300_022,2025-09-30 15:32,d000220_300_021,2025-09-27 15:31,21,neutral 5 (.70 D),2.4453483099,3.27196420002,2.40940848859,2.44789914834,3.28341465303,-0.00255083843496,-0.0114504530043,23,13,13,97321.6654814,False
3,same-image,d000220_300_022,2025-09-30 15:32,d000220_300_022,2025-09-30 15:32,21,neutral 5 (.70 D),2.01838799309,2.3507549832,2.00393725439,2.02054580752,2.35660690213,-0.00215781442717,-0.00585191893285,23,13,13,97321.6654814,False
3,cross-frame,d000220_300_022,2025-09-30 15:32,d000220_300_038,2025-09-30 15:46,21,neutral 5 (.70 D),1.90986972034,2.05722788262,1.90346284372,1.91130808002,2.06915983974,-0.00143835968081,-0.0119319571156,23,13,13,97321.6654814,False
3,cross-frame,d000220_300_022,2025-09-30 15:32,d000320_300_003,2026-02-02 08:31,21,neutral 5 (.70 D),3.23030261184,3.22999764417,3.2303158713,3.23283369703,3.23955902165,-0.00253108518878,-0.00956137748646,23,13,13,97321.6654814,False
3,cross-frame,d000220_300_022,2025-09-30 15:32,d000220_300_021,2025-09-27 15:31,22,neutral 3.5 (1.05 D),2.445775907,1.60399063282,2.48237526675,2.44789914834,1.60755578341,-0.00212324133395,-0.00356515059008,23,13,13,98010.6939955,False
3,same-image,d000220_300_022,2025-09-30 15:32,d000220_300_022,2025-09-30 15:32,22,neutral 3.5 (1.05 D),2.01844826785,1.00560330552,2.06248500534,2.02054580752,1.00895780978,-0.00209753967164,-0.00335450426202,23,13,13,98010.6939955,False
3,cross-frame,d000220_300_022,2025-09-30 15:32,d000220_300_038,2025-09-30 15:46,22,neutral 3.5 (1.05 D),1.90953016594,0.920358249001,1.95253764059,1.91130808002,0.921526494952,-0.00177791408291,-0.00116824595053,23,13,13,98010.6939955,False
3,cross-frame,d000220_300_022,2025-09-30 15:32,d000320_300_003,2026-02-02 08:31,22,neutral 3.5 (1.05 D),3.23180356997,2.40021004382,3.26795981023,3.23283369703,2.40041603904,-0.0010301270627,-0.000205995216124,23,13,13,98010.6939955,False
3,cross-frame,d000220_300_022,2025-09-30 15:32,d000220_300_021,2025-09-27 15:31,23,black 2 (1.5 D),2.4473763253,3.02187447089,2.42239814506,2.44789914834,3.01975010995,-0.000522823034791,0.00212436093074,23,13,13,98184.7043003,False
3,same-image,d000220_300_022,2025-09-30 15:32,d000220_300_022,2025-09-30 15:32,23,black 2 (1.5 D),2.02011752776,3.23021992766,1.96750437994,2.02054580752,3.22802151684,-0.000428279762434,0.00219841081906,23,13,13,98184.7043003,False
3,cross-frame,d000220_300_022,2025-09-30 15:32,d000220_300_038,2025-09-30 15:46,23,black 2 (1.5 D),1.91085825458,1.20038129299,1.94174855725,1.91130808002,1.19874142243,-0.000449825443351,0.00163987056271,23,13,13,98184.7043003,False
3,cross-frame,d000220_300_022,2025-09-30 15:32,d000320_300_003,2026-02-02 08:31,23,black 2 (1.5 D),3.2325528055,2.05265637115,3.28385265047,3.23283369703,2.05268338549,-0.000280891526324,-2.70143368302e-05,23,13,13,98184.7043003,False
3,cross-frame,d000220_300_038,2025-09-30 15:46,d000220_300_021,2025-09-27 15:31,0,dark skin,2.51144960081,1.34258105272,2.56226997247,2.51039430583,1.21999995415,0.00105529497965,0.122581098575,23,13,13,88992.1351349,False
3,cross-frame,d000220_300_038,2025-09-30 15:46,d000220_300_022,2025-09-30 15:32,0,dark skin,2.12648886088,2.23390421921,2.12181862791,2.12545432037,2.09228070929,0.0010345405129,0.141623509926,23,13,13,88992.1351349,False
3,same-image,d000220_300_038,2025-09-30 15:46,d000220_300_038,2025-09-30 15:46,0,dark skin,1.90925100423,1.84489193449,1.91204922465,1.90640152942,1.69440231999,0.00284947480642,0.150489614498,23,13,13,88992.1351349,False
3,cross-frame,d000220_300_038,2025-09-30 15:46,d000320_300_003,2026-02-02 08:31,0,dark skin,3.15598351399,2.56538910925,3.18166153159,3.14133225682,2.47317206612,0.0146512571761,0.0922170431369,23,13,13,88992.1351349,False
3,cross-frame,d000220_300_038,2025-09-30 15:46,d000220_300_021,2025-09-27 15:31,1,light skin,2.640539459,4.31202903434,2.56786599921,2.51039430583,1.74870462486,0.130145153171,2.56332440949,23,13,13,91877.917254,False
3,cross-frame,d000220_300_038,2025-09-30 15:46,d000220_300_022,2025-09-30 15:32,1,light skin,2.19828446288,3.99576028493,2.12013334019,2.12545432037,0.995437728381,0.0728301425166,3.00032255655,23,13,13,91877.917254,False
3,same-image,d000220_300_038,2025-09-30 15:46,d000220_300_038,2025-09-30 15:46,1,light skin,2.01692825278,4.04227430476,1.92886972878,1.90640152942,0.832622115755,0.110526723361,3.209652189,23,13,13,91877.917254,False
3,cross-frame,d000220_300_038,2025-09-30 15:46,d000320_300_003,2026-02-02 08:31,1,light skin,3.37307473339,6.4486254799,3.23935513572,3.14133225682,3.28093071244,0.231742476573,3.16769476747,23,13,13,91877.917254,False
3,cross-frame,d000220_300_038,2025-09-30 15:46,d000220_300_021,2025-09-27 15:31,2,blue sky,2.56072775786,2.01450055969,2.58447676648,2.51039430583,1.36528712901,0.0503334520284,0.649213430682,23,13,13,88005.2371844,False
3,cross-frame,d000220_300_038,2025-09-30 15:46,d000220_300_022,2025-09-30 15:32,2,blue sky,2.1799955001,1.74910851593,2.19872971681,2.12545432037,1.0364506585,0.0545411797374,0.712657857432,23,13,13,88005.2371844,False
3,same-image,d000220_300_038,2025-09-30 15:46,d000220_300_038,2025-09-30 15:46,2,blue sky,1.95706711389,2.21050054137,1.94604826922,1.90640152942,1.35365309513,0.0506655844731,0.856847446235,23,13,13,88005.2371844,False
3,cross-frame,d000220_300_038,2025-09-30 15:46,d000320_300_003,2026-02-02 08:31,2,blue sky,3.25282704806,4.56773100608,3.19565731076,3.14133225682,3.7269294842,0.111494791244,0.840801521877,23,13,13,88005.2371844,False
3,cross-frame,d000220_300_038,2025-09-30 15:46,d000220_300_021,2025-09-27 15:31,3,foliage,2.56314288203,4.96063761973,2.4589039804,2.51039430583,3.69553443908,0.0527485762016,1.26510318064,23,13,13,89076.7019912,False
3,cross-frame,d000220_300_038,2025-09-30 15:46,d000220_300_022,2025-09-30 15:32,3,foliage,2.20808765374,5.34530463786,2.0716869153,2.12545432037,4.0823575983,0.0826333333733,1.26294703955,23,13,13,89076.7019912,False
3,same-image,d000220_300_038,2025-09-30 15:46,d000220_300_038,2025-09-30 15:46,3,foliage,1.9609710462,5.37357655686,1.81259689356,1.90640152942,4.09690047947,0.0545695167762,1.27667607739,23,13,13,89076.7019912,False
3,cross-frame,d000220_300_038,2025-09-30 15:46,d000320_300_003,2026-02-02 08:31,3,foliage,3.33258653832,6.22840425097,3.20668142038,3.14133225682,4.88536217134,0.191254281501,1.34304207963,23,13,13,89076.7019912,False
3,cross-frame,d000220_300_038,2025-09-30 15:46,d000220_300_021,2025-09-27 15:31,4,blue flower,2.57215603874,5.64502575473,2.43855300761,2.51039430583,3.69788390702,0.061761732911,1.94714184771,23,13,13,87585.8306654,False
3,cross-frame,d000220_300_038,2025-09-30 15:46,d000220_300_022,2025-09-30 15:32,4,blue flower,2.17592948919,5.45221617235,2.0334822421,2.12545432037,3.55072288904,0.0504751688278,1.90149328331,23,13,13,87585.8306654,False
3,same-image,d000220_300_038,2025-09-30 15:46,d000220_300_038,2025-09-30 15:46,4,blue flower,1.95737591704,4.9623147602,1.82672640212,1.90640152942,2.95547942804,0.0509743876188,2.00683533217,23,13,13,87585.8306654,False
3,cross-frame,d000220_300_038,2025-09-30 15:46,d000320_300_003,2026-02-02 08:31,4,blue flower,3.10222251232,3.5653894581,3.08208481902,3.14133225682,1.69620138104,-0.039109744503,1.86918807706,23,13,13,87585.8306654,False
3,cross-frame,d000220_300_038,2025-09-30 15:46,d000220_300_021,2025-09-27 15:31,5,bluish green,2.79459596433,6.72523728609,2.62369851555,2.51039430583,2.26930654972,0.284201658493,4.45593073637,23,13,13,90827.1778026,False
3,cross-frame,d000220_300_038,2025-09-30 15:46,d000220_300_022,2025-09-30 15:32,5,bluish green,2.42649829627,6.38021661751,2.2545974997,2.12545432037,1.77955087879,0.301043975907,4.60066573872,23,13,13,90827.1778026,False
3,same-image,d000220_300_038,2025-09-30 15:46,d000220_300_038,2025-09-30 15:46,5,bluish green,2.18060876047,5.73571229746,2.02603904147,1.90640152942,1.4440872639,0.274207231052,4.29162503355,23,13,13,90827.1778026,False
3,cross-frame,d000220_300_038,2025-09-30 15:46,d000320_300_003,2026-02-02 08:31,5,bluish green,3.33292468353,5.55391599248,3.23635984401,3.14133225682,1.7433811781,0.191592426715,3.81053481438,23,13,13,90827.1778026,False
3,cross-frame,d000220_300_038,2025-09-30 15:46,d000220_300_021,2025-09-27 15:31,6,orange,2.8113707927,6.35940531815,2.65710842203,2.51039430583,2.10611323655,0.300976486869,4.2532920816,23,13,13,184452.949804,False
3,cross-frame,d000220_300_038,2025-09-30 15:46,d000220_300_022,2025-09-30 15:32,6,orange,2.35122519612,6.23434032099,2.18239410373,2.12545432037,1.1762931009,0.225770875749,5.0580472201,23,13,13,184452.949804,False
3,same-image,d000220_300_038,2025-09-30 15:46,d000220_300_038,2025-09-30 15:46,6,orange,2.12158689904,5.87508463637,1.95839134524,1.90640152942,1.43518463793,0.21518536962,4.43989999844,23,13,13,184452.949804,False
3,cross-frame,d000220_300_038,2025-09-30 15:46,d000320_300_003,2026-02-02 08:31,6,orange,3.46422275325,7.93752977171,3.26973114375,3.14133225682,3.5096152706,0.322890496431,4.42791450112,23,13,13,184452.949804,False
3,cross-frame,d000220_300_038,2025-09-30 15:46,d000220_300_021,2025-09-27 15:31,7,purplish blue,2.55566686553,6.22003778151,2.39634639093,2.51039430583,2.82696346044,0.0452725597006,3.39307432107,23,13,13,92074.0209765,False
3,cross-frame,d000220_300_038,2025-09-30 15:46,d000220_300_022,2025-09-30 15:32,7,purplish blue,2.21141045979,6.39743364697,2.02940945165,2.12545432037,2.99058997812,0.0859561394206,3.40684366885,23,13,13,92074.0209765,False
3,same-image,d000220_300_038,2025-09-30 15:46,d000220_300_038,2025-09-30 15:46,7,purplish blue,2.03893332444,6.27385789249,1.85480616931,1.90640152942,2.8749929636,0.13253179502,3.39886492889,23,13,13,92074.0209765,False
3,cross-frame,d000220_300_038,2025-09-30 15:46,d000320_300_003,2026-02-02 08:31,7,purplish blue,3.37207462715,8.70168828295,3.14035229429,3.14133225682,4.99233459916,0.230742370335,3.70935368379,23,13,13,92074.0209765,False
3,cross-frame,d000220_300_038,2025-09-30 15:46,d000220_300_021,2025-09-27 15:31,8,moderate red,2.61850657345,4.07491713957,2.55518437492,2.51039430583,2.70738781416,0.108112267618,1.36752932541,23,13,13,94947.6940575,False
3,cross-frame,d000220_300_038,2025-09-30 15:46,d000220_300_022,2025-09-30 15:32,8,moderate red,2.25403644877,3.45784840703,2.20169679841,2.12545432037,1.99811839683,0.128582128405,1.4597300102,23,13,13,94947.6940575,False
3,same-image,d000220_300_038,2025-09-30 15:46,d000220_300_038,2025-09-30 15:46,8,moderate red,2.02735760685,3.88866639514,1.94643113779,1.90640152942,2.35345288614,0.120956077425,1.535213509,23,13,13,94947.6940575,False
3,cross-frame,d000220_300_038,2025-09-30 15:46,d000320_300_003,2026-02-02 08:31,8,moderate red,3.07519958785,1.11086656741,3.16060537135,3.14133225682,0.839605781108,-0.066132668971,0.271260786302,23,13,13,94947.6940575,False
3,cross-frame,d000220_300_038,2025-09-30 15:46,d000220_300_021,2025-09-27 15:31,9,purple,2.51382076332,2.58992237841,2.51051199745,2.51039430583,2.36855686688,0.0034264574862,0.221365511533,23,13,13,88662.1994508,False
3,cross-frame,d000220_300_038,2025-09-30 15:46,d000220_300_022,2025-09-30 15:32,9,purple,2.13502032739,2.63969251777,2.11307805824,2.12545432037,2.41634415622,0.00956600702323,0.223348361553,23,13,13,88662.1994508,False
3,same-image,d000220_300_038,2025-09-30 15:46,d000220_300_038,2025-09-30 15:46,9,purple,1.92104493815,2.93839710921,1.87681223506,1.90640152942,2.71037119421,0.0146434087264,0.228025915,23,13,13,88662.1994508,False
3,cross-frame,d000220_300_038,2025-09-30 15:46,d000320_300_003,2026-02-02 08:31,9,purple,3.1322479206,1.86861772721,3.18718836379,3.14133225682,1.75313124021,-0.00908433622044,0.115486486999,23,13,13,88662.1994508,False
3,cross-frame,d000220_300_038,2025-09-30 15:46,d000220_300_021,2025-09-27 15:31,10,yellow green,2.64745048252,9.07389975772,2.36803964447,2.51039430583,1.67499538689,0.137056176686,7.39890437083,23,13,13,108576.641201,False
3,cross-frame,d000220_300_038,2025-09-30 15:46,d000220_300_022,2025-09-30 15:32,10,yellow green,2.29692938712,9.29303623471,1.99275082853,2.12545432037,1.69861592644,0.171475066751,7.59442030827,23,13,13,108576.641201,False
3,same-image,d000220_300_038,2025-09-30 15:46,d000220_300_038,2025-09-30 15:46,10,yellow green,2.08437320986,9.49758409391,1.76205969316,1.90640152942,1.84661870242,0.177971680435,7.65096539149,23,13,13,108576.641201,False
3,cross-frame,d000220_300_038,2025-09-30 15:46,d000320_300_003,2026-02-02 08:31,10,yellow green,3.02651923754,5.89121424434,2.90196728072,3.14133225682,2.11781007883,-0.114813019279,3.77340416551,23,13,13,108576.641201,False
3,cross-frame,d000220_300_038,2025-09-30 15:46,d000220_300_021,2025-09-27 15:31,11,orange yellow,2.7625201641,6.65355201145,2.59334486639,2.51039430583,2.68698724777,0.25212585827,3.96656476368,23,13,13,110117.691003,False
3,cross-frame,d000220_300_038,2025-09-30 15:46,d000220_300_022,2025-09-30 15:32,11,orange yellow,2.2816971163,5.75696346838,2.13059857925,2.12545432037,2.3526592888,0.15624279593,3.40430417958,23,13,13,110117.691003,False
3,same-image,d000220_300_038,2025-09-30 15:46,d000220_300_038,2025-09-30 15:46,11,orange yellow,2.11527282661,6.47859111347,1.92556333588,1.90640152942,2.55912738366,0.20887129719,3.91946372981,23,13,13,110117.691003,False
3,cross-frame,d000220_300_038,2025-09-30 15:46,d000320_300_003,2026-02-02 08:31,11,orange yellow,3.0659050195,4.20266677644,3.01648059528,3.14133225682,2.51892283826,-0.0754272373237,1.68374393818,23,13,13,110117.691003,False
3,cross-frame,d000220_300_038,2025-09-30 15:46,d000220_300_021,2025-09-27 15:31,12,blue,2.88254597709,13.8578319957,2.40535962845,2.51039430583,2.61579586585,0.372151671258,11.2420361299,23,13,13,92951.3663389,False
3,cross-frame,d000220_300_038,2025-09-30 15:46,d000220_300_022,2025-09-30 15:32,12,blue,2.49921153644,13.9052644596,2.00329619195,2.12545432037,3.10084362992,0.373757216071,10.8044208297,23,13,13,92951.3663389,False
3,same-image,d000220_300_038,2025-09-30 15:46,d000220_300_038,2025-09-30 15:46,12,blue,2.33503319113,13.8081077746,1.83620386141,1.90640152942,1.64202539275,0.428631661707,12.1660823818,23,13,13,92951.3663389,False
3,cross-frame,d000220_300_038,2025-09-30 15:46,d000320_300_003,2026-02-02 08:31,12,blue,3.55006425217,13.4547069004,3.1194276153,3.14133225682,3.10345726864,0.408731995355,10.3512496317,23,13,13,92951.3663389,False
3,cross-frame,d000220_300_038,2025-09-30 15:46,d000220_300_021,2025-09-27 15:31,13,green,2.67383729471,6.27747021588,2.51715760248,2.51039430583,2.09445069601,0.163442988876,4.18301951988,23,13,13,128137.958122,False
3,cross-frame,d000220_300_038,2025-09-30 15:46,d000220_300_022,2025-09-30 15:32,13,green,2.3803062209,7.13511550101,2.17357538264,2.12545432037,1.45734948862,0.254851900536,5.67776601238,23,13,13,128137.958122,False
3,same-image,d000220_300_038,2025-09-30 15:46,d000220_300_038,2025-09-30 15:46,13,green,2.14429021576,7.08950849431,1.92928072539,1.90640152942,1.4182045275,0.23788868634,5.67130396681,23,13,13,128137.958122,False
3,cross-frame,d000220_300_038,2025-09-30 15:46,d000320_300_003,2026-02-02 08:31,13,green,3.33825991852,9.40881211755,3.07432286639,3.14133225682,2.8699790071,0.196927661701,6.53883311045,23,13,13,128137.958122,False
3,cross-frame,d000220_300_038,2025-09-30 15:46,d000220_300_021,2025-09-27 15:31,14,red,2.68816495602,3.63922117574,2.6468146856,2.51039430583,1.49010194713,0.177770650187,2.1491192286,23,13,13,138656.745127,False
3,cross-frame,d000220_300_038,2025-09-30 15:46,d000220_300_022,2025-09-30 15:32,14,red,2.34352935188,3.49335855294,2.29353677793,2.12545432037,0.521582759108,0.218075031517,2.97177579383,23,13,13,138656.745127,False
3,same-image,d000220_300_038,2025-09-30 15:46,d000220_300_038,2025-09-30 15:46,14,red,2.10628504158,3.49259453235,2.0460107159,1.90640152942,0.656360008655,0.199883512161,2.83623452369,23,13,13,138656.745127,False
3,cross-frame,d000220_300_038,2025-09-30 15:46,d000320_300_003,2026-02-02 08:31,14,red,3.30306474979,5.82660822699,3.19334546818,3.14133225682,3.02285938678,0.161732492974,2.80374884022,23,13,13,138656.745127,False
3,cross-frame,d000220_300_038,2025-09-30 15:46,d000220_300_021,2025-09-27 15:31,15,yellow,2.46150102399,3.72227920228,2.40668458146,2.51039430583,1.58014541056,-0.0488932818389,2.14213379172,23,13,13,86472.0233871,False
3,cross-frame,d000220_300_038,2025-09-30 15:46,d000220_300_022,2025-09-30 15:32,15,yellow,2.0392309133,4.53558379135,1.93069383165,2.12545432037,1.00633855607,-0.0862234070646,3.52924523528,23,13,13,86472.0233871,False
3,same-image,d000220_300_038,2025-09-30 15:46,d000220_300_038,2025-09-30 15:46,15,yellow,1.86779582933,4.30759940344,1.76171741306,1.90640152942,1.26111483517,-0.0386057000958,3.04648456827,23,13,13,86472.0233871,False
3,cross-frame,d000220_300_038,2025-09-30 15:46,d000320_300_003,2026-02-02 08:31,15,yellow,3.00508058289,8.37304064826,2.77169101483,3.14133225682,5.13150886039,-0.136251673926,3.24153178787,23,13,13,86472.0233871,False
3,cross-frame,d000220_300_038,2025-09-30 15:46,d000220_300_021,2025-09-27 15:31,16,magenta,2.81149558302,9.74246546611,2.51014906636,2.51039430583,1.0180488848,0.301101277183,8.72441658132,23,13,13,89175.4277629,False
3,cross-frame,d000220_300_038,2025-09-30 15:46,d000220_300_022,2025-09-30 15:32,16,magenta,2.52527238794,10.1476894796,2.19386294918,2.12545432037,0.446118554646,0.399818067577,9.70157092495,23,13,13,89175.4277629,False
3,same-image,d000220_300_038,2025-09-30 15:46,d000220_300_038,2025-09-30 15:46,16,magenta,2.22951531588,10.0033748309,1.89152142392,1.90640152942,0.538604602255,0.32311378646,9.46477022869,23,13,13,89175.4277629,False
3,cross-frame,d000220_300_038,2025-09-30 15:46,d000320_300_003,2026-02-02 08:31,16,magenta,3.70989986741,13.5530893135,3.28193510888,3.14133225682,3.18345978204,0.568567610589,10.3696295314,23,13,13,89175.4277629,False
3,cross-frame,d000220_300_038,2025-09-30 15:46,d000220_300_021,2025-09-27 15:31,17,cyan,3.91949828209,40.3683628195,2.33476504134,2.51039430583,4.38054598788,1.40910397626,35.9878168316,23,13,13,93234.5499102,False
3,cross-frame,d000220_300_038,2025-09-30 15:46,d000220_300_022,2025-09-30 15:32,17,cyan,3.65499140542,41.6940634891,2.00111870613,2.12545432037,3.91770657519,1.52953708505,37.7763569139,23,13,13,93234.5499102,False
3,same-image,d000220_300_038,2025-09-30 15:46,d000220_300_038,2025-09-30 15:46,17,cyan,3.39381026146,41.8316913976,1.72259803815,1.90640152942,3.88360552914,1.48740873204,37.9480858685,23,13,13,93234.5499102,False
3,cross-frame,d000220_300_038,2025-09-30 15:46,d000320_300_003,2026-02-02 08:31,17,cyan,4.70111159546,37.3339014647,3.28229464462,3.14133225682,6.86458545813,1.55977933864,30.4693160066,23,13,13,93234.5499102,False
3,cross-frame,d000220_300_038,2025-09-30 15:46,d000220_300_021,2025-09-27 15:31,18,white 9.5 (.05 D),2.5007371749,3.61296339585,2.45237951312,2.51039430583,3.57169640455,-0.00965713093414,0.0412669912998,23,13,13,69439.7403339,False
3,cross-frame,d000220_300_038,2025-09-30 15:46,d000220_300_022,2025-09-30 15:32,18,white 9.5 (.05 D),2.10790618315,2.1604408737,2.10562206617,2.12545432037,2.13994451567,-0.0175481372168,0.0204963580268,23,13,13,69439.7403339,False
3,same-image,d000220_300_038,2025-09-30 15:46,d000220_300_038,2025-09-30 15:46,18,white 9.5 (.05 D),1.86970114448,1.22903628466,1.89755613839,1.90640152942,1.37493149357,-0.0367003849412,-0.145895208912,23,13,13,69439.7403339,False
3,cross-frame,d000220_300_038,2025-09-30 15:46,d000320_300_003,2026-02-02 08:31,18,white 9.5 (.05 D),3.16012844685,4.30909562503,3.11017335214,3.14133225682,4.29081632577,0.0187961900287,0.0182792992628,23,13,13,69439.7403339,False
3,cross-frame,d000220_300_038,2025-09-30 15:46,d000220_300_021,2025-09-27 15:31,19,neutral 8 (.23 D),2.51086890029,3.64552580732,2.46153599129,2.51039430583,3.57171861907,0.000474594455723,0.0738071882542,23,13,13,81039.9226274,False
3,cross-frame,d000220_300_038,2025-09-30 15:46,d000220_300_022,2025-09-30 15:32,19,neutral 8 (.23 D),2.1428005648,2.77410064901,2.11535273505,2.12545432037,2.55589693305,0.0173462444351,0.218203715966,23,13,13,81039.9226274,False
3,same-image,d000220_300_038,2025-09-30 15:46,d000220_300_038,2025-09-30 15:46,19,neutral 8 (.23 D),1.94836149491,2.7389318513,1.91398887072,1.90640152942,2.43752241148,0.0419599654878,0.301409439823,23,13,13,81039.9226274,False
3,cross-frame,d000220_300_038,2025-09-30 15:46,d000320_300_003,2026-02-02 08:31,19,neutral 8 (.23 D),3.12713999149,3.07805856793,3.12927396643,3.14133225682,3.15707915322,-0.0141922653276,-0.07902058529,23,13,13,81039.9226274,False
3,cross-frame,d000220_300_038,2025-09-30 15:46,d000220_300_021,2025-09-27 15:31,20,neutral 6.5 (.44 D),2.50805522013,3.08190669556,2.48310515598,2.51039430583,3.09121709262,-0.00233908570515,-0.00931039706504,23,13,13,85620.8705644,False
3,cross-frame,d000220_300_038,2025-09-30 15:46,d000220_300_022,2025-09-30 15:32,20,neutral 6.5 (.44 D),2.12296406822,2.43362558486,2.10945704576,2.12545432037,2.44365034755,-0.00249025214675,-0.0100247626913,23,13,13,85620.8705644,False
3,same-image,d000220_300_038,2025-09-30 15:46,d000220_300_038,2025-09-30 15:46,20,neutral 6.5 (.44 D),1.90401496972,1.64775966459,1.91515650473,1.90640152942,1.65868435317,-0.00238655970194,-0.0109246885792,23,13,13,85620.8705644,False
3,cross-frame,d000220_300_038,2025-09-30 15:46,d000320_300_003,2026-02-02 08:31,20,neutral 6.5 (.44 D),3.1412081805,3.43297966704,3.1285224637,3.14133225682,3.42817482374,-0.000124076317593,0.00480484330166,23,13,13,85620.8705644,False
3,cross-frame,d000220_300_038,2025-09-30 15:46,d000220_300_021,2025-09-27 15:31,21,neutral 5 (.70 D),2.51244278897,3.52850232433,2.46826628743,2.51039430583,3.5193353673,0.0020484831384,0.00916695702953,23,13,13,87795.9970176,False
3,cross-frame,d000220_300_038,2025-09-30 15:46,d000220_300_022,2025-09-30 15:32,21,neutral 5 (.70 D),2.12694460605,2.67430640854,2.10314626681,2.12545432037,2.67074628478,0.0014902856862,0.00356012375727,23,13,13,87795.9970176,False
3,same-image,d000220_300_038,2025-09-30 15:46,d000220_300_038,2025-09-30 15:46,21,neutral 5 (.70 D),1.90707684198,2.29706658873,1.89012076603,1.90640152942,2.28811934129,0.000675312554151,0.00894724744269,23,13,13,87795.9970176,False
3,cross-frame,d000220_300_038,2025-09-30 15:46,d000320_300_003,2026-02-02 08:31,21,neutral 5 (.70 D),3.14430751168,2.83100278974,3.15792945611,3.14133225682,2.81999436579,0.00297525485776,0.0110084239544,23,13,13,87795.9970176,False
3,cross-frame,d000220_300_038,2025-09-30 15:46,d000220_300_021,2025-09-27 15:31,22,neutral 3.5 (1.05 D),2.50860842716,1.82971828593,2.53812538982,2.51039430583,1.83243790968,-0.00178587867011,-0.00271962375482,23,13,13,88414.2903032,False
3,cross-frame,d000220_300_038,2025-09-30 15:46,d000220_300_022,2025-09-30 15:32,22,neutral 3.5 (1.05 D),2.12374201948,1.26290156916,2.16116986514,2.12545432037,1.2649193628,-0.00171230089139,-0.00201779364344,23,13,13,88414.2903032,False
3,same-image,d000220_300_038,2025-09-30 15:46,d000220_300_038,2025-09-30 15:46,22,neutral 3.5 (1.05 D),1.90496367029,1.17301781776,1.93678740301,1.90640152942,1.17318214722,-0.00143785913092,-0.00016432946637,23,13,13,88414.2903032,False
3,cross-frame,d000220_300_038,2025-09-30 15:46,d000320_300_003,2026-02-02 08:31,22,neutral 3.5 (1.05 D),3.14037661259,2.10495028543,3.18539514855,3.14133225682,2.10659197224,-0.000955644231123,-0.00164168681071,23,13,13,88414.2903032,False
3,cross-frame,d000220_300_038,2025-09-30 15:46,d000220_300_021,2025-09-27 15:31,23,black 2 (1.5 D),2.51020666596,3.11562130316,2.48388429043,2.51039430583,3.11624853802,-0.000187639869481,-0.000627234854687,23,13,13,88576.5648243,False
3,cross-frame,d000220_300_038,2025-09-30 15:46,d000220_300_022,2025-09-30 15:32,23,black 2 (1.5 D),2.12524162009,3.31579963846,2.07347822799,2.12545432037,3.31638537178,-0.000212700274375,-0.000585733316534,23,13,13,88576.5648243,False
3,same-image,d000220_300_038,2025-09-30 15:46,d000220_300_038,2025-09-30 15:46,23,black 2 (1.5 D),1.90613026851,1.26368031595,1.93406287514,1.90640152942,1.2643895937,-0.000271260910383,-0.000709277751183,23,13,13,88576.5648243,False
3,cross-frame,d000220_300_038,2025-09-30 15:46,d000320_300_003,2026-02-02 08:31,23,black 2 (1.5 D),3.14155373414,1.87674114193,3.19654558597,3.14133225682,1.87607095841,0.000221477318619,0.000670183520295,23,13,13,88576.5648243,False
3,cross-frame,d000320_300_003,2026-02-02 08:31,d000220_300_021,2025-09-27 15:31,0,dark skin,4.9025596286,3.15217345198,4.9786633754,4.90310345769,3.09254617612,-0.000543829093258,0.0596272758634,23,13,13,92939.2267304,False
3,cross-frame,d000320_300_003,2026-02-02 08:31,d000220_300_022,2025-09-30 15:32,0,dark skin,4.7805263869,3.96525116742,4.81597313557,4.77693522096,3.89107862618,0.00359116594411,0.0741725412323,23,13,13,92939.2267304,False
3,cross-frame,d000320_300_003,2026-02-02 08:31,d000220_300_038,2025-09-30 15:46,0,dark skin,4.54898927154,3.4138522888,4.5983430534,4.54715647868,3.3361635816,0.00183279285887,0.0776887072062,23,13,13,92939.2267304,False
3,same-image,d000320_300_003,2026-02-02 08:31,d000320_300_003,2026-02-02 08:31,0,dark skin,2.02355414946,1.89352314991,2.02920767118,2.0197716122,1.76291312728,0.00378253726533,0.130610022625,23,13,13,92939.2267304,False
3,cross-frame,d000320_300_003,2026-02-02 08:31,d000220_300_021,2025-09-27 15:31,1,light skin,4.8156048034,3.52473854929,4.87172942314,4.90310345769,3.87585939546,-0.0874986542889,-0.35112084617,23,13,13,95008.5553944,False
3,cross-frame,d000320_300_003,2026-02-02 08:31,d000220_300_022,2025-09-30 15:32,1,light skin,4.66562180159,2.98600267515,4.73864872014,4.77693522096,3.64340636807,-0.111313419362,-0.657403692926,23,13,13,95008.5553944,False
3,cross-frame,d000320_300_003,2026-02-02 08:31,d000220_300_038,2025-09-30 15:46,1,light skin,4.4488139751,2.75056313626,4.52265096809,4.54715647868,3.35131369418,-0.0983425035833,-0.600750557921,23,13,13,95008.5553944,False
3,same-image,d000320_300_003,2026-02-02 08:31,d000320_300_003,2026-02-02 08:31,1,light skin,2.0935117026,3.45430017427,2.03434698644,2.0197716122,0.798297926678,0.0737400904038,2.6560022476,23,13,13,95008.5553944,False
3,cross-frame,d000320_300_003,2026-02-02 08:31,d000220_300_021,2025-09-27 15:31,2,blue sky,4.87761733597,2.63871062837,4.97496110586,4.90310345769,3.08040008101,-0.0254861217218,-0.441689452635,23,13,13,92159.0293681,False
3,cross-frame,d000320_300_003,2026-02-02 08:31,d000220_300_022,2025-09-30 15:32,2,blue sky,4.75612776472,2.48643060662,4.85481024986,4.77693522096,2.96807780481,-0.0208074562359,-0.481647198191,23,13,13,92159.0293681,False
3,cross-frame,d000320_300_003,2026-02-02 08:31,d000220_300_038,2025-09-30 15:46,2,blue sky,4.51654562437,1.68935582322,4.63946692007,4.54715647868,2.18129264503,-0.0306108543136,-0.49193682181,23,13,13,92159.0293681,False
3,same-image,d000320_300_003,2026-02-02 08:31,d000320_300_003,2026-02-02 08:31,2,blue sky,2.04916751739,1.20261813978,2.08597401207,2.0197716122,0.779971491538,0.0293959051898,0.422646648242,23,13,13,92159.0293681,False
3,cross-frame,d000320_300_003,2026-02-02 08:31,d000220_300_021,2025-09-27 15:31,3,foliage,4.97753534289,4.58385735986,4.99465177693,4.90310345769,3.73476919403,0.0744318852008,0.849088165833,23,13,13,93904.9060809,False
3,cross-frame,d000320_300_003,2026-02-02 08:31,d000220_300_022,2025-09-30 15:32,3,foliage,4.89460133161,4.84626787117,4.89670278641,4.77693522096,3.96312405924,0.117666110655,0.883143811929,23,13,13,93904.9060809,False
3,cross-frame,d000320_300_003,2026-02-02 08:31,d000220_300_038,2025-09-30 15:46,3,foliage,4.64763052894,4.6344457297,4.64820378108,4.54715647868,3.69930421481,0.100474050262,0.935141514891,23,13,13,93904.9060809,False
3,same-image,d000320_300_003,2026-02-02 08:31,d000320_300_003,2026-02-02 08:31,3,foliage,2.0769002895,4.65915980714,1.96462813655,2.0197716122,3.44571193469,0.0571286772982,1.21344787245,23,13,13,93904.9060809,False
3,cross-frame,d000320_300_003,2026-02-02 08:31,d000220_300_021,2025-09-27 15:31,4,blue flower,5.05701813142,9.84417409816,4.84888091548,4.90310345769,7.26858639007,0.153914673736,2.57558770809,23,13,13,91737.0694438,False
3,cross-frame,d000320_300_003,2026-02-02 08:31,d000220_300_022,2025-09-30 15:32,4,blue flower,4.93361977517,9.66657743605,4.7278390073,4.77693522096,7.16926501841,0.156684554209,2.49731241764,23,13,13,91737.0694438,False
3,cross-frame,d000320_300_003,2026-02-02 08:31,d000220_300_038,2025-09-30 15:46,4,blue flower,4.73559798115,9.13478515894,4.54432897342,4.54715647868,6.52518007009,0.188441502472,2.60960508885,23,13,13,91737.0694438,False
3,same-image,d000320_300_003,2026-02-02 08:31,d000320_300_003,2026-02-02 08:31,4,blue flower,2.15410770879,7.53002672282,1.92037209948,2.0197716122,4.58545968805,0.13433609659,2.94456703478,23,13,13,91737.0694438,False
3,cross-frame,d000320_300_003,2026-02-02 08:31,d000220_300_021,2025-09-27 15:31,5,bluish green,5.08051082963,7.66493475884,4.96814457184,4.90310345769,4.73704777163,0.177407371939,2.92788698721,23,13,13,96178.1063835,False
3,cross-frame,d000320_300_003,2026-02-02 08:31,d000220_300_022,2025-09-30 15:32,5,bluish green,4.90124261333,7.29684104778,4.79708615966,4.77693522096,4.40929728454,0.124307392375,2.88754376323,23,13,13,96178.1063835,False
3,cross-frame,d000320_300_003,2026-02-02 08:31,d000220_300_038,2025-09-30 15:46,5,bluish green,4.68195228147,6.74089163937,4.59243317895,4.54715647868,3.9916431582,0.134795802791,2.74924848117,23,13,13,96178.1063835,False
3,same-image,d000320_300_003,2026-02-02 08:31,d000320_300_003,2026-02-02 08:31,5,bluish green,2.23382586789,6.31886119381,2.05621563633,2.0197716122,3.38172612557,0.214054255695,2.93713506824,23,13,13,96178.1063835,False
3,cross-frame,d000320_300_003,2026-02-02 08:31,d000220_300_021,2025-09-27 15:31,6,orange,4.80412195281,4.04525242435,4.83711628014,4.90310345769,3.9251996627,-0.0989815048772,0.120052761655,23,13,13,184053.184164,False
3,cross-frame,d000320_300_003,2026-02-02 08:31,d000220_300_022,2025-09-30 15:32,6,orange,4.68165103259,4.12223226639,4.70597358764,4.77693522096,3.90320335323,-0.0952841883696,0.219028913158,23,13,13,184053.184164,False
3,cross-frame,d000320_300_003,2026-02-02 08:31,d000220_300_038,2025-09-30 15:46,6,orange,4.46335152346,3.71768609399,4.49577175953,4.54715647868,4.23733296764,-0.0838049552158,-0.519646873652,23,13,13,184053.184164,False
3,same-image,d000320_300_003,2026-02-02 08:31,d000320_300_003,2026-02-02 08:31,6,orange,2.24832877472,6.78380210468,2.05113428211,2.0197716122,1.39186490477,0.228557162517,5.39193719991,23,13,13,184053.184164,False
3,cross-frame,d000320_300_003,2026-02-02 08:31,d000220_300_021,2025-09-27 15:31,7,purplish blue,5.0078815928,7.43927194561,4.90216896877,4.90310345769,3.78875838003,0.104778135115,3.65051356558,23,13,13,99523.085743,False
3,cross-frame,d000320_300_003,2026-02-02 08:31,d000220_300_022,2025-09-30 15:32,7,purplish blue,4.93834894487,7.46949225794,4.8282992356,4.77693522096,3.72243075797,0.16141372391,3.74706149997,23,13,13,99523.085743,False
3,cross-frame,d000320_300_003,2026-02-02 08:31,d000220_300_038,2025-09-30 15:46,7,purplish blue,4.74467063647,7.37961115655,4.63010800516,4.54715647868,3.68963543357,0.197514157792,3.68997572298,23,13,13,99523.085743,False
3,same-image,d000320_300_003,2026-02-02 08:31,d000320_300_003,2026-02-02 08:31,7,purplish blue,2.19720434008,8.89156590818,1.90614514147,2.0197716122,3.66783338998,0.177432727881,5.22373251819,23,13,13,99523.085743,False
3,cross-frame,d000320_300_003,2026-02-02 08:31,d000220_300_021,2025-09-27 15:31,8,moderate red,5.03416083377,6.21793691971,4.9826923083,4.90310345769,5.13932228667,0.131057376085,1.07861463303,23,13,13,96748.3192953,False
3,cross-frame,d000320_300_003,2026-02-02 08:31,d000220_300_022,2025-09-30 15:32,8,moderate red,4.91871198893,5.68486727353,4.8854008896,4.77693522096,4.53430757218,0.141776767971,1.15055970135,23,13,13,96748.3192953,False
3,cross-frame,d000320_300_003,2026-02-02 08:31,d000220_300_038,2025-09-30 15:46,8,moderate red,4.69050908684,6.05080475584,4.63136579689,4.54715647868,4.86175196171,0.143352608162,1.18905279414,23,13,13,96748.3192953,False
3,same-image,d000320_300_003,2026-02-02 08:31,d000320_300_003,2026-02-02 08:31,8,moderate red,2.11825209723,3.31251098381,2.06632779781,2.0197716122,2.09146516139,0.0984804850296,1.22104582242,23,13,13,96748.3192953,False
3,cross-frame,d000320_300_003,2026-02-02 08:31,d000220_300_021,2025-09-27 15:31,9,purple,4.90756765911,4.41442504612,4.92900864228,4.90310345769,4.23609737735,0.00446420142255,0.178327668764,23,13,13,92962.8117725,False
3,cross-frame,d000320_300_003,2026-02-02 08:31,d000220_300_022,2025-09-30 15:32,9,purple,4.77958624175,4.46287770899,4.79335617795,4.77693522096,4.28290985049,0.00265102078922,0.179967858501,23,13,13,92962.8117725,False
3,cross-frame,d000320_300_003,2026-02-02 08:31,d000220_300_038,2025-09-30 15:46,9,purple,4.55226701619,4.71455808288,4.54521088286,4.54715647868,4.52776978255,0.00511053751121,0.186788300328,23,13,13,92962.8117725,False
3,same-image,d000320_300_003,2026-02-02 08:31,d000320_300_003,2026-02-02 08:31,9,purple,2.02875435013,2.69654970237,1.99971976959,2.0197716122,2.4559264627,0.00898273792743,0.24062323967,23,13,13,92962.8117725,False
3,cross-frame,d000320_300_003,2026-02-02 08:31,d000220_300_021,2025-09-27 15:31,10,yellow green,5.34030243507,14.7422516166,4.93152203587,4.90310345769,5.36690590527,0.437198977378,9.37534571136,23,13,13,123269.106704,False
3,cross-frame,d000320_300_003,2026-02-02 08:31,d000220_300_022,2025-09-30 15:32,10,yellow green,5.22914539981,15.2727502984,4.79246692596,4.77693522096,5.54761064042,0.452210178851,9.72513965798,23,13,13,123269.106704,False
3,cross-frame,d000320_300_003,2026-02-02 08:31,d000220_300_038,2025-09-30 15:46,10,yellow green,5.00868138082,15.3831495064,4.55761754927,4.54715647868,5.6319274418,0.461524902139,9.75122206465,23,13,13,123269.106704,False
3,same-image,d000320_300_003,2026-02-02 08:31,d000320_300_003,2026-02-02 08:31,10,yellow green,2.30377493417,11.254858654,1.91459738113,2.0197716122,1.72440390577,0.284003321967,9.53045474827,23,13,13,123269.106704,False
3,cross-frame,d000320_300_003,2026-02-02 08:31,d000220_300_021,2025-09-27 15:31,11,orange yellow,5.06654858548,10.1692368841,4.8446925725,4.90310345769,7.32672893598,0.163445127794,2.84250794812,23,13,13,108369.19989,False
3,cross-frame,d000320_300_003,2026-02-02 08:31,d000220_300_022,2025-09-30 15:32,11,orange yellow,4.85267226454,9.53315100057,4.64917318906,4.77693522096,7.45110935751,0.0757370435848,2.08204164305,23,13,13,108369.19989,False
3,cross-frame,d000320_300_003,2026-02-02 08:31,d000220_300_038,2025-09-30 15:46,11,orange yellow,4.66825913669,9.92545671248,4.43968532905,4.54715647868,7.10613900673,0.121102658013,2.81931770575,23,13,13,108369.19989,False
3,same-image,d000320_300_003,2026-02-02 08:31,d000320_300_003,2026-02-02 08:31,11,orange yellow,2.14047478436,6.70334085258,1.94208930313,2.0197716122,2.8394145619,0.12070317216,3.86392629067,23,13,13,108369.19989,False
3,cross-frame,d000320_300_003,2026-02-02 08:31,d000220_300_021,2025-09-27 15:31,12,blue,5.30813554027,14.6321797906,4.902742312,4.90310345769,3.40460863295,0.405032082585,11.2275711576,23,13,13,100392.933627,False
3,cross-frame,d000320_300_003,2026-02-02 08:31,d000220_300_022,2025-09-30 15:32,12,blue,5.2279475278,14.7130111195,4.81555345859,4.77693522096,3.89388277253,0.451012306843,10.819128347,23,13,13,100392.933627,False
3,cross-frame,d000320_300_003,2026-02-02 08:31,d000220_300_038,2025-09-30 15:46,12,blue,5.02112314724,14.5833558444,4.60537389954,4.54715647868,2.98052964867,0.473966668563,11.6028261957,23,13,13,100392.933627,False
3,same-image,d000320_300_003,2026-02-02 08:31,d000320_300_003,2026-02-02 08:31,12,blue,2.39056087141,14.0684138212,1.88282813446,2.0197716122,2.46060113254,0.370789259214,11.6078126887,23,13,13,100392.933627,False
3,cross-frame,d000320_300_003,2026-02-02 08:31,d000220_300_021,2025-09-27 15:31,13,green,4.94218935377,6.40949210205,4.87839358211,4.90310345769,5.10522807304,0.0390858960857,1.30426402901,23,13,13,146399.608167,False
3,cross-frame,d000320_300_003,2026-02-02 08:31,d000220_300_022,2025-09-30 15:32,13,green,4.81955176885,7.2258402621,4.71493053001,4.77693522096,4.74717900793,0.0426165478947,2.47866125418,23,13,13,146399.608167,False
3,cross-frame,d000320_300_003,2026-02-02 08:31,d000220_300_038,2025-09-30 15:46,13,green,4.61303406324,7.18455703136,4.5012287168,4.54715647868,4.75589025787,0.0658775845627,2.42866677349,23,13,13,146399.608167,False
3,same-image,d000320_300_003,2026-02-02 08:31,d000320_300_003,2026-02-02 08:31,13,green,2.35211535905,9.1300831592,2.05742110687,2.0197716122,1.47870740865,0.332343746855,7.65137575055,23,13,13,146399.608167,False
3,cross-frame,d000320_300_003,2026-02-02 08:31,d000220_300_021,2025-09-27 15:31,14,red,5.02553346101,5.12360485149,5.02126948751,4.90310345769,3.48699318225,0.122430003318,1.63661166924,23,13,13,133500.306596,False
3,cross-frame,d000320_300_003,2026-02-02 08:31,d000220_300_022,2025-09-30 15:32,14,red,4.8819283185,4.37227091656,4.90408733598,4.77693522096,2.66210341388,0.104993097545,1.71016750268,23,13,13,133500.306596,False
3,cross-frame,d000320_300_003,2026-02-02 08:31,d000220_300_038,2025-09-30 15:46,14,red,4.66242396358,4.42112353869,4.6729152864,4.54715647868,2.70073280031,0.115267484902,1.72039073838,23,13,13,133500.306596,False
3,same-image,d000320_300_003,2026-02-02 08:31,d000320_300_003,2026-02-02 08:31,14,red,2.26129485968,4.86205853605,2.1482181781,2.0197716122,0.93367488287,0.241523247485,3.92838365318,23,13,13,133500.306596,False
3,cross-frame,d000320_300_003,2026-02-02 08:31,d000220_300_021,2025-09-27 15:31,15,yellow,4.6518062404,2.02703717597,4.7659266345,4.90310345769,5.69279087512,-0.251297217291,-3.66575369915,23,13,13,89180.9477485,False
3,cross-frame,d000320_300_003,2026-02-02 08:31,d000220_300_022,2025-09-30 15:32,15,yellow,4.44523399889,2.32297155029,4.53750627927,4.77693522096,5.68423113641,-0.331701222063,-3.36125958613,23,13,13,89180.9477485,False
3,cross-frame,d000320_300_003,2026-02-02 08:31,d000220_300_038,2025-09-30 15:46,15,yellow,4.2414436976,1.77411515262,4.34871885172,4.54715647868,5.87284850571,-0.305712781085,-4.09873335309,23,13,13,89180.9477485,False
3,same-image,d000320_300_003,2026-02-02 08:31,d000320_300_003,2026-02-02 08:31,15,yellow,1.88821232713,4.36957310356,1.78032707598,2.0197716122,1.28925888646,-0.131559285068,3.0803142171,23,13,13,89180.9477485,False
3,cross-frame,d000320_300_003,2026-02-02 08:31,d000220_300_021,2025-09-27 15:31,16,magenta,4.86621285971,4.41377802794,4.88588393935,4.90310345769,4.72975818955,-0.0368905979762,-0.315980161615,23,13,13,94221.4632623,False
3,cross-frame,d000320_300_003,2026-02-02 08:31,d000220_300_022,2025-09-30 15:32,16,magenta,4.81029041442,4.8498337904,4.8085711372,4.77693522096,4.19007931357,0.0333551934629,0.659754476831,23,13,13,94221.4632623,False
3,cross-frame,d000320_300_003,2026-02-02 08:31,d000220_300_038,2025-09-30 15:46,16,magenta,4.58478594669,4.7581071601,4.57725024176,4.54715647868,4.26295577674,0.0376294680072,0.495151383362,23,13,13,94221.4632623,False
3,same-image,d000320_300_003,2026-02-02 08:31,d000320_300_003,2026-02-02 08:31,16,magenta,2.30775836461,8.46833821079,2.03990706695,2.0197716122,0.859773773024,0.287986752411,7.60856443776,23,13,13,94221.4632623,False
3,cross-frame,d000320_300_003,2026-02-02 08:31,d000220_300_021,2025-09-27 15:31,17,cyan,6.4609187342,43.3951569807,4.8550822887,4.90310345769,5.74784823573,1.55781527651,37.647308745,23,13,13,102072.359437,False
3,cross-frame,d000320_300_003,2026-02-02 08:31,d000220_300_022,2025-09-30 15:32,17,cyan,6.59572458606,43.4985034955,4.99125593783,4.77693522096,5.75099460125,1.81878936511,37.7475088942,23,13,13,102072.359437,False
3,cross-frame,d000320_300_003,2026-02-02 08:31,d000220_300_038,2025-09-30 15:46,17,cyan,6.24316570085,43.5502473302,4.62111867349,4.54715647868,5.77770371609,1.69600922217,37.7725436141,23,13,13,102072.359437,False
3,same-image,d000320_300_003,2026-02-02 08:31,d000320_300_003,2026-02-02 08:31,17,cyan,3.52382527776,42.3833993452,1.83427857917,2.0197716122,3.71942833469,1.50405366556,38.6639710105,23,13,13,102072.359437,False
3,cross-frame,d000320_300_003,2026-02-02 08:31,d000220_300_021,2025-09-27 15:31,18,white 9.5 (.05 D),4.85214552178,5.77611932306,4.81197274781,4.90310345769,5.92460429699,-0.05095793591,-0.148484973922,23,13,13,72417.9109193,False
3,cross-frame,d000320_300_003,2026-02-02 08:31,d000220_300_022,2025-09-30 15:32,18,white 9.5 (.05 D),4.70542287425,5.22429138006,4.682863374,4.77693522096,5.53579337281,-0.0715123467025,-0.311501992748,23,13,13,72417.9109193,False
3,cross-frame,d000320_300_003,2026-02-02 08:31,d000220_300_038,2025-09-30 15:46,18,white 9.5 (.05 D),4.46066891372,4.9490294536,4.43943584677,4.54715647868,5.38766974864,-0.0864875649615,-0.438640295033,23,13,13,72417.9109193,False
3,same-image,d000320_300_003,2026-02-02 08:31,d000320_300_003,2026-02-02 08:31,18,white 9.5 (.05 D),2.00091288288,1.48815738345,2.02320660025,2.0197716122,0.956249576006,-0.0188587293155,0.53190780744,23,13,13,72417.9109193,False
3,cross-frame,d000320_300_003,2026-02-02 08:31,d000220_300_021,2025-09-27 15:31,19,neutral 8 (.23 D),4.93710737923,6.92939093546,4.85048635504,4.90310345769,6.76564692125,0.0340039215389,0.163744014205,23,13,13,84619.150516,False
3,cross-frame,d000320_300_003,2026-02-02 08:31,d000220_300_022,2025-09-30 15:32,19,neutral 8 (.23 D),4.8221883285,6.78595805866,4.73680703588,4.77693522096,6.55715528166,0.0452531075434,0.228802777006,23,13,13,84619.150516,False
3,cross-frame,d000320_300_003,2026-02-02 08:31,d000220_300_038,2025-09-30 15:46,19,neutral 8 (.23 D),4.60010450219,6.74612951736,4.50679906674,4.54715647868,6.4884824945,0.0529480235067,0.257647022855,23,13,13,84619.150516,False
3,same-image,d000320_300_003,2026-02-02 08:31,d000320_300_003,2026-02-02 08:31,19,neutral 8 (.23 D),2.05626296084,2.63530124469,2.03108738328,2.0197716122,2.35581131512,0.0364913486438,0.27948992957,23,13,13,84619.150516,False
3,cross-frame,d000320_300_003,2026-02-02 08:31,d000220_300_021,2025-09-27 15:31,20,neutral 6.5 (.44 D),4.9012397821,6.41967836961,4.83522071308,4.90310345769,6.4292124723,-0.00186367558672,-0.00953410268739,23,13,13,89623.6432691,False
3,cross-frame,d000320_300_003,2026-02-02 08:31,d000220_300_022,2025-09-30 15:32,20,neutral 6.5 (.44 D),4.77638656478,5.88790709418,4.72805958524,4.77693522096,5.89268818389,-0.000548656179108,-0.00478108971179,23,13,13,89623.6432691,False
3,cross-frame,d000320_300_003,2026-02-02 08:31,d000220_300_038,2025-09-30 15:46,20,neutral 6.5 (.44 D),4.5492963229,5.71413626918,4.49865110785,4.54715647868,5.70563951405,0.00213984422245,0.00849675512615,23,13,13,89623.6432691,False
3,same-image,d000320_300_003,2026-02-02 08:31,d000320_300_003,2026-02-02 08:31,20,neutral 6.5 (.44 D),2.01788953777,1.72412843043,2.03066175982,2.0197716122,1.72624029979,-0.00188207443244,-0.00211186935539,23,13,13,89623.6432691,False
3,cross-frame,d000320_300_003,2026-02-02 08:31,d000220_300_021,2025-09-27 15:31,21,neutral 5 (.70 D),4.90441561254,6.52784218844,4.83383184837,4.90310345769,6.52341292552,0.00131215485262,0.00442926292629,23,13,13,91907.6816178,False
3,cross-frame,d000320_300_003,2026-02-02 08:31,d000220_300_022,2025-09-30 15:32,21,neutral 5 (.70 D),4.77893903332,6.18312577491,4.71788743586,4.77693522096,6.17745093051,0.00200381236305,0.00567484440803,23,13,13,91907.6816178,False
3,cross-frame,d000320_300_003,2026-02-02 08:31,d000220_300_038,2025-09-30 15:46,21,neutral 5 (.70 D),4.54988570899,5.63555878196,4.5026825319,4.54715647868,5.62867886926,0.00272923030491,0.00687991269832,23,13,13,91907.6816178,False
3,same-image,d000320_300_003,2026-02-02 08:31,d000320_300_003,2026-02-02 08:31,21,neutral 5 (.70 D),2.02133003275,1.87978997922,2.02748394812,2.0197716122,1.8689690444,0.00155842055147,0.010820934821,23,13,13,91907.6816178,False
3,cross-frame,d000320_300_003,2026-02-02 08:31,d000220_300_021,2025-09-27 15:31,22,neutral 3.5 (1.05 D),4.90208612621,3.99199275759,4.9416554031,4.90310345769,3.9950558109,-0.00101733148156,-0.00306305331353,23,13,13,92555.905912,False
3,cross-frame,d000320_300_003,2026-02-02 08:31,d000220_300_022,2025-09-30 15:32,22,neutral 3.5 (1.05 D),4.77575393887,3.72651439641,4.82137304942,4.77693522096,3.72966853293,-0.00118128208247,-0.00315413651865,23,13,13,92555.905912,False
3,cross-frame,d000320_300_003,2026-02-02 08:31,d000220_300_038,2025-09-30 15:46,22,neutral 3.5 (1.05 D),4.54604336631,3.7392655909,4.58112066089,4.54715647868,3.74237490708,-0.00111311236867,-0.00310931617889,23,13,13,92555.905912,False
3,same-image,d000320_300_003,2026-02-02 08:31,d000320_300_003,2026-02-02 08:31,22,neutral 3.5 (1.05 D),2.01914205994,1.11449885919,2.05847437302,2.0197716122,1.11616715539,-0.000629552255663,-0.00166829619536,23,13,13,92555.905912,False
3,cross-frame,d000320_300_003,2026-02-02 08:31,d000220_300_021,2025-09-27 15:31,23,black 2 (1.5 D),4.902810448,4.29706034372,4.92914740906,4.90310345769,4.29710181262,-0.000293009688486,-4.14688940626e-05,23,13,13,92711.1546906,False
3,cross-frame,d000320_300_003,2026-02-02 08:31,d000220_300_022,2025-09-30 15:32,23,black 2 (1.5 D),4.77666199472,4.33968063376,4.79566118433,4.77693522096,4.33939806252,-0.00027322623695,0.000282571241132,23,13,13,92711.1546906,False
3,cross-frame,d000320_300_003,2026-02-02 08:31,d000220_300_038,2025-09-30 15:46,23,black 2 (1.5 D),4.54695447467,2.68902113294,4.62773418518,4.54715647868,2.68879529149,-0.000202004010654,0.000225841450328,23,13,13,92711.1546906,False
3,same-image,d000320_300_003,2026-02-02 08:31,d000320_300_003,2026-02-02 08:31,23,black 2 (1.5 D),2.01944472596,0.785538522732,2.07309282176,2.0197716122,0.784648203471,-0.000326886235297,0.000890319261142,23,13,13,92711.1546906,False
