Colony,Policy,PointID,Ring,Status,ParentID,DistancePx,AxialDeltaDeg,PredictionResidualDeg,SignedStepDeg,UnwrappedFiberAxisDeg,CumulativeSignedDeg,CumulativeAbsoluteDeg,NormalizedCost
R3C4,reciprocal_one_to_one,0,0,seed,,,,,0.0,-35.3204126934,0.0,0.0,
R3C4,reciprocal_one_to_one,1,0,seed,,,,,0.0,81.9496567324,0.0,0.0,
R3C4,reciprocal_one_to_one,2,0,seed,,,,,0.0,-20.1704174118,0.0,0.0,
R3C4,reciprocal_one_to_one,3,0,seed,,,,,0.0,-17.5040737731,0.0,0.0,
R3C4,reciprocal_one_to_one,4,0,seed,,,,,0.0,39.5929034831,0.0,0.0,
R3C4,reciprocal_one_to_one,5,0,seed,,,,,0.0,-16.5099558393,0.0,0.0,
R3C4,reciprocal_one_to_one,6,0,seed,,,,,0.0,-18.3691911415,0.0,0.0,
R3C4,reciprocal_one_to_one,7,0,seed,,,,,0.0,-52.5251367382,0.0,0.0,
R3C4,reciprocal_one_to_one,8,0,seed,,,,,0.0,-55.945212132,0.0,0.0,
R3C4,reciprocal_one_to_one,9,0,seed,,,,,0.0,44.4559489475,0.0,0.0,
R3C4,reciprocal_one_to_one,10,0,seed,,,,,0.0,-66.8557682855,0.0,0.0,
R3C4,reciprocal_one_to_one,11,0,seed,,,,,0.0,13.3824633838,0.0,0.0,
R3C4,reciprocal_one_to_one,12,0,seed,,,,,0.0,77.4926676152,0.0,0.0,
R3C4,reciprocal_one_to_one,13,0,seed,,,,,0.0,-1.0986837173,0.0,0.0,
R3C4,reciprocal_one_to_one,14,0,seed,,,,,0.0,-51.5878237106,0.0,0.0,
R3C4,reciprocal_one_to_one,15,0,seed,,,,,0.0,-55.0631362992,0.0,0.0,
R3C4,reciprocal_one_to_one,16,0,seed,,,,,0.0,13.1682739909,0.0,0.0,
R3C4,reciprocal_one_to_one,17,0,seed,,,,,0.0,40.4109997263,0.0,0.0,
R3C4,reciprocal_one_to_one,18,0,seed,,,,,0.0,34.7923049161,0.0,0.0,
R3C4,reciprocal_one_to_one,19,0,seed,,,,,0.0,-28.432110545,0.0,0.0,
R3C4,reciprocal_one_to_one,20,0,seed,,,,,0.0,-18.7519878986,0.0,0.0,
R3C4,reciprocal_one_to_one,21,0,seed,,,,,0.0,-16.3200444245,0.0,0.0,
R3C4,reciprocal_one_to_one,22,0,seed,,,,,0.0,-62.8002494392,0.0,0.0,
R3C4,reciprocal_one_to_one,23,0,seed,,,,,0.0,63.1015225154,0.0,0.0,
R3C4,reciprocal_one_to_one,24,0,seed,,,,,0.0,-88.7299659775,0.0,0.0,
R3C4,reciprocal_one_to_one,25,0,seed,,,,,0.0,-13.5941800409,0.0,0.0,
R3C4,reciprocal_one_to_one,26,0,seed,,,,,0.0,-54.5255480137,0.0,0.0,
R3C4,reciprocal_one_to_one,27,0,seed,,,,,0.0,-58.10439223,0.0,0.0,
R3C4,reciprocal_one_to_one,28,0,seed,,,,,0.0,-66.328484353,0.0,0.0,
R3C4,reciprocal_one_to_one,29,0,seed,,,,,0.0,-88.2225151857,0.0,0.0,
R3C4,reciprocal_one_to_one,30,0,seed,,,,,0.0,-88.6932011561,0.0,0.0,
R3C4,reciprocal_one_to_one,31,1,no_candidate,,,,,,,,,
R3C4,reciprocal_one_to_one,32,1,no_candidate,,,,,,,,,
R3C4,reciprocal_one_to_one,33,1,matched,2.0,6.58873009115,-16.7548896121,-16.7548896121,-16.7548896121,-36.9253070239,-16.7548896121,16.7548896121,0.747253470972
R3C4,reciprocal_one_to_one,34,1,no_candidate,,,,,,,,,
R3C4,reciprocal_one_to_one,35,1,claimed_by_other,,,,,,,,,
R3C4,reciprocal_one_to_one,36,1,matched,5.0,9.93737492236,-1.32432743379,-1.32432743379,-1.32432743379,-17.8342832731,-1.32432743379,1.32432743379,0.107745402151
R3C4,reciprocal_one_to_one,37,1,no_candidate,,,,,,,,,
R3C4,reciprocal_one_to_one,38,1,matched,7.0,6.90071198238,7.97172603447,7.97172603447,7.97172603447,-44.5534107038,7.97172603447,7.97172603447,0.208713594156
R3C4,reciprocal_one_to_one,39,1,matched,9.0,8.81317321388,1.54863700191,1.54863700191,1.54863700191,46.0045859494,1.54863700191,1.54863700191,0.0872931742045
R3C4,reciprocal_one_to_one,40,1,no_candidate,,,,,,,,,
R3C4,reciprocal_one_to_one,41,1,claimed_by_other,,,,,,,,,
R3C4,reciprocal_one_to_one,42,1,claimed_by_other,,,,,,,,,
R3C4,reciprocal_one_to_one,43,1,no_candidate,,,,,,,,,
R3C4,reciprocal_one_to_one,44,1,matched,11.0,9.7788403905,-8.6498393795,-8.6498393795,-8.6498393795,4.7326240043,-8.6498393795,8.6498393795,0.287138499651
R3C4,reciprocal_one_to_one,45,1,matched,13.0,7.97125062316,1.45868962059,1.45868962059,1.45868962059,0.360005903295,1.45868962059,1.45868962059,0.0718261409678
R3C4,reciprocal_one_to_one,46,1,no_candidate,,,,,,,,,
R3C4,reciprocal_one_to_one,47,1,no_candidate,,,,,,,,,
R3C4,reciprocal_one_to_one,48,1,inner_ambiguity,,,,,,,,,
R3C4,reciprocal_one_to_one,49,1,claimed_by_other,,,,,,,,,
R3C4,reciprocal_one_to_one,50,1,inner_ambiguity,,,,,,,,,
R3C4,reciprocal_one_to_one,51,1,matched,16.0,8.85507428524,-0.227120675966,-0.227120675966,-0.227120675966,12.9411533149,-0.227120675966,0.227120675966,0.082201316299
R3C4,reciprocal_one_to_one,52,1,no_candidate,,,,,,,,,
R3C4,reciprocal_one_to_one,53,1,no_candidate,,,,,,,,,
R3C4,reciprocal_one_to_one,54,1,inner_ambiguity,,,,,,,,,
R3C4,reciprocal_one_to_one,55,1,inner_ambiguity,,,,,,,,,
R3C4,reciprocal_one_to_one,56,1,inner_ambiguity,,,,,,,,,
R3C4,reciprocal_one_to_one,57,1,matched,23.0,10.7738442246,-6.30331065245,-6.30331065245,-6.30331065245,56.7982118629,-6.30331065245,6.30331065245,0.220823044468
R3C4,reciprocal_one_to_one,58,1,no_candidate,,,,,,,,,
R3C4,reciprocal_one_to_one,59,1,claimed_by_other,,,,,,,,,
R3C4,reciprocal_one_to_one,60,1,no_candidate,,,,,,,,,
R3C4,reciprocal_one_to_one,61,1,no_candidate,,,,,,,,,
R3C4,reciprocal_one_to_one,62,1,matched,26.0,8.51036377036,-5.6695472367,-5.6695472367,-5.6695472367,-60.1950952504,-5.6695472367,5.6695472367,0.156166314357
R3C4,reciprocal_one_to_one,63,1,claimed_by_other,,,,,,,,,
R3C4,reciprocal_one_to_one,64,1,no_candidate,,,,,,,,,
R3C4,reciprocal_one_to_one,65,1,matched,27.0,8.70673142882,-7.30151366734,-7.30151366734,-7.30151366734,-65.4059058973,-7.30151366734,7.30151366734,0.212625842728
R3C4,reciprocal_one_to_one,66,1,matched,28.0,8.35348947348,-0.625772248444,-0.625772248444,-0.625772248444,-66.9542566015,-0.625772248444,0.625772248444,0.0740168888246
R3C4,reciprocal_one_to_one,67,1,claimed_by_other,,,,,,,,,
R3C4,reciprocal_one_to_one,68,1,local_ambiguity,,,,,,,,,
R3C4,reciprocal_one_to_one,69,1,no_candidate,,,,,,,,,
R3C4,reciprocal_one_to_one,70,2,no_candidate,,,,,,,,,
R3C4,reciprocal_one_to_one,71,2,no_candidate,,,,,,,,,
R3C4,reciprocal_one_to_one,72,2,no_candidate,,,,,,,,,
R3C4,reciprocal_one_to_one,73,2,no_candidate,,,,,,,,,
R3C4,reciprocal_one_to_one,74,2,no_candidate,,,,,,,,,
R3C4,reciprocal_one_to_one,75,2,no_candidate,,,,,,,,,
R3C4,reciprocal_one_to_one,76,2,matched,38.0,7.41827470013,-8.82570115727,-16.7974271917,-8.82570115727,-53.379111861,-0.853975122802,16.7974271917,0.252331948747
R3C4,reciprocal_one_to_one,77,2,no_candidate,,,,,,,,,
R3C4,reciprocal_one_to_one,78,2,no_candidate,,,,,,,,,
R3C4,reciprocal_one_to_one,79,2,no_candidate,,,,,,,,,
R3C4,reciprocal_one_to_one,80,2,no_candidate,,,,,,,,,
R3C4,reciprocal_one_to_one,81,2,no_candidate,,,,,,,,,
R3C4,reciprocal_one_to_one,82,2,no_candidate,,,,,,,,,
R3C4,reciprocal_one_to_one,83,2,no_candidate,,,,,,,,,
R3C4,reciprocal_one_to_one,84,2,no_candidate,,,,,,,,,
R3C4,reciprocal_one_to_one,85,2,no_candidate,,,,,,,,,
R3C4,reciprocal_one_to_one,86,2,no_candidate,,,,,,,,,
R3C4,reciprocal_one_to_one,87,2,matched,45.0,11.1159717936,-7.20752074807,-8.66621036866,-7.20752074807,-6.84751484477,-5.74883112748,8.66621036866,0.259203295058
R3C4,reciprocal_one_to_one,88,2,no_candidate,,,,,,,,,
R3C4,reciprocal_one_to_one,89,2,no_candidate,,,,,,,,,
R3C4,reciprocal_one_to_one,90,2,no_candidate,,,,,,,,,
R3C4,reciprocal_one_to_one,91,2,no_candidate,,,,,,,,,
R3C4,reciprocal_one_to_one,92,2,matched,51.0,8.97062798241,4.85132642344,5.07844709941,4.85132642344,17.7924797384,4.62420574747,5.07844709941,0.143066748291
R3C4,reciprocal_one_to_one,93,2,no_candidate,,,,,,,,,
R3C4,reciprocal_one_to_one,94,2,no_candidate,,,,,,,,,
R3C4,reciprocal_one_to_one,95,2,no_candidate,,,,,,,,,
R3C4,reciprocal_one_to_one,96,2,no_candidate,,,,,,,,,
R3C4,reciprocal_one_to_one,97,2,no_candidate,,,,,,,,,
R3C4,reciprocal_one_to_one,98,2,matched,57.0,8.78110373055,-19.0333423978,-12.7300317454,-19.0333423978,37.7648694651,-25.3366530503,25.3366530503,0.986377213769
R3C4,reciprocal_one_to_one,99,2,no_candidate,,,,,,,,,
R3C4,reciprocal_one_to_one,100,2,no_candidate,,,,,,,,,
R3C4,reciprocal_one_to_one,101,2,no_candidate,,,,,,,,,
R3C4,reciprocal_one_to_one,102,2,claimed_by_other,,,,,,,,,
R3C4,reciprocal_one_to_one,103,2,claimed_by_other,,,,,,,,,
R3C4,reciprocal_one_to_one,104,2,no_candidate,,,,,,,,,
R3C4,reciprocal_one_to_one,105,2,matched,62.0,7.85266726414,2.83040717122,8.49995440792,2.83040717122,-57.3646880792,-2.83914006548,8.49995440792,0.0845706746599
R3C4,reciprocal_one_to_one,106,2,no_candidate,,,,,,,,,
R3C4,reciprocal_one_to_one,107,2,matched,65.0,7.25150965026,-13.0431682905,-5.74165462314,-13.0431682905,-78.4490741878,-20.3446819578,20.3446819578,0.480349446957
R3C4,reciprocal_one_to_one,108,2,no_candidate,,,,,,,,,
R3C4,reciprocal_one_to_one,109,2,claimed_by_other,,,,,,,,,
R3C4,reciprocal_one_to_one,110,2,no_candidate,,,,,,,,,
R3C4,reciprocal_one_to_one,111,2,no_candidate,,,,,,,,,
R3C4,reciprocal_one_to_one,112,3,no_candidate,,,,,,,,,
R3C4,reciprocal_one_to_one,113,3,no_candidate,,,,,,,,,
R3C4,reciprocal_one_to_one,114,3,no_candidate,,,,,,,,,
R3C4,reciprocal_one_to_one,115,3,no_candidate,,,,,,,,,
R3C4,reciprocal_one_to_one,116,3,no_candidate,,,,,,,,,
R3C4,reciprocal_one_to_one,117,3,no_candidate,,,,,,,,,
R3C4,reciprocal_one_to_one,118,3,no_candidate,,,,,,,,,
R3C4,reciprocal_one_to_one,119,3,no_candidate,,,,,,,,,
R3C4,reciprocal_one_to_one,120,3,no_candidate,,,,,,,,,
R3C4,reciprocal_one_to_one,121,3,no_candidate,,,,,,,,,
R3C4,reciprocal_one_to_one,122,3,no_candidate,,,,,,,,,
R3C4,reciprocal_one_to_one,123,3,no_candidate,,,,,,,,,
R3C4,reciprocal_one_to_one,124,3,no_candidate,,,,,,,,,
R3C4,reciprocal_one_to_one,125,3,no_candidate,,,,,,,,,
R3C4,reciprocal_one_to_one,126,3,no_candidate,,,,,,,,,
R3C4,reciprocal_one_to_one,127,3,no_candidate,,,,,,,,,
R3C4,reciprocal_one_to_one,128,3,matched,87.0,9.083847849,-13.8315490263,-6.62402827823,-13.8315490263,-20.6790638711,-19.5803801538,22.497759395,0.56464723732
R3C4,reciprocal_one_to_one,129,3,no_candidate,,,,,,,,,
R3C4,reciprocal_one_to_one,130,3,no_candidate,,,,,,,,,
R3C4,reciprocal_one_to_one,131,3,no_candidate,,,,,,,,,
R3C4,reciprocal_one_to_one,132,3,no_candidate,,,,,,,,,
R3C4,reciprocal_one_to_one,133,3,no_candidate,,,,,,,,,
R3C4,reciprocal_one_to_one,134,3,no_candidate,,,,,,,,,
R3C4,reciprocal_one_to_one,135,3,no_candidate,,,,,,,,,
R3C4,reciprocal_one_to_one,136,3,no_candidate,,,,,,,,,
R3C4,reciprocal_one_to_one,137,3,no_candidate,,,,,,,,,
R3C4,reciprocal_one_to_one,138,3,claimed_by_other,,,,,,,,,
R3C4,reciprocal_one_to_one,139,3,no_candidate,,,,,,,,,
R3C4,reciprocal_one_to_one,140,3,claimed_by_other,,,,,,,,,
R3C4,reciprocal_one_to_one,141,3,no_candidate,,,,,,,,,
R3C4,reciprocal_one_to_one,142,3,no_candidate,,,,,,,,,
R3C4,reciprocal_one_to_one,143,3,matched,105.0,8.50066245939,1.59220324294,-1.23820392828,1.59220324294,-55.7724848362,-1.24693682254,10.0921576509,0.0819719453528
R3C4,reciprocal_one_to_one,144,3,no_candidate,,,,,,,,,
R3C4,reciprocal_one_to_one,145,3,no_candidate,,,,,,,,,
R3C4,reciprocal_one_to_one,146,3,no_candidate,,,,,,,,,
R3C4,reciprocal_one_to_one,147,3,no_candidate,,,,,,,,,
R3C4,reciprocal_one_to_one,148,4,no_candidate,,,,,,,,,
R3C4,reciprocal_one_to_one,149,4,no_candidate,,,,,,,,,
R3C4,reciprocal_one_to_one,150,4,no_candidate,,,,,,,,,
R3C4,reciprocal_one_to_one,151,4,no_candidate,,,,,,,,,
R3C4,reciprocal_one_to_one,152,4,no_candidate,,,,,,,,,
R3C4,reciprocal_one_to_one,153,4,no_candidate,,,,,,,,,
R3C4,reciprocal_one_to_one,154,4,no_candidate,,,,,,,,,
R3C4,reciprocal_one_to_one,155,4,no_candidate,,,,,,,,,
R3C4,reciprocal_one_to_one,156,4,no_candidate,,,,,,,,,
R3C4,reciprocal_one_to_one,157,4,no_candidate,,,,,,,,,
R3C4,reciprocal_one_to_one,158,4,no_candidate,,,,,,,,,
R3C4,reciprocal_one_to_one,159,4,inner_ambiguity,,,,,,,,,
R3C4,reciprocal_one_to_one,160,4,inner_ambiguity,,,,,,,,,
R3C4,reciprocal_one_to_one,161,4,no_candidate,,,,,,,,,
R3C4,reciprocal_one_to_one,162,4,inner_ambiguity,,,,,,,,,
R3C4,reciprocal_one_to_one,163,4,no_candidate,,,,,,,,,
R3C4,reciprocal_one_to_one,164,4,no_candidate,,,,,,,,,
R3C4,reciprocal_one_to_one,165,4,no_candidate,,,,,,,,,
R3C4,reciprocal_one_to_one,166,4,no_candidate,,,,,,,,,
R3C4,reciprocal_one_to_one,167,4,no_candidate,,,,,,,,,
R3C4,reciprocal_one_to_one,168,4,no_candidate,,,,,,,,,
R3C4,reciprocal_one_to_one,169,4,no_candidate,,,,,,,,,
R3C4,reciprocal_one_to_one,170,4,no_candidate,,,,,,,,,
R3C4,reciprocal_one_to_one,171,4,no_candidate,,,,,,,,,
R3C4,reciprocal_one_to_one,172,4,no_candidate,,,,,,,,,
R3C4,reciprocal_one_to_one,173,4,no_candidate,,,,,,,,,
R3C4,reciprocal_one_to_one,174,4,no_candidate,,,,,,,,,
R3C4,reciprocal_one_to_one,175,4,no_candidate,,,,,,,,,
R3C4,reciprocal_one_to_one,176,4,no_candidate,,,,,,,,,
R3C4,reciprocal_one_to_one,177,4,no_candidate,,,,,,,,,
R3C4,reciprocal_one_to_one,178,4,no_candidate,,,,,,,,,
R3C4,reciprocal_one_to_one,179,4,no_candidate,,,,,,,,,
R3C4,reciprocal_one_to_one,180,4,no_candidate,,,,,,,,,
R3C4,reciprocal_one_to_one,181,4,matched,143.0,7.83951461318,-4.29820457897,-5.89040782191,-4.29820457897,-60.0706894152,-5.54514140151,14.3903622298,0.110513041742
R3C4,reciprocal_one_to_one,182,4,no_candidate,,,,,,,,,
R3C4,reciprocal_one_to_one,183,4,no_candidate,,,,,,,,,
R3C4,reciprocal_one_to_one,184,4,no_candidate,,,,,,,,,
R3C4,reciprocal_one_to_one,185,4,no_candidate,,,,,,,,,
R3C4,reciprocal_one_to_one,186,5,no_candidate,,,,,,,,,
R3C4,reciprocal_one_to_one,187,5,no_candidate,,,,,,,,,
R3C4,reciprocal_one_to_one,188,5,no_candidate,,,,,,,,,
R3C4,reciprocal_one_to_one,189,5,no_candidate,,,,,,,,,
R3C4,reciprocal_one_to_one,190,5,no_candidate,,,,,,,,,
R3C4,reciprocal_one_to_one,191,5,no_candidate,,,,,,,,,
R3C4,reciprocal_one_to_one,192,5,no_candidate,,,,,,,,,
R3C4,reciprocal_one_to_one,193,5,no_candidate,,,,,,,,,
R3C4,reciprocal_one_to_one,194,5,no_candidate,,,,,,,,,
R3C4,reciprocal_one_to_one,195,5,no_candidate,,,,,,,,,
R3C4,reciprocal_one_to_one,196,5,no_candidate,,,,,,,,,
R3C4,reciprocal_one_to_one,197,5,no_candidate,,,,,,,,,
R3C4,reciprocal_one_to_one,198,5,no_candidate,,,,,,,,,
R3C4,reciprocal_one_to_one,199,5,no_candidate,,,,,,,,,
R3C4,reciprocal_one_to_one,200,5,no_candidate,,,,,,,,,
R3C4,reciprocal_one_to_one,201,5,no_candidate,,,,,,,,,
R3C4,reciprocal_one_to_one,202,5,no_candidate,,,,,,,,,
R3C4,reciprocal_one_to_one,203,5,no_candidate,,,,,,,,,
R3C4,reciprocal_one_to_one,204,5,no_candidate,,,,,,,,,
R3C4,reciprocal_one_to_one,205,5,no_candidate,,,,,,,,,
R3C4,reciprocal_one_to_one,206,5,no_candidate,,,,,,,,,
R3C4,reciprocal_one_to_one,207,5,no_candidate,,,,,,,,,
R3C4,reciprocal_one_to_one,208,5,no_candidate,,,,,,,,,
R3C4,reciprocal_one_to_one,209,5,no_candidate,,,,,,,,,
R3C4,reciprocal_one_to_one,210,5,no_candidate,,,,,,,,,
R3C4,reciprocal_one_to_one,211,5,no_candidate,,,,,,,,,
R3C4,reciprocal_one_to_one,212,5,no_candidate,,,,,,,,,
R3C4,reciprocal_one_to_one,213,5,no_candidate,,,,,,,,,
R3C4,reciprocal_one_to_one,214,5,no_candidate,,,,,,,,,
R3C4,reciprocal_one_to_one,215,5,no_candidate,,,,,,,,,
R3C4,reciprocal_one_to_one,216,5,no_candidate,,,,,,,,,
R3C4,reciprocal_one_to_one,217,5,claimed_by_other,,,,,,,,,
R3C4,reciprocal_one_to_one,218,5,matched,181.0,10.5247203609,-1.21227886325,3.08592571572,-1.21227886325,-61.2829682784,-6.75742026476,15.6026410931,0.119614136135
R3C4,reciprocal_one_to_one,219,5,no_candidate,,,,,,,,,
R3C4,reciprocal_one_to_one,220,5,no_candidate,,,,,,,,,
R3C4,reciprocal_one_to_one,221,5,no_candidate,,,,,,,,,
R3C4,reciprocal_one_to_one,222,6,no_candidate,,,,,,,,,
R3C4,reciprocal_one_to_one,223,6,no_candidate,,,,,,,,,
R3C4,reciprocal_one_to_one,224,6,no_candidate,,,,,,,,,
R3C4,reciprocal_one_to_one,225,6,no_candidate,,,,,,,,,
R3C4,reciprocal_one_to_one,226,6,no_candidate,,,,,,,,,
R3C4,reciprocal_one_to_one,227,6,no_candidate,,,,,,,,,
R3C4,reciprocal_one_to_one,228,6,no_candidate,,,,,,,,,
R3C4,reciprocal_one_to_one,229,6,no_candidate,,,,,,,,,
R3C4,reciprocal_one_to_one,230,6,no_candidate,,,,,,,,,
R3C4,reciprocal_one_to_one,231,6,no_candidate,,,,,,,,,
R3C4,reciprocal_one_to_one,232,6,no_candidate,,,,,,,,,
R3C4,reciprocal_one_to_one,233,6,no_candidate,,,,,,,,,
R3C4,reciprocal_one_to_one,234,6,no_candidate,,,,,,,,,
R3C4,reciprocal_one_to_one,235,6,no_candidate,,,,,,,,,
R3C4,reciprocal_one_to_one,236,6,no_candidate,,,,,,,,,
R3C4,reciprocal_one_to_one,237,6,no_candidate,,,,,,,,,
R3C4,reciprocal_one_to_one,238,6,no_candidate,,,,,,,,,
R3C4,reciprocal_one_to_one,239,6,no_candidate,,,,,,,,,
R3C4,reciprocal_one_to_one,240,6,no_candidate,,,,,,,,,
R3C4,reciprocal_one_to_one,241,6,no_candidate,,,,,,,,,
R3C4,reciprocal_one_to_one,242,6,no_candidate,,,,,,,,,
R3C4,reciprocal_one_to_one,243,6,no_candidate,,,,,,,,,
R3C4,reciprocal_one_to_one,244,6,no_candidate,,,,,,,,,
R3C4,reciprocal_one_to_one,245,6,no_candidate,,,,,,,,,
R3C4,reciprocal_one_to_one,246,6,no_candidate,,,,,,,,,
R3C4,reciprocal_one_to_one,247,6,no_candidate,,,,,,,,,
R3C4,reciprocal_one_to_one,248,6,no_candidate,,,,,,,,,
R3C4,reciprocal_one_to_one,249,6,no_candidate,,,,,,,,,
R3C4,reciprocal_one_to_one,250,6,no_candidate,,,,,,,,,
R3C4,reciprocal_one_to_one,251,6,no_candidate,,,,,,,,,
R3C4,reciprocal_one_to_one,252,6,no_candidate,,,,,,,,,
R3C4,reciprocal_one_to_one,253,6,no_candidate,,,,,,,,,
R3C4,reciprocal_one_to_one,254,6,no_candidate,,,,,,,,,
R3C4,reciprocal_one_to_one,255,6,no_candidate,,,,,,,,,
R3C4,reciprocal_one_to_one,256,6,no_candidate,,,,,,,,,
R3C4,reciprocal_one_to_one,257,6,matched,218.0,9.53269026267,3.80667629184,5.01895515509,3.80667629184,-57.4762919866,-2.95074397292,19.4093173849,0.131340743094
R3C4,reciprocal_one_to_one,258,6,no_candidate,,,,,,,,,
R3C4,reciprocal_one_to_one,259,6,no_candidate,,,,,,,,,
R3C4,reciprocal_one_to_one,260,7,no_candidate,,,,,,,,,
R3C4,reciprocal_one_to_one,261,7,no_candidate,,,,,,,,,
R3C4,reciprocal_one_to_one,262,7,no_candidate,,,,,,,,,
R3C4,reciprocal_one_to_one,263,7,no_candidate,,,,,,,,,
R3C4,reciprocal_one_to_one,264,7,no_candidate,,,,,,,,,
R3C4,reciprocal_one_to_one,265,7,no_candidate,,,,,,,,,
R3C4,reciprocal_one_to_one,266,7,no_candidate,,,,,,,,,
R3C4,reciprocal_one_to_one,267,7,no_candidate,,,,,,,,,
R3C4,reciprocal_one_to_one,268,7,no_candidate,,,,,,,,,
R3C4,reciprocal_one_to_one,269,7,no_candidate,,,,,,,,,
R3C4,reciprocal_one_to_one,270,7,no_candidate,,,,,,,,,
R3C4,reciprocal_one_to_one,271,7,no_candidate,,,,,,,,,
R3C4,reciprocal_one_to_one,272,7,no_candidate,,,,,,,,,
R3C4,reciprocal_one_to_one,273,7,no_candidate,,,,,,,,,
R3C4,reciprocal_one_to_one,274,7,no_candidate,,,,,,,,,
R3C4,reciprocal_one_to_one,275,7,no_candidate,,,,,,,,,
R3C4,reciprocal_one_to_one,276,7,no_candidate,,,,,,,,,
R3C4,reciprocal_one_to_one,277,7,no_candidate,,,,,,,,,
R3C4,reciprocal_one_to_one,278,7,no_candidate,,,,,,,,,
R3C4,reciprocal_one_to_one,279,7,no_candidate,,,,,,,,,
R3C4,reciprocal_one_to_one,280,7,no_candidate,,,,,,,,,
R3C4,reciprocal_one_to_one,281,7,no_candidate,,,,,,,,,
R3C4,reciprocal_one_to_one,282,7,no_candidate,,,,,,,,,
R3C4,reciprocal_one_to_one,283,7,no_candidate,,,,,,,,,
R3C4,reciprocal_one_to_one,284,7,no_candidate,,,,,,,,,
R3C4,reciprocal_one_to_one,285,7,no_candidate,,,,,,,,,
R3C4,reciprocal_one_to_one,286,7,no_candidate,,,,,,,,,
R3C4,reciprocal_one_to_one,287,7,no_candidate,,,,,,,,,
R3C4,reciprocal_one_to_one,288,7,no_candidate,,,,,,,,,
R3C4,reciprocal_one_to_one,289,7,no_candidate,,,,,,,,,
R3C4,reciprocal_one_to_one,290,7,no_candidate,,,,,,,,,
R3C4,reciprocal_one_to_one,291,7,no_candidate,,,,,,,,,
R3C4,reciprocal_one_to_one,292,7,no_candidate,,,,,,,,,
R3C4,reciprocal_one_to_one,293,7,no_candidate,,,,,,,,,
R3C4,reciprocal_one_to_one,294,7,no_candidate,,,,,,,,,
R3C4,reciprocal_one_to_one,295,7,no_candidate,,,,,,,,,
R3C4,reciprocal_one_to_one,296,7,no_candidate,,,,,,,,,
R3C4,reciprocal_one_to_one,297,7,no_candidate,,,,,,,,,
R3C4,reciprocal_one_to_one,298,7,no_candidate,,,,,,,,,
R3C4,reciprocal_one_to_one,299,7,no_candidate,,,,,,,,,
R3C4,reciprocal_one_to_one,300,7,no_candidate,,,,,,,,,
R3C4,reciprocal_one_to_one,301,7,no_candidate,,,,,,,,,
R3C4,reciprocal_one_to_one,302,7,no_candidate,,,,,,,,,
R3C4,reciprocal_one_to_one,303,7,no_candidate,,,,,,,,,
R3C4,reciprocal_one_to_one,304,7,no_candidate,,,,,,,,,
R3C4,reciprocal_one_to_one,305,7,no_candidate,,,,,,,,,
R3C4,reciprocal_one_to_one,306,8,no_candidate,,,,,,,,,
R3C4,reciprocal_one_to_one,307,8,no_candidate,,,,,,,,,
R3C4,reciprocal_one_to_one,308,8,no_candidate,,,,,,,,,
R3C4,reciprocal_one_to_one,309,8,no_candidate,,,,,,,,,
R3C4,reciprocal_one_to_one,310,8,no_candidate,,,,,,,,,
R3C4,reciprocal_one_to_one,311,8,no_candidate,,,,,,,,,
R3C4,reciprocal_one_to_one,312,8,no_candidate,,,,,,,,,
R3C4,reciprocal_one_to_one,313,8,no_candidate,,,,,,,,,
R3C4,reciprocal_one_to_one,314,8,no_candidate,,,,,,,,,
R3C4,reciprocal_one_to_one,315,8,no_candidate,,,,,,,,,
R3C4,reciprocal_one_to_one,316,8,no_candidate,,,,,,,,,
R3C4,reciprocal_one_to_one,317,8,no_candidate,,,,,,,,,
R3C4,reciprocal_one_to_one,318,8,no_candidate,,,,,,,,,
R3C4,reciprocal_one_to_one,319,8,no_candidate,,,,,,,,,
R3C4,reciprocal_one_to_one,320,8,no_candidate,,,,,,,,,
R3C4,reciprocal_one_to_one,321,8,no_candidate,,,,,,,,,
R3C4,reciprocal_one_to_one,322,8,no_candidate,,,,,,,,,
R3C4,reciprocal_one_to_one,323,8,no_candidate,,,,,,,,,
R3C4,reciprocal_one_to_one,324,8,no_candidate,,,,,,,,,
R3C4,reciprocal_one_to_one,325,8,no_candidate,,,,,,,,,
R3C4,reciprocal_one_to_one,326,8,no_candidate,,,,,,,,,
R3C4,reciprocal_one_to_one,327,8,no_candidate,,,,,,,,,
R3C4,reciprocal_one_to_one,328,8,no_candidate,,,,,,,,,
R3C4,reciprocal_one_to_one,329,8,no_candidate,,,,,,,,,
R3C4,reciprocal_one_to_one,330,8,no_candidate,,,,,,,,,
R3C4,reciprocal_one_to_one,331,8,no_candidate,,,,,,,,,
R3C4,reciprocal_one_to_one,332,8,no_candidate,,,,,,,,,
R3C4,reciprocal_one_to_one,333,8,no_candidate,,,,,,,,,
R3C4,reciprocal_one_to_one,334,8,no_candidate,,,,,,,,,
R3C4,reciprocal_one_to_one,335,8,no_candidate,,,,,,,,,
R3C4,reciprocal_one_to_one,336,8,no_candidate,,,,,,,,,
R3C4,reciprocal_one_to_one,337,8,no_candidate,,,,,,,,,
R3C4,reciprocal_one_to_one,338,8,no_candidate,,,,,,,,,
R3C4,reciprocal_one_to_one,339,8,no_candidate,,,,,,,,,
R3C4,reciprocal_one_to_one,340,8,no_candidate,,,,,,,,,
R3C4,reciprocal_one_to_one,341,8,no_candidate,,,,,,,,,
R3C4,reciprocal_one_to_one,342,8,no_candidate,,,,,,,,,
R3C4,reciprocal_one_to_one,343,8,no_candidate,,,,,,,,,
R3C4,reciprocal_one_to_one,344,8,no_candidate,,,,,,,,,
R3C4,reciprocal_one_to_one,345,8,no_candidate,,,,,,,,,
R3C4,reciprocal_one_to_one,346,8,no_candidate,,,,,,,,,
R3C4,reciprocal_one_to_one,347,8,no_candidate,,,,,,,,,
R3C4,reciprocal_one_to_one,348,8,no_candidate,,,,,,,,,
R3C4,reciprocal_one_to_one,349,8,no_candidate,,,,,,,,,
R3C4,reciprocal_one_to_one,350,9,no_candidate,,,,,,,,,
R3C4,reciprocal_one_to_one,351,9,no_candidate,,,,,,,,,
R3C4,reciprocal_one_to_one,352,9,no_candidate,,,,,,,,,
R3C4,reciprocal_one_to_one,353,9,no_candidate,,,,,,,,,
R3C4,reciprocal_one_to_one,354,9,no_candidate,,,,,,,,,
R3C4,reciprocal_one_to_one,355,9,no_candidate,,,,,,,,,
R3C4,reciprocal_one_to_one,356,9,no_candidate,,,,,,,,,
R3C4,reciprocal_one_to_one,357,9,no_candidate,,,,,,,,,
R3C4,reciprocal_one_to_one,358,9,no_candidate,,,,,,,,,
R3C4,reciprocal_one_to_one,359,9,no_candidate,,,,,,,,,
R3C4,reciprocal_one_to_one,360,9,no_candidate,,,,,,,,,
R3C4,reciprocal_one_to_one,361,9,no_candidate,,,,,,,,,
R3C4,reciprocal_one_to_one,362,9,no_candidate,,,,,,,,,
R3C4,reciprocal_one_to_one,363,9,no_candidate,,,,,,,,,
R3C4,reciprocal_one_to_one,364,9,no_candidate,,,,,,,,,
R3C4,reciprocal_one_to_one,365,9,no_candidate,,,,,,,,,
R3C4,reciprocal_one_to_one,366,9,no_candidate,,,,,,,,,
R3C4,reciprocal_one_to_one,367,9,no_candidate,,,,,,,,,
R3C4,reciprocal_one_to_one,368,9,no_candidate,,,,,,,,,
R3C4,reciprocal_one_to_one,369,9,no_candidate,,,,,,,,,
R3C4,reciprocal_one_to_one,370,9,no_candidate,,,,,,,,,
R3C4,reciprocal_one_to_one,371,9,no_candidate,,,,,,,,,
R3C4,reciprocal_one_to_one,372,9,no_candidate,,,,,,,,,
R3C4,reciprocal_one_to_one,373,9,no_candidate,,,,,,,,,
R3C4,reciprocal_one_to_one,374,9,no_candidate,,,,,,,,,
R3C4,reciprocal_one_to_one,375,9,no_candidate,,,,,,,,,
R3C4,reciprocal_one_to_one,376,9,no_candidate,,,,,,,,,
R3C4,reciprocal_one_to_one,377,9,no_candidate,,,,,,,,,
R3C4,reciprocal_one_to_one,378,9,no_candidate,,,,,,,,,
R3C4,reciprocal_one_to_one,379,9,no_candidate,,,,,,,,,
R3C4,reciprocal_one_to_one,380,9,no_candidate,,,,,,,,,
R3C4,reciprocal_one_to_one,381,9,no_candidate,,,,,,,,,
R3C4,reciprocal_one_to_one,382,9,no_candidate,,,,,,,,,
R3C4,reciprocal_one_to_one,383,9,no_candidate,,,,,,,,,
R3C4,reciprocal_one_to_one,384,9,no_candidate,,,,,,,,,
R3C4,reciprocal_one_to_one,385,9,no_candidate,,,,,,,,,
R3C4,reciprocal_one_to_one,386,9,no_candidate,,,,,,,,,
R3C4,reciprocal_one_to_one,387,9,no_candidate,,,,,,,,,
R3C4,reciprocal_one_to_one,388,9,no_candidate,,,,,,,,,
R3C4,reciprocal_one_to_one,389,9,no_candidate,,,,,,,,,
R3C4,reciprocal_one_to_one,390,9,no_candidate,,,,,,,,,
R3C4,reciprocal_one_to_one,391,9,no_candidate,,,,,,,,,
R3C4,reciprocal_one_to_one,392,9,no_candidate,,,,,,,,,
R3C4,reciprocal_one_to_one,393,9,no_candidate,,,,,,,,,
R3C4,reciprocal_one_to_one,394,9,no_candidate,,,,,,,,,
R3C4,reciprocal_one_to_one,395,9,no_candidate,,,,,,,,,
R3C4,reciprocal_one_to_one,396,10,no_candidate,,,,,,,,,
R3C4,reciprocal_one_to_one,397,10,no_candidate,,,,,,,,,
R3C4,reciprocal_one_to_one,398,10,no_candidate,,,,,,,,,
R3C4,reciprocal_one_to_one,399,10,no_candidate,,,,,,,,,
R3C4,reciprocal_one_to_one,400,10,no_candidate,,,,,,,,,
R3C4,reciprocal_one_to_one,401,10,no_candidate,,,,,,,,,
R3C4,reciprocal_one_to_one,402,10,no_candidate,,,,,,,,,
R3C4,reciprocal_one_to_one,403,10,no_candidate,,,,,,,,,
R3C4,reciprocal_one_to_one,404,10,no_candidate,,,,,,,,,
R3C4,reciprocal_one_to_one,405,10,no_candidate,,,,,,,,,
R3C4,reciprocal_one_to_one,406,10,no_candidate,,,,,,,,,
R3C4,reciprocal_one_to_one,407,10,no_candidate,,,,,,,,,
R3C4,reciprocal_one_to_one,408,10,no_candidate,,,,,,,,,
R3C4,reciprocal_one_to_one,409,10,no_candidate,,,,,,,,,
R3C4,reciprocal_one_to_one,410,10,no_candidate,,,,,,,,,
R3C4,reciprocal_one_to_one,411,10,no_candidate,,,,,,,,,
R3C4,reciprocal_one_to_one,412,10,no_candidate,,,,,,,,,
R3C4,reciprocal_one_to_one,413,10,no_candidate,,,,,,,,,
R3C4,reciprocal_one_to_one,414,10,no_candidate,,,,,,,,,
R3C4,reciprocal_one_to_one,415,10,no_candidate,,,,,,,,,
R3C4,reciprocal_one_to_one,416,10,no_candidate,,,,,,,,,
R3C4,reciprocal_one_to_one,417,10,no_candidate,,,,,,,,,
R3C4,reciprocal_one_to_one,418,10,no_candidate,,,,,,,,,
R3C4,reciprocal_one_to_one,419,10,no_candidate,,,,,,,,,
R3C4,reciprocal_one_to_one,420,10,no_candidate,,,,,,,,,
R3C4,reciprocal_one_to_one,421,10,no_candidate,,,,,,,,,
R3C4,reciprocal_one_to_one,422,10,no_candidate,,,,,,,,,
R3C4,reciprocal_one_to_one,423,10,no_candidate,,,,,,,,,
R3C4,reciprocal_one_to_one,424,10,no_candidate,,,,,,,,,
R3C4,reciprocal_one_to_one,425,10,no_candidate,,,,,,,,,
R3C4,reciprocal_one_to_one,426,10,no_candidate,,,,,,,,,
R3C4,reciprocal_one_to_one,427,10,no_candidate,,,,,,,,,
R3C4,reciprocal_one_to_one,428,10,no_candidate,,,,,,,,,
R3C4,reciprocal_one_to_one,429,10,no_candidate,,,,,,,,,
R3C4,reciprocal_one_to_one,430,10,no_candidate,,,,,,,,,
R3C4,reciprocal_one_to_one,431,10,no_candidate,,,,,,,,,
R3C4,reciprocal_one_to_one,432,10,no_candidate,,,,,,,,,
R3C4,reciprocal_one_to_one,433,10,no_candidate,,,,,,,,,
R3C4,reciprocal_one_to_one,434,10,no_candidate,,,,,,,,,
R3C4,reciprocal_one_to_one,435,10,no_candidate,,,,,,,,,
R3C4,reciprocal_one_to_one,436,10,no_candidate,,,,,,,,,
R3C4,reciprocal_one_to_one,437,11,no_candidate,,,,,,,,,
R3C4,reciprocal_one_to_one,438,11,no_candidate,,,,,,,,,
R3C4,reciprocal_one_to_one,439,11,no_candidate,,,,,,,,,
R3C4,reciprocal_one_to_one,440,11,no_candidate,,,,,,,,,
R3C4,reciprocal_one_to_one,441,11,no_candidate,,,,,,,,,
R3C4,reciprocal_one_to_one,442,11,no_candidate,,,,,,,,,
R3C4,reciprocal_one_to_one,443,11,no_candidate,,,,,,,,,
R3C4,reciprocal_one_to_one,444,11,no_candidate,,,,,,,,,
R3C4,reciprocal_one_to_one,445,11,no_candidate,,,,,,,,,
R3C4,reciprocal_one_to_one,446,11,no_candidate,,,,,,,,,
R3C4,reciprocal_one_to_one,447,11,no_candidate,,,,,,,,,
R3C4,reciprocal_one_to_one,448,11,no_candidate,,,,,,,,,
R3C4,reciprocal_one_to_one,449,11,no_candidate,,,,,,,,,
R3C4,reciprocal_one_to_one,450,11,no_candidate,,,,,,,,,
R3C4,reciprocal_one_to_one,451,11,no_candidate,,,,,,,,,
R3C4,reciprocal_one_to_one,452,11,no_candidate,,,,,,,,,
R3C4,reciprocal_one_to_one,453,11,no_candidate,,,,,,,,,
R3C4,reciprocal_one_to_one,454,11,no_candidate,,,,,,,,,
R3C4,reciprocal_one_to_one,455,11,no_candidate,,,,,,,,,
R3C4,reciprocal_one_to_one,456,11,no_candidate,,,,,,,,,
R3C4,reciprocal_one_to_one,457,11,no_candidate,,,,,,,,,
R3C4,reciprocal_one_to_one,458,11,no_candidate,,,,,,,,,
R3C4,reciprocal_one_to_one,459,11,no_candidate,,,,,,,,,
R3C4,reciprocal_one_to_one,460,11,no_candidate,,,,,,,,,
R3C4,reciprocal_one_to_one,461,11,no_candidate,,,,,,,,,
R3C4,reciprocal_one_to_one,462,11,no_candidate,,,,,,,,,
R3C4,reciprocal_one_to_one,463,11,no_candidate,,,,,,,,,
R3C4,reciprocal_one_to_one,464,11,no_candidate,,,,,,,,,
R3C4,reciprocal_one_to_one,465,11,no_candidate,,,,,,,,,
R3C4,reciprocal_one_to_one,466,11,no_candidate,,,,,,,,,
R3C4,reciprocal_one_to_one,467,11,no_candidate,,,,,,,,,
R3C4,reciprocal_one_to_one,468,11,no_candidate,,,,,,,,,
R3C4,reciprocal_one_to_one,469,11,no_candidate,,,,,,,,,
R3C4,reciprocal_one_to_one,470,11,no_candidate,,,,,,,,,
R3C4,reciprocal_one_to_one,471,11,no_candidate,,,,,,,,,
R3C4,reciprocal_one_to_one,472,11,no_candidate,,,,,,,,,
R3C4,reciprocal_one_to_one,473,11,no_candidate,,,,,,,,,
R3C4,reciprocal_one_to_one,474,11,no_candidate,,,,,,,,,
R3C4,reciprocal_one_to_one,475,11,no_candidate,,,,,,,,,
R3C4,reciprocal_one_to_one,476,11,no_candidate,,,,,,,,,
R3C4,reciprocal_one_to_one,477,11,no_candidate,,,,,,,,,
R3C4,reciprocal_one_to_one,478,12,no_candidate,,,,,,,,,
R3C4,reciprocal_one_to_one,479,12,no_candidate,,,,,,,,,
R3C4,reciprocal_one_to_one,480,12,no_candidate,,,,,,,,,
R3C4,reciprocal_one_to_one,481,12,no_candidate,,,,,,,,,
R3C4,reciprocal_one_to_one,482,12,no_candidate,,,,,,,,,
R3C4,reciprocal_one_to_one,483,12,no_candidate,,,,,,,,,
R3C4,reciprocal_one_to_one,484,12,no_candidate,,,,,,,,,
R3C4,reciprocal_one_to_one,485,12,no_candidate,,,,,,,,,
R3C4,reciprocal_one_to_one,486,12,no_candidate,,,,,,,,,
R3C4,reciprocal_one_to_one,487,12,no_candidate,,,,,,,,,
R3C4,reciprocal_one_to_one,488,12,no_candidate,,,,,,,,,
R3C4,reciprocal_one_to_one,489,12,no_candidate,,,,,,,,,
R3C4,reciprocal_one_to_one,490,12,no_candidate,,,,,,,,,
R3C4,reciprocal_one_to_one,491,12,no_candidate,,,,,,,,,
R3C4,reciprocal_one_to_one,492,12,no_candidate,,,,,,,,,
R3C4,reciprocal_one_to_one,493,12,no_candidate,,,,,,,,,
R3C4,reciprocal_one_to_one,494,12,no_candidate,,,,,,,,,
R3C4,reciprocal_one_to_one,495,12,no_candidate,,,,,,,,,
R3C4,reciprocal_one_to_one,496,12,no_candidate,,,,,,,,,
R3C4,reciprocal_one_to_one,497,12,no_candidate,,,,,,,,,
R3C4,reciprocal_one_to_one,498,12,no_candidate,,,,,,,,,
R3C4,reciprocal_one_to_one,499,13,no_candidate,,,,,,,,,
R3C4,reciprocal_one_to_one,500,13,no_candidate,,,,,,,,,
R3C4,reciprocal_one_to_one,501,13,no_candidate,,,,,,,,,
R3C4,reciprocal_one_to_one,502,13,no_candidate,,,,,,,,,
R3C4,reciprocal_one_to_one,503,13,no_candidate,,,,,,,,,
R3C4,reciprocal_one_to_one,504,13,no_candidate,,,,,,,,,
R3C4,reciprocal_one_to_one,505,13,no_candidate,,,,,,,,,
R3C4,reciprocal_one_to_one,506,13,no_candidate,,,,,,,,,
R3C4,reciprocal_one_to_one,507,13,no_candidate,,,,,,,,,
R3C4,reciprocal_one_to_one,508,13,no_candidate,,,,,,,,,
R3C4,reciprocal_one_to_one,509,13,no_candidate,,,,,,,,,
R3C4,reciprocal_one_to_one,510,13,no_candidate,,,,,,,,,
R3C4,reciprocal_one_to_one,511,13,no_candidate,,,,,,,,,
R3C4,reciprocal_one_to_one,512,13,no_candidate,,,,,,,,,
R3C4,reciprocal_one_to_one,513,13,no_candidate,,,,,,,,,
R3C4,reciprocal_one_to_one,514,13,no_candidate,,,,,,,,,
R3C4,reciprocal_one_to_one,515,13,no_candidate,,,,,,,,,
R3C4,reciprocal_one_to_one,516,13,no_candidate,,,,,,,,,
R3C4,reciprocal_one_to_one,517,13,no_candidate,,,,,,,,,
R3C4,reciprocal_one_to_one,518,13,no_candidate,,,,,,,,,
R3C4,reciprocal_one_to_one,519,13,no_candidate,,,,,,,,,
R3C4,reciprocal_one_to_one,520,13,no_candidate,,,,,,,,,
R3C4,reciprocal_one_to_one,521,13,no_candidate,,,,,,,,,
R3C4,reciprocal_one_to_one,522,13,no_candidate,,,,,,,,,
R3C4,reciprocal_one_to_one,523,13,no_candidate,,,,,,,,,
R3C4,reciprocal_one_to_one,524,14,no_candidate,,,,,,,,,
R3C4,reciprocal_one_to_one,525,14,no_candidate,,,,,,,,,
R3C4,reciprocal_one_to_one,526,14,no_candidate,,,,,,,,,
R3C4,reciprocal_one_to_one,527,14,no_candidate,,,,,,,,,
R3C4,reciprocal_one_to_one,528,14,no_candidate,,,,,,,,,
R3C4,reciprocal_one_to_one,529,14,no_candidate,,,,,,,,,
R3C4,reciprocal_one_to_one,530,14,no_candidate,,,,,,,,,
R3C4,reciprocal_one_to_one,531,14,no_candidate,,,,,,,,,
R3C4,reciprocal_one_to_one,532,14,no_candidate,,,,,,,,,
R3C4,reciprocal_one_to_one,533,14,no_candidate,,,,,,,,,
R3C4,reciprocal_one_to_one,534,14,no_candidate,,,,,,,,,
R3C4,reciprocal_one_to_one,535,14,no_candidate,,,,,,,,,
R3C4,reciprocal_one_to_one,536,14,no_candidate,,,,,,,,,
R3C4,reciprocal_one_to_one,537,14,no_candidate,,,,,,,,,
R3C4,reciprocal_one_to_one,538,14,no_candidate,,,,,,,,,
R3C4,reciprocal_one_to_one,539,14,no_candidate,,,,,,,,,
R3C4,reciprocal_one_to_one,540,14,no_candidate,,,,,,,,,
R3C4,reciprocal_one_to_one,541,14,no_candidate,,,,,,,,,
R3C4,reciprocal_one_to_one,542,14,no_candidate,,,,,,,,,
R3C4,reciprocal_one_to_one,543,15,no_candidate,,,,,,,,,
R3C4,reciprocal_one_to_one,544,15,no_candidate,,,,,,,,,
R3C4,reciprocal_one_to_one,545,15,no_candidate,,,,,,,,,
R3C4,reciprocal_one_to_one,546,15,no_candidate,,,,,,,,,
R3C4,reciprocal_one_to_one,547,15,no_candidate,,,,,,,,,
R3C4,reciprocal_one_to_one,548,15,no_candidate,,,,,,,,,
R3C4,reciprocal_one_to_one,549,15,no_candidate,,,,,,,,,
R3C4,reciprocal_one_to_one,550,15,no_candidate,,,,,,,,,
R3C4,reciprocal_one_to_one,551,15,no_candidate,,,,,,,,,
R3C4,reciprocal_one_to_one,552,15,no_candidate,,,,,,,,,
R3C4,reciprocal_one_to_one,553,15,no_candidate,,,,,,,,,
R3C4,reciprocal_one_to_one,554,15,no_candidate,,,,,,,,,
R3C4,reciprocal_one_to_one,555,15,no_candidate,,,,,,,,,
R3C4,reciprocal_one_to_one,556,15,no_candidate,,,,,,,,,
R3C4,reciprocal_one_to_one,557,15,no_candidate,,,,,,,,,
R3C4,reciprocal_one_to_one,558,15,no_candidate,,,,,,,,,
R3C4,reciprocal_one_to_one,559,15,no_candidate,,,,,,,,,
R3C4,reciprocal_one_to_one,560,15,no_candidate,,,,,,,,,
R3C4,reciprocal_one_to_one,561,15,no_candidate,,,,,,,,,
R3C4,reciprocal_one_to_one,562,15,no_candidate,,,,,,,,,
R3C4,reciprocal_one_to_one,563,15,no_candidate,,,,,,,,,
R3C4,reciprocal_one_to_one,564,15,no_candidate,,,,,,,,,
R3C4,reciprocal_one_to_one,565,16,no_candidate,,,,,,,,,
R3C4,reciprocal_one_to_one,566,16,no_candidate,,,,,,,,,
R3C4,reciprocal_one_to_one,567,16,no_candidate,,,,,,,,,
R3C4,reciprocal_one_to_one,568,16,no_candidate,,,,,,,,,
R3C4,reciprocal_one_to_one,569,16,no_candidate,,,,,,,,,
R3C4,reciprocal_one_to_one,570,16,no_candidate,,,,,,,,,
R3C4,reciprocal_one_to_one,571,16,no_candidate,,,,,,,,,
R3C4,reciprocal_one_to_one,572,16,no_candidate,,,,,,,,,
R3C4,reciprocal_one_to_one,573,16,no_candidate,,,,,,,,,
R3C4,reciprocal_one_to_one,574,16,no_candidate,,,,,,,,,
R3C4,reciprocal_one_to_one,575,16,no_candidate,,,,,,,,,
R3C4,reciprocal_one_to_one,576,16,no_candidate,,,,,,,,,
R3C4,reciprocal_one_to_one,577,16,no_candidate,,,,,,,,,
R3C4,reciprocal_one_to_one,578,16,no_candidate,,,,,,,,,
R3C4,reciprocal_one_to_one,579,16,no_candidate,,,,,,,,,
R3C4,reciprocal_one_to_one,580,16,no_candidate,,,,,,,,,
R3C4,reciprocal_one_to_one,581,16,no_candidate,,,,,,,,,
R3C4,reciprocal_one_to_one,582,17,no_candidate,,,,,,,,,
R3C4,reciprocal_one_to_one,583,17,no_candidate,,,,,,,,,
R3C4,reciprocal_one_to_one,584,17,no_candidate,,,,,,,,,
R3C4,reciprocal_one_to_one,585,17,no_candidate,,,,,,,,,
R3C4,reciprocal_one_to_one,586,17,no_candidate,,,,,,,,,
R3C4,reciprocal_one_to_one,587,17,no_candidate,,,,,,,,,
R3C4,reciprocal_one_to_one,588,17,no_candidate,,,,,,,,,
R3C4,reciprocal_one_to_one,589,17,no_candidate,,,,,,,,,
R3C4,reciprocal_one_to_one,590,17,no_candidate,,,,,,,,,
R3C4,reciprocal_one_to_one,591,17,no_candidate,,,,,,,,,
R3C4,reciprocal_one_to_one,592,17,no_candidate,,,,,,,,,
R3C4,reciprocal_one_to_one,593,17,no_candidate,,,,,,,,,
R3C4,reciprocal_one_to_one,594,17,no_candidate,,,,,,,,,
R3C4,reciprocal_one_to_one,595,18,no_candidate,,,,,,,,,
R3C4,reciprocal_one_to_one,596,18,no_candidate,,,,,,,,,
R3C4,reciprocal_one_to_one,597,18,no_candidate,,,,,,,,,
R3C4,reciprocal_one_to_one,598,18,no_candidate,,,,,,,,,
R3C4,reciprocal_one_to_one,599,19,no_candidate,,,,,,,,,
R3C4,reciprocal_one_to_one,600,19,no_candidate,,,,,,,,,
R3C4,reciprocal_one_to_one,601,20,no_candidate,,,,,,,,,
R3C4,independent_many_to_one,0,0,seed,,,,,0.0,-35.3204126934,0.0,0.0,
R3C4,independent_many_to_one,1,0,seed,,,,,0.0,81.9496567324,0.0,0.0,
R3C4,independent_many_to_one,2,0,seed,,,,,0.0,-20.1704174118,0.0,0.0,
R3C4,independent_many_to_one,3,0,seed,,,,,0.0,-17.5040737731,0.0,0.0,
R3C4,independent_many_to_one,4,0,seed,,,,,0.0,39.5929034831,0.0,0.0,
R3C4,independent_many_to_one,5,0,seed,,,,,0.0,-16.5099558393,0.0,0.0,
R3C4,independent_many_to_one,6,0,seed,,,,,0.0,-18.3691911415,0.0,0.0,
R3C4,independent_many_to_one,7,0,seed,,,,,0.0,-52.5251367382,0.0,0.0,
R3C4,independent_many_to_one,8,0,seed,,,,,0.0,-55.945212132,0.0,0.0,
R3C4,independent_many_to_one,9,0,seed,,,,,0.0,44.4559489475,0.0,0.0,
R3C4,independent_many_to_one,10,0,seed,,,,,0.0,-66.8557682855,0.0,0.0,
R3C4,independent_many_to_one,11,0,seed,,,,,0.0,13.3824633838,0.0,0.0,
R3C4,independent_many_to_one,12,0,seed,,,,,0.0,77.4926676152,0.0,0.0,
R3C4,independent_many_to_one,13,0,seed,,,,,0.0,-1.0986837173,0.0,0.0,
R3C4,independent_many_to_one,14,0,seed,,,,,0.0,-51.5878237106,0.0,0.0,
R3C4,independent_many_to_one,15,0,seed,,,,,0.0,-55.0631362992,0.0,0.0,
R3C4,independent_many_to_one,16,0,seed,,,,,0.0,13.1682739909,0.0,0.0,
R3C4,independent_many_to_one,17,0,seed,,,,,0.0,40.4109997263,0.0,0.0,
R3C4,independent_many_to_one,18,0,seed,,,,,0.0,34.7923049161,0.0,0.0,
R3C4,independent_many_to_one,19,0,seed,,,,,0.0,-28.432110545,0.0,0.0,
R3C4,independent_many_to_one,20,0,seed,,,,,0.0,-18.7519878986,0.0,0.0,
R3C4,independent_many_to_one,21,0,seed,,,,,0.0,-16.3200444245,0.0,0.0,
R3C4,independent_many_to_one,22,0,seed,,,,,0.0,-62.8002494392,0.0,0.0,
R3C4,independent_many_to_one,23,0,seed,,,,,0.0,63.1015225154,0.0,0.0,
R3C4,independent_many_to_one,24,0,seed,,,,,0.0,-88.7299659775,0.0,0.0,
R3C4,independent_many_to_one,25,0,seed,,,,,0.0,-13.5941800409,0.0,0.0,
R3C4,independent_many_to_one,26,0,seed,,,,,0.0,-54.5255480137,0.0,0.0,
R3C4,independent_many_to_one,27,0,seed,,,,,0.0,-58.10439223,0.0,0.0,
R3C4,independent_many_to_one,28,0,seed,,,,,0.0,-66.328484353,0.0,0.0,
R3C4,independent_many_to_one,29,0,seed,,,,,0.0,-88.2225151857,0.0,0.0,
R3C4,independent_many_to_one,30,0,seed,,,,,0.0,-88.6932011561,0.0,0.0,
R3C4,independent_many_to_one,31,1,no_candidate,,,,,,,,,
R3C4,independent_many_to_one,32,1,no_candidate,,,,,,,,,
R3C4,independent_many_to_one,33,1,matched,2.0,6.58873009115,-16.7548896121,-16.7548896121,-16.7548896121,-36.9253070239,-16.7548896121,16.7548896121,0.747253470972
R3C4,independent_many_to_one,34,1,no_candidate,,,,,,,,,
R3C4,independent_many_to_one,35,1,matched,5.0,12.8736078397,11.4447422119,11.4447422119,11.4447422119,-5.06521362746,11.4447422119,11.4447422119,0.500920781029
R3C4,independent_many_to_one,36,1,matched,5.0,9.93737492236,-1.32432743379,-1.32432743379,-1.32432743379,-17.8342832731,-1.32432743379,1.32432743379,0.107745402151
R3C4,independent_many_to_one,37,1,no_candidate,,,,,,,,,
R3C4,independent_many_to_one,38,1,matched,7.0,6.90071198238,7.97172603447,7.97172603447,7.97172603447,-44.5534107038,7.97172603447,7.97172603447,0.208713594156
R3C4,independent_many_to_one,39,1,matched,9.0,8.81317321388,1.54863700191,1.54863700191,1.54863700191,46.0045859494,1.54863700191,1.54863700191,0.0872931742045
R3C4,independent_many_to_one,40,1,no_candidate,,,,,,,,,
R3C4,independent_many_to_one,41,1,matched,9.0,13.1699444801,15.9969932036,15.9969932036,15.9969932036,60.4529421512,15.9969932036,15.9969932036,0.821302841533
R3C4,independent_many_to_one,42,1,matched,11.0,8.16094760393,-18.7797257271,-18.7797257271,-18.7797257271,-5.3972623433,-18.7797257271,18.7797257271,0.951405018598
R3C4,independent_many_to_one,43,1,no_candidate,,,,,,,,,
R3C4,independent_many_to_one,44,1,matched,11.0,9.7788403905,-8.6498393795,-8.6498393795,-8.6498393795,4.7326240043,-8.6498393795,8.6498393795,0.287138499651
R3C4,independent_many_to_one,45,1,matched,13.0,7.97125062316,1.45868962059,1.45868962059,1.45868962059,0.360005903295,1.45868962059,1.45868962059,0.0718261409678
R3C4,independent_many_to_one,46,1,no_candidate,,,,,,,,,
R3C4,independent_many_to_one,47,1,no_candidate,,,,,,,,,
R3C4,independent_many_to_one,48,1,matched,17.0,9.56006865098,-1.09493580372,-1.09493580372,-1.09493580372,39.3160639226,-1.09493580372,1.09493580372,0.0986581212956
R3C4,independent_many_to_one,49,1,matched,16.0,7.66759542616,7.45556827254,7.45556827254,7.45556827254,20.6238422634,7.45556827254,7.45556827254,0.200499972926
R3C4,independent_many_to_one,50,1,matched,17.0,7.23429405029,4.76737763373,4.76737763373,4.76737763373,45.1783773601,4.76737763373,4.76737763373,0.111597550999
R3C4,independent_many_to_one,51,1,matched,16.0,8.85507428524,-0.227120675966,-0.227120675966,-0.227120675966,12.9411533149,-0.227120675966,0.227120675966,0.082201316299
R3C4,independent_many_to_one,52,1,no_candidate,,,,,,,,,
R3C4,independent_many_to_one,53,1,no_candidate,,,,,,,,,
R3C4,independent_many_to_one,54,1,matched,21.0,9.27100661723,16.4688235889,16.4688235889,16.4688235889,0.148779164412,16.4688235889,16.4688235889,0.768018860699
R3C4,independent_many_to_one,55,1,matched,21.0,6.72002806083,17.0359599204,17.0359599204,17.0359599204,0.715915495892,17.0359599204,17.0359599204,0.772826458312
R3C4,independent_many_to_one,56,1,matched,21.0,8.11147157635,19.6769966065,19.6769966065,19.6769966065,3.35695218197,19.6769966065,19.6769966065,1.03682758758
R3C4,independent_many_to_one,57,1,matched,23.0,10.7738442246,-6.30331065245,-6.30331065245,-6.30331065245,56.7982118629,-6.30331065245,6.30331065245,0.220823044468
R3C4,independent_many_to_one,58,1,no_candidate,,,,,,,,,
R3C4,independent_many_to_one,59,1,matched,23.0,8.8021422858,-11.7849877555,-11.7849877555,-11.7849877555,51.3165347599,-11.7849877555,11.7849877555,0.428308940639
R3C4,independent_many_to_one,60,1,no_candidate,,,,,,,,,
R3C4,independent_many_to_one,61,1,no_candidate,,,,,,,,,
R3C4,independent_many_to_one,62,1,matched,26.0,8.51036377036,-5.6695472367,-5.6695472367,-5.6695472367,-60.1950952504,-5.6695472367,5.6695472367,0.156166314357
R3C4,independent_many_to_one,63,1,matched,27.0,7.72575642831,-11.6768674863,-11.6768674863,-11.6768674863,-69.7812597163,-11.6768674863,11.6768674863,0.403346394925
R3C4,independent_many_to_one,64,1,no_candidate,,,,,,,,,
R3C4,independent_many_to_one,65,1,matched,27.0,8.70673142882,-7.30151366734,-7.30151366734,-7.30151366734,-65.4059058973,-7.30151366734,7.30151366734,0.212625842728
R3C4,independent_many_to_one,66,1,matched,28.0,8.35348947348,-0.625772248444,-0.625772248444,-0.625772248444,-66.9542566015,-0.625772248444,0.625772248444,0.0740168888246
R3C4,independent_many_to_one,67,1,matched,28.0,7.8130471647,-7.72366973863,-7.72366973863,-7.72366973863,-74.0521540916,-7.72366973863,7.72366973863,0.21303070013
R3C4,independent_many_to_one,68,1,local_ambiguity,,,,,,,,,
R3C4,independent_many_to_one,69,1,no_candidate,,,,,,,,,
R3C4,independent_many_to_one,70,2,no_candidate,,,,,,,,,
R3C4,independent_many_to_one,71,2,no_candidate,,,,,,,,,
R3C4,independent_many_to_one,72,2,no_candidate,,,,,,,,,
R3C4,independent_many_to_one,73,2,no_candidate,,,,,,,,,
R3C4,independent_many_to_one,74,2,no_candidate,,,,,,,,,
R3C4,independent_many_to_one,75,2,no_candidate,,,,,,,,,
R3C4,independent_many_to_one,76,2,matched,38.0,7.41827470013,-8.82570115727,-16.7974271917,-8.82570115727,-53.379111861,-0.853975122802,16.7974271917,0.252331948747
R3C4,independent_many_to_one,77,2,no_candidate,,,,,,,,,
R3C4,independent_many_to_one,78,2,no_candidate,,,,,,,,,
R3C4,independent_many_to_one,79,2,no_candidate,,,,,,,,,
R3C4,independent_many_to_one,80,2,no_candidate,,,,,,,,,
R3C4,independent_many_to_one,81,2,no_candidate,,,,,,,,,
R3C4,independent_many_to_one,82,2,no_candidate,,,,,,,,,
R3C4,independent_many_to_one,83,2,no_candidate,,,,,,,,,
R3C4,independent_many_to_one,84,2,no_candidate,,,,,,,,,
R3C4,independent_many_to_one,85,2,no_candidate,,,,,,,,,
R3C4,independent_many_to_one,86,2,no_candidate,,,,,,,,,
R3C4,independent_many_to_one,87,2,matched,45.0,11.1159717936,-7.20752074807,-8.66621036866,-7.20752074807,-6.84751484477,-5.74883112748,8.66621036866,0.259203295058
R3C4,independent_many_to_one,88,2,no_candidate,,,,,,,,,
R3C4,independent_many_to_one,89,2,matched,48.0,11.9809750857,-6.62688279652,-5.53194699279,-6.62688279652,32.6891811261,-7.72181860024,7.72181860024,0.260032828229
R3C4,independent_many_to_one,90,2,matched,48.0,10.4272664006,-11.0169082323,-9.92197242861,-11.0169082323,28.2991556903,-12.1118440361,12.1118440361,0.417233592775
R3C4,independent_many_to_one,91,2,no_candidate,,,,,,,,,
R3C4,independent_many_to_one,92,2,local_ambiguity,,,,,,,,,
R3C4,independent_many_to_one,93,2,no_candidate,,,,,,,,,
R3C4,independent_many_to_one,94,2,no_candidate,,,,,,,,,
R3C4,independent_many_to_one,95,2,no_candidate,,,,,,,,,
R3C4,independent_many_to_one,96,2,matched,56.0,8.61701696875,2.26921685899,-17.4077797475,2.26921685899,5.62616904095,21.9462134655,21.9462134655,0.0905922160562
R3C4,independent_many_to_one,97,2,matched,56.0,8.93988755366,5.92632093966,-13.7506756668,5.92632093966,9.28327312163,25.6033175461,25.6033175461,0.171455251875
R3C4,independent_many_to_one,98,2,matched,57.0,8.78110373055,-19.0333423978,-12.7300317454,-19.0333423978,37.7648694651,-25.3366530503,25.3366530503,0.986377213769
R3C4,independent_many_to_one,99,2,no_candidate,,,,,,,,,
R3C4,independent_many_to_one,100,2,no_candidate,,,,,,,,,
R3C4,independent_many_to_one,101,2,matched,59.0,8.72716205442,-1.26445849848,10.520529257,-1.26445849848,50.0520762614,-13.049446254,13.049446254,0.0837155372258
R3C4,independent_many_to_one,102,2,matched,62.0,15.0470118918,7.08946081454,12.7590080512,7.08946081454,-53.1056344358,1.41991357784,12.7590080512,0.362631857108
R3C4,independent_many_to_one,103,2,matched,62.0,10.3139929998,5.74566018207,11.4152074188,5.74566018207,-54.4494350683,0.0761129453712,11.4152074188,0.19387535622
R3C4,independent_many_to_one,104,2,no_candidate,,,,,,,,,
R3C4,independent_many_to_one,105,2,matched,62.0,7.85266726414,2.83040717122,8.49995440792,2.83040717122,-57.3646880792,-2.83914006548,8.49995440792,0.0845706746599
R3C4,independent_many_to_one,106,2,no_candidate,,,,,,,,,
R3C4,independent_many_to_one,107,2,matched,63.0,8.23864785161,-8.66781447148,3.00905301485,-8.66781447148,-78.4490741878,-20.3446819578,20.3446819578,0.258871022239
R3C4,independent_many_to_one,108,2,no_candidate,,,,,,,,,
R3C4,independent_many_to_one,109,2,matched,67.0,8.6380189565,-10.552610569,-2.82894083039,-10.552610569,-84.6047646607,-18.2762803077,18.2762803077,0.356492132891
R3C4,independent_many_to_one,110,2,no_candidate,,,,,,,,,
R3C4,independent_many_to_one,111,2,no_candidate,,,,,,,,,
R3C4,independent_many_to_one,112,3,no_candidate,,,,,,,,,
R3C4,independent_many_to_one,113,3,no_candidate,,,,,,,,,
R3C4,independent_many_to_one,114,3,no_candidate,,,,,,,,,
R3C4,independent_many_to_one,115,3,no_candidate,,,,,,,,,
R3C4,independent_many_to_one,116,3,no_candidate,,,,,,,,,
R3C4,independent_many_to_one,117,3,no_candidate,,,,,,,,,
R3C4,independent_many_to_one,118,3,no_candidate,,,,,,,,,
R3C4,independent_many_to_one,119,3,no_candidate,,,,,,,,,
R3C4,independent_many_to_one,120,3,no_candidate,,,,,,,,,
R3C4,independent_many_to_one,121,3,no_candidate,,,,,,,,,
R3C4,independent_many_to_one,122,3,no_candidate,,,,,,,,,
R3C4,independent_many_to_one,123,3,no_candidate,,,,,,,,,
R3C4,independent_many_to_one,124,3,no_candidate,,,,,,,,,
R3C4,independent_many_to_one,125,3,no_candidate,,,,,,,,,
R3C4,independent_many_to_one,126,3,no_candidate,,,,,,,,,
R3C4,independent_many_to_one,127,3,no_candidate,,,,,,,,,
R3C4,independent_many_to_one,128,3,matched,87.0,9.083847849,-13.8315490263,-6.62402827823,-13.8315490263,-20.6790638711,-19.5803801538,22.497759395,0.56464723732
R3C4,independent_many_to_one,129,3,matched,90.0,12.4556511685,13.2436646522,24.2605728846,13.2436646522,41.5428203425,1.13182061617,25.3555086883,0.600871428415
R3C4,independent_many_to_one,130,3,no_candidate,,,,,,,,,
R3C4,independent_many_to_one,131,3,no_candidate,,,,,,,,,
R3C4,independent_many_to_one,132,3,no_candidate,,,,,,,,,
R3C4,independent_many_to_one,133,3,matched,96.0,24.8051684782,13.9375650124,11.6683481534,13.9375650124,19.5637340533,35.8837784778,35.8837784778,1.12965558131
R3C4,independent_many_to_one,134,3,no_candidate,,,,,,,,,
R3C4,independent_many_to_one,135,3,no_candidate,,,,,,,,,
R3C4,independent_many_to_one,136,3,matched,96.0,8.59681770402,14.9976306759,12.7284138169,14.9976306759,20.6237997168,36.9438441413,36.9438441413,0.639677231345
R3C4,independent_many_to_one,137,3,matched,97.0,8.31672139621,-4.70782974587,-10.6341506855,-4.70782974587,4.57544337575,20.8954878003,30.311147292,0.127805522724
R3C4,independent_many_to_one,138,3,matched,102.0,9.72472959383,-3.44298330921,-10.5324441238,-3.44298330921,-56.548617745,-2.02306973137,16.2019913605,0.12861991763
R3C4,independent_many_to_one,139,3,matched,101.0,7.46775452724,9.59872015383,10.8631786523,9.59872015383,59.6507964153,-3.45072610012,22.6481664078,0.288708956066
R3C4,independent_many_to_one,140,3,matched,102.0,8.2823160454,-7.33781204948,-14.427272864,-7.33781204948,-60.4434464853,-5.91789847163,20.0968201007,0.206407332144
R3C4,independent_many_to_one,141,3,no_candidate,,,,,,,,,
R3C4,independent_many_to_one,142,3,no_candidate,,,,,,,,,
R3C4,independent_many_to_one,143,3,matched,105.0,8.50066245939,1.59220324294,-1.23820392828,1.59220324294,-55.7724848362,-1.24693682254,10.0921576509,0.0819719453528
R3C4,independent_many_to_one,144,3,no_candidate,,,,,,,,,
R3C4,independent_many_to_one,145,3,no_candidate,,,,,,,,,
R3C4,independent_many_to_one,146,3,no_candidate,,,,,,,,,
R3C4,independent_many_to_one,147,3,matched,109.0,9.61264752861,-4.999269432,5.55334113702,-4.999269432,-89.6040340927,-23.2755497397,23.2755497397,0.159197780967
R3C4,independent_many_to_one,148,4,no_candidate,,,,,,,,,
R3C4,independent_many_to_one,149,4,no_candidate,,,,,,,,,
R3C4,independent_many_to_one,150,4,no_candidate,,,,,,,,,
R3C4,independent_many_to_one,151,4,no_candidate,,,,,,,,,
R3C4,independent_many_to_one,152,4,no_candidate,,,,,,,,,
R3C4,independent_many_to_one,153,4,no_candidate,,,,,,,,,
R3C4,independent_many_to_one,154,4,no_candidate,,,,,,,,,
R3C4,independent_many_to_one,155,4,no_candidate,,,,,,,,,
R3C4,independent_many_to_one,156,4,no_candidate,,,,,,,,,
R3C4,independent_many_to_one,157,4,no_candidate,,,,,,,,,
R3C4,independent_many_to_one,158,4,no_candidate,,,,,,,,,
R3C4,independent_many_to_one,159,4,matched,128.0,18.4273665457,-1.05869478289,12.7728542434,-1.05869478289,-21.737758654,-20.6390749367,23.5564541778,0.358219773785
R3C4,independent_many_to_one,160,4,matched,128.0,10.9698353257,10.9202485941,24.7517976204,10.9202485941,-9.75881527698,-8.66013155968,33.4180079891,0.424083787809
R3C4,independent_many_to_one,161,4,no_candidate,,,,,,,,,
R3C4,independent_many_to_one,162,4,matched,128.0,9.34484772211,9.7687752212,23.6003242475,9.7687752212,-10.9102886499,-9.81160493258,32.2665346162,0.329974685523
R3C4,independent_many_to_one,163,4,no_candidate,,,,,,,,,
R3C4,independent_many_to_one,164,4,no_candidate,,,,,,,,,
R3C4,independent_many_to_one,165,4,no_candidate,,,,,,,,,
R3C4,independent_many_to_one,166,4,no_candidate,,,,,,,,,
R3C4,independent_many_to_one,167,4,no_candidate,,,,,,,,,
R3C4,independent_many_to_one,168,4,no_candidate,,,,,,,,,
R3C4,independent_many_to_one,169,4,no_candidate,,,,,,,,,
R3C4,independent_many_to_one,170,4,no_candidate,,,,,,,,,
R3C4,independent_many_to_one,171,4,matched,136.0,8.12343112823,-6.88594692886,-21.8835776047,-6.88594692886,13.7378527879,30.0578972125,43.8297910702,0.187610986693
R3C4,independent_many_to_one,172,4,matched,137.0,13.6957517579,3.64056585024,8.34839559612,3.64056585024,8.216009226,24.5360536505,33.9517131423,0.229463201564
R3C4,independent_many_to_one,173,4,matched,137.0,9.7904649485,-16.4181994924,-11.7103697465,-16.4181994924,-11.8427561166,4.47728830792,46.7293467844,0.774220485564
R3C4,independent_many_to_one,174,4,no_candidate,,,,,,,,,
R3C4,independent_many_to_one,175,4,matched,137.0,10.1781590131,-12.3388444717,-7.63101472579,-12.3388444717,-7.76340109591,8.55664332861,42.6499917637,0.489048079873
R3C4,independent_many_to_one,176,4,matched,139.0,8.5242821583,11.5077614399,1.90904128605,11.5077614399,71.1585578551,8.05703533976,34.1559278477,0.407126494652
R3C4,independent_many_to_one,177,4,no_candidate,,,,,,,,,
R3C4,independent_many_to_one,178,4,no_candidate,,,,,,,,,
R3C4,independent_many_to_one,179,4,matched,139.0,15.5388317515,15.1639856275,5.56526547368,15.1639856275,74.8147820428,11.7132595274,37.8121520353,0.827591738379
R3C4,independent_many_to_one,180,4,no_candidate,,,,,,,,,
R3C4,independent_many_to_one,181,4,matched,143.0,7.83951461318,-4.29820457897,-5.89040782191,-4.29820457897,-60.0706894152,-5.54514140151,14.3903622298,0.110513041742
R3C4,independent_many_to_one,182,4,no_candidate,,,,,,,,,
R3C4,independent_many_to_one,183,4,no_candidate,,,,,,,,,
R3C4,independent_many_to_one,184,4,no_candidate,,,,,,,,,
R3C4,independent_many_to_one,185,4,no_candidate,,,,,,,,,
R3C4,independent_many_to_one,186,5,no_candidate,,,,,,,,,
R3C4,independent_many_to_one,187,5,no_candidate,,,,,,,,,
R3C4,independent_many_to_one,188,5,no_candidate,,,,,,,,,
R3C4,independent_many_to_one,189,5,no_candidate,,,,,,,,,
R3C4,independent_many_to_one,190,5,no_candidate,,,,,,,,,
R3C4,independent_many_to_one,191,5,no_candidate,,,,,,,,,
R3C4,independent_many_to_one,192,5,no_candidate,,,,,,,,,
R3C4,independent_many_to_one,193,5,no_candidate,,,,,,,,,
R3C4,independent_many_to_one,194,5,matched,159.0,9.95224143553,13.7754304591,14.834125242,13.7754304591,-7.96232819482,-6.86364447752,37.331884637,0.578076496101
R3C4,independent_many_to_one,195,5,matched,159.0,8.34947150442,7.14415886564,8.20285364853,7.14415886564,-14.5935997883,-13.494916071,30.7006130435,0.200565181766
R3C4,independent_many_to_one,196,5,matched,162.0,16.4627527158,11.6628985601,1.89412333894,11.6628985601,0.752609910257,1.85129362755,43.9294331763,0.623730611945
R3C4,independent_many_to_one,197,5,no_candidate,,,,,,,,,
R3C4,independent_many_to_one,198,5,no_candidate,,,,,,,,,
R3C4,independent_many_to_one,199,5,matched,162.0,13.1175928976,7.52922654214,-2.23954867905,7.52922654214,-3.38106210773,-2.28237839044,39.7957611583,0.321826063295
R3C4,independent_many_to_one,200,5,matched,162.0,17.8476483947,5.17552956324,-4.59324565796,5.17552956324,-5.73475908664,-4.63607536934,37.4420641794,0.400372094141
R3C4,independent_many_to_one,201,5,no_candidate,,,,,,,,,
R3C4,independent_many_to_one,202,5,no_candidate,,,,,,,,,
R3C4,independent_many_to_one,203,5,no_candidate,,,,,,,,,
R3C4,independent_many_to_one,204,5,no_candidate,,,,,,,,,
R3C4,independent_many_to_one,205,5,matched,171.0,12.2097998324,-10.0754010677,-3.18945413882,-10.0754010677,3.66245172026,19.9824961448,53.9051921379,0.40982197938
R3C4,independent_many_to_one,206,5,no_candidate,,,,,,,,,
R3C4,independent_many_to_one,207,5,matched,171.0,9.95663714226,-1.16880481425,5.71714211461,-1.16880481425,12.5690479737,28.8890923982,44.9985958844,0.107177145421
R3C4,independent_many_to_one,208,5,no_candidate,,,,,,,,,
R3C4,independent_many_to_one,209,5,no_candidate,,,,,,,,,
R3C4,independent_many_to_one,210,5,no_candidate,,,,,,,,,
R3C4,independent_many_to_one,211,5,matched,173.0,7.75745302872,-1.11075467966,15.3074448127,-1.11075467966,-12.9535107963,3.36653362826,47.840101464,0.0660714214047
R3C4,independent_many_to_one,212,5,matched,175.0,7.29506481702,-1.12479845985,11.2140460118,-1.12479845985,-8.88819955576,7.43184486876,43.7747902235,0.058864929984
R3C4,independent_many_to_one,213,5,no_candidate,,,,,,,,,
R3C4,independent_many_to_one,214,5,no_candidate,,,,,,,,,
R3C4,independent_many_to_one,215,5,no_candidate,,,,,,,,,
R3C4,independent_many_to_one,216,5,no_candidate,,,,,,,,,
R3C4,independent_many_to_one,217,5,matched,181.0,8.54618927687,8.1657929203,12.4639974993,8.1657929203,-51.9048964949,2.62065151879,22.5561551501,0.243146916526
R3C4,independent_many_to_one,218,5,matched,181.0,10.5247203609,-1.21227886325,3.08592571572,-1.21227886325,-61.2829682784,-6.75742026476,15.6026410931,0.119614136135
R3C4,independent_many_to_one,219,5,no_candidate,,,,,,,,,
R3C4,independent_many_to_one,220,5,no_candidate,,,,,,,,,
R3C4,independent_many_to_one,221,5,no_candidate,,,,,,,,,
R3C4,independent_many_to_one,222,6,no_candidate,,,,,,,,,
R3C4,independent_many_to_one,223,6,no_candidate,,,,,,,,,
R3C4,independent_many_to_one,224,6,no_candidate,,,,,,,,,
R3C4,independent_many_to_one,225,6,no_candidate,,,,,,,,,
R3C4,independent_many_to_one,226,6,no_candidate,,,,,,,,,
R3C4,independent_many_to_one,227,6,no_candidate,,,,,,,,,
R3C4,independent_many_to_one,228,6,no_candidate,,,,,,,,,
R3C4,independent_many_to_one,229,6,no_candidate,,,,,,,,,
R3C4,independent_many_to_one,230,6,matched,195.0,18.6968936563,-9.19541335995,-16.3395722256,-9.19541335995,-23.7890131483,-22.690329431,39.8960264034,0.577279794047
R3C4,independent_many_to_one,231,6,matched,195.0,15.2202761774,-10.6119412109,-17.7561000765,-10.6119412109,-25.2055409992,-24.1068572819,41.3125542544,0.524002984152
R3C4,independent_many_to_one,232,6,no_candidate,,,,,,,,,
R3C4,independent_many_to_one,233,6,matched,194.0,8.92540182231,8.97407146265,-4.80135899649,8.97407146265,1.01174326784,2.11042698513,46.3059560996,0.284716077432
R3C4,independent_many_to_one,234,6,no_candidate,,,,,,,,,
R3C4,independent_many_to_one,235,6,matched,194.0,12.2010148758,10.3595427631,-3.41588769603,10.3595427631,2.39721456829,3.49589828559,47.6914274001,0.424113570711
R3C4,independent_many_to_one,236,6,no_candidate,,,,,,,,,
R3C4,independent_many_to_one,237,6,matched,199.0,9.74312350753,8.35124255935,0.822016017211,8.35124255935,4.97018045162,6.06886416892,48.1470037177,0.273717517584
R3C4,independent_many_to_one,238,6,matched,199.0,6.83702567451,5.63794391321,-1.89128262894,5.63794391321,2.25688180547,3.35556552277,45.4337050715,0.128392839796
R3C4,independent_many_to_one,239,6,matched,199.0,6.96316185439,-0.183530888512,-7.71275743065,-0.183530888512,-3.56459299624,-2.46590927895,39.9792920468,0.0508329727574
R3C4,independent_many_to_one,240,6,matched,199.0,9.42605708402,-6.21297829503,-13.7422048372,-6.21297829503,-9.59404040276,-8.49535668546,46.0087394533,0.189500536111
R3C4,independent_many_to_one,241,6,no_candidate,,,,,,,,,
R3C4,independent_many_to_one,242,6,no_candidate,,,,,,,,,
R3C4,independent_many_to_one,243,6,matched,207.0,8.88881043403,-8.95580000496,-7.78699519071,-8.95580000496,3.61324796873,19.9332923932,53.9543958894,0.283214792508
R3C4,independent_many_to_one,244,6,no_candidate,,,,,,,,,
R3C4,independent_many_to_one,245,6,no_candidate,,,,,,,,,
R3C4,independent_many_to_one,246,6,matched,211.0,8.6722290171,4.51644928184,5.6272039615,4.51644928184,-8.43706151442,7.8829829101,52.3565507459,0.129713769384
R3C4,independent_many_to_one,247,6,no_candidate,,,,,,,,,
R3C4,independent_many_to_one,248,6,no_candidate,,,,,,,,,
R3C4,independent_many_to_one,249,6,no_candidate,,,,,,,,,
R3C4,independent_many_to_one,250,6,no_candidate,,,,,,,,,
R3C4,independent_many_to_one,251,6,no_candidate,,,,,,,,,
R3C4,independent_many_to_one,252,6,matched,217.0,13.439044337,12.2417726834,4.07597976312,12.2417726834,-39.6631238115,14.8624242022,34.7979278336,0.56369055996
R3C4,independent_many_to_one,253,6,no_candidate,,,,,,,,,
R3C4,independent_many_to_one,254,6,matched,217.0,8.99009438459,14.5739185603,6.40812564004,14.5739185603,-37.3309779345,17.1945700791,37.1300737105,0.615592033824
R3C4,independent_many_to_one,255,6,matched,217.0,7.86957876144,14.730861881,6.56506896073,14.730861881,-37.1740346139,17.3515133998,37.2870170312,0.60731668956
R3C4,independent_many_to_one,256,6,no_candidate,,,,,,,,,
R3C4,independent_many_to_one,257,6,matched,218.0,9.53269026267,3.80667629184,5.01895515509,3.80667629184,-57.4762919866,-2.95074397292,19.4093173849,0.131340743094
R3C4,independent_many_to_one,258,6,no_candidate,,,,,,,,,
R3C4,independent_many_to_one,259,6,no_candidate,,,,,,,,,
R3C4,independent_many_to_one,260,7,no_candidate,,,,,,,,,
R3C4,independent_many_to_one,261,7,no_candidate,,,,,,,,,
R3C4,independent_many_to_one,262,7,no_candidate,,,,,,,,,
R3C4,independent_many_to_one,263,7,no_candidate,,,,,,,,,
R3C4,independent_many_to_one,264,7,no_candidate,,,,,,,,,
R3C4,independent_many_to_one,265,7,no_candidate,,,,,,,,,
R3C4,independent_many_to_one,266,7,no_candidate,,,,,,,,,
R3C4,independent_many_to_one,267,7,no_candidate,,,,,,,,,
R3C4,independent_many_to_one,268,7,no_candidate,,,,,,,,,
R3C4,independent_many_to_one,269,7,no_candidate,,,,,,,,,
R3C4,independent_many_to_one,270,7,no_candidate,,,,,,,,,
R3C4,independent_many_to_one,271,7,no_candidate,,,,,,,,,
R3C4,independent_many_to_one,272,7,local_ambiguity,,,,,,,,,
R3C4,independent_many_to_one,273,7,matched,231.0,7.1314993965,-6.07575053822,4.53619067264,-6.07575053822,-31.2812915374,-30.1826078201,47.3883047926,0.1455190335
R3C4,independent_many_to_one,274,7,matched,233.0,7.8558859224,-5.4744003645,-14.4484718272,-5.4744003645,-4.46265709666,-3.36397337937,51.7803564641,0.139518231602
R3C4,independent_many_to_one,275,7,no_candidate,,,,,,,,,
R3C4,independent_many_to_one,276,7,no_candidate,,,,,,,,,
R3C4,independent_many_to_one,277,7,no_candidate,,,,,,,,,
R3C4,independent_many_to_one,278,7,no_candidate,,,,,,,,,
R3C4,independent_many_to_one,279,7,matched,237.0,8.96033212994,17.7740499439,9.42280738457,17.7740499439,22.7442303955,23.8429141128,65.9210536616,0.873827224962
R3C4,independent_many_to_one,280,7,no_candidate,,,,,,,,,
R3C4,independent_many_to_one,281,7,no_candidate,,,,,,,,,
R3C4,independent_many_to_one,282,7,no_candidate,,,,,,,,,
R3C4,independent_many_to_one,283,7,no_candidate,,,,,,,,,
R3C4,independent_many_to_one,284,7,no_candidate,,,,,,,,,
R3C4,independent_many_to_one,285,7,no_candidate,,,,,,,,,
R3C4,independent_many_to_one,286,7,no_candidate,,,,,,,,,
R3C4,independent_many_to_one,287,7,matched,246.0,9.76949893417,7.32811196219,2.81166268035,7.32811196219,-1.10894955224,15.2110948723,59.6846627081,0.234151125191
R3C4,independent_many_to_one,288,7,no_candidate,,,,,,,,,
R3C4,independent_many_to_one,289,7,matched,246.0,7.17037892122,-1.95560953184,-6.47205881367,-1.95560953184,-10.3926710463,5.92737337826,54.3121602777,0.0633751983247
R3C4,independent_many_to_one,290,7,matched,246.0,8.58263777684,-8.28060445425,-12.7970537361,-8.28060445425,-16.7176659687,-0.397621544147,60.6371552001,0.24852096795
R3C4,independent_many_to_one,291,7,no_candidate,,,,,,,,,
R3C4,independent_many_to_one,292,7,no_candidate,,,,,,,,,
R3C4,independent_many_to_one,293,7,no_candidate,,,,,,,,,
R3C4,independent_many_to_one,294,7,no_candidate,,,,,,,,,
R3C4,independent_many_to_one,295,7,no_candidate,,,,,,,,,
R3C4,independent_many_to_one,296,7,no_candidate,,,,,,,,,
R3C4,independent_many_to_one,297,7,no_candidate,,,,,,,,,
R3C4,independent_many_to_one,298,7,no_candidate,,,,,,,,,
R3C4,independent_many_to_one,299,7,local_ambiguity,,,,,,,,,
R3C4,independent_many_to_one,300,7,no_candidate,,,,,,,,,
R3C4,independent_many_to_one,301,7,no_candidate,,,,,,,,,
R3C4,independent_many_to_one,302,7,no_candidate,,,,,,,,,
R3C4,independent_many_to_one,303,7,no_candidate,,,,,,,,,
R3C4,independent_many_to_one,304,7,no_candidate,,,,,,,,,
R3C4,independent_many_to_one,305,7,no_candidate,,,,,,,,,
R3C4,independent_many_to_one,306,8,no_candidate,,,,,,,,,
R3C4,independent_many_to_one,307,8,no_candidate,,,,,,,,,
R3C4,independent_many_to_one,308,8,no_candidate,,,,,,,,,
R3C4,independent_many_to_one,309,8,no_candidate,,,,,,,,,
R3C4,independent_many_to_one,310,8,no_candidate,,,,,,,,,
R3C4,independent_many_to_one,311,8,no_candidate,,,,,,,,,
R3C4,independent_many_to_one,312,8,no_candidate,,,,,,,,,
R3C4,independent_many_to_one,313,8,no_candidate,,,,,,,,,
R3C4,independent_many_to_one,314,8,no_candidate,,,,,,,,,
R3C4,independent_many_to_one,315,8,matched,273.0,10.043996156,1.30520542427,7.38095596249,1.30520542427,-29.9760861131,-28.8774023958,48.6935102168,0.109849577185
R3C4,independent_many_to_one,316,8,no_candidate,,,,,,,,,
R3C4,independent_many_to_one,317,8,no_candidate,,,,,,,,,
R3C4,independent_many_to_one,318,8,no_candidate,,,,,,,,,
R3C4,independent_many_to_one,319,8,no_candidate,,,,,,,,,
R3C4,independent_many_to_one,320,8,no_candidate,,,,,,,,,
R3C4,independent_many_to_one,321,8,no_candidate,,,,,,,,,
R3C4,independent_many_to_one,322,8,no_candidate,,,,,,,,,
R3C4,independent_many_to_one,323,8,no_candidate,,,,,,,,,
R3C4,independent_many_to_one,324,8,no_candidate,,,,,,,,,
R3C4,independent_many_to_one,325,8,no_candidate,,,,,,,,,
R3C4,independent_many_to_one,326,8,no_candidate,,,,,,,,,
R3C4,independent_many_to_one,327,8,no_candidate,,,,,,,,,
R3C4,independent_many_to_one,328,8,no_candidate,,,,,,,,,
R3C4,independent_many_to_one,329,8,no_candidate,,,,,,,,,
R3C4,independent_many_to_one,330,8,no_candidate,,,,,,,,,
R3C4,independent_many_to_one,331,8,no_candidate,,,,,,,,,
R3C4,independent_many_to_one,332,8,no_candidate,,,,,,,,,
R3C4,independent_many_to_one,333,8,no_candidate,,,,,,,,,
R3C4,independent_many_to_one,334,8,no_candidate,,,,,,,,,
R3C4,independent_many_to_one,335,8,no_candidate,,,,,,,,,
R3C4,independent_many_to_one,336,8,no_candidate,,,,,,,,,
R3C4,independent_many_to_one,337,8,no_candidate,,,,,,,,,
R3C4,independent_many_to_one,338,8,no_candidate,,,,,,,,,
R3C4,independent_many_to_one,339,8,matched,287.0,27.2677121107,15.8524356124,8.52432365017,15.8524356124,14.7434860601,31.0635304846,75.5370983204,1.40648272582
R3C4,independent_many_to_one,340,8,no_candidate,,,,,,,,,
R3C4,independent_many_to_one,341,8,no_candidate,,,,,,,,,
R3C4,independent_many_to_one,342,8,no_candidate,,,,,,,,,
R3C4,independent_many_to_one,343,8,no_candidate,,,,,,,,,
R3C4,independent_many_to_one,344,8,no_candidate,,,,,,,,,
R3C4,independent_many_to_one,345,8,no_candidate,,,,,,,,,
R3C4,independent_many_to_one,346,8,no_candidate,,,,,,,,,
R3C4,independent_many_to_one,347,8,no_candidate,,,,,,,,,
R3C4,independent_many_to_one,348,8,no_candidate,,,,,,,,,
R3C4,independent_many_to_one,349,8,no_candidate,,,,,,,,,
R3C4,independent_many_to_one,350,9,no_candidate,,,,,,,,,
R3C4,independent_many_to_one,351,9,no_candidate,,,,,,,,,
R3C4,independent_many_to_one,352,9,no_candidate,,,,,,,,,
R3C4,independent_many_to_one,353,9,no_candidate,,,,,,,,,
R3C4,independent_many_to_one,354,9,no_candidate,,,,,,,,,
R3C4,independent_many_to_one,355,9,no_candidate,,,,,,,,,
R3C4,independent_many_to_one,356,9,no_candidate,,,,,,,,,
R3C4,independent_many_to_one,357,9,no_candidate,,,,,,,,,
R3C4,independent_many_to_one,358,9,no_candidate,,,,,,,,,
R3C4,independent_many_to_one,359,9,no_candidate,,,,,,,,,
R3C4,independent_many_to_one,360,9,no_candidate,,,,,,,,,
R3C4,independent_many_to_one,361,9,no_candidate,,,,,,,,,
R3C4,independent_many_to_one,362,9,no_candidate,,,,,,,,,
R3C4,independent_many_to_one,363,9,no_candidate,,,,,,,,,
R3C4,independent_many_to_one,364,9,no_candidate,,,,,,,,,
R3C4,independent_many_to_one,365,9,no_candidate,,,,,,,,,
R3C4,independent_many_to_one,366,9,no_candidate,,,,,,,,,
R3C4,independent_many_to_one,367,9,no_candidate,,,,,,,,,
R3C4,independent_many_to_one,368,9,no_candidate,,,,,,,,,
R3C4,independent_many_to_one,369,9,no_candidate,,,,,,,,,
R3C4,independent_many_to_one,370,9,no_candidate,,,,,,,,,
R3C4,independent_many_to_one,371,9,no_candidate,,,,,,,,,
R3C4,independent_many_to_one,372,9,no_candidate,,,,,,,,,
R3C4,independent_many_to_one,373,9,no_candidate,,,,,,,,,
R3C4,independent_many_to_one,374,9,no_candidate,,,,,,,,,
R3C4,independent_many_to_one,375,9,no_candidate,,,,,,,,,
R3C4,independent_many_to_one,376,9,no_candidate,,,,,,,,,
R3C4,independent_many_to_one,377,9,no_candidate,,,,,,,,,
R3C4,independent_many_to_one,378,9,no_candidate,,,,,,,,,
R3C4,independent_many_to_one,379,9,no_candidate,,,,,,,,,
R3C4,independent_many_to_one,380,9,matched,339.0,8.41950829722,-6.45334204598,-22.3057776583,-6.45334204598,8.29014401414,24.6101884387,81.9904403664,0.178310990539
R3C4,independent_many_to_one,381,9,matched,339.0,12.9125588501,8.85442784528,-6.99800776708,8.85442784528,23.5979139054,39.9179583299,84.3915261657,0.370518980485
R3C4,independent_many_to_one,382,9,matched,339.0,17.7473178316,14.0130434258,-1.83939218657,14.0130434258,28.7565294859,45.0765739104,89.5501417462,0.820582336442
R3C4,independent_many_to_one,383,9,no_candidate,,,,,,,,,
R3C4,independent_many_to_one,384,9,no_candidate,,,,,,,,,
R3C4,independent_many_to_one,385,9,no_candidate,,,,,,,,,
R3C4,independent_many_to_one,386,9,no_candidate,,,,,,,,,
R3C4,independent_many_to_one,387,9,no_candidate,,,,,,,,,
R3C4,independent_many_to_one,388,9,no_candidate,,,,,,,,,
R3C4,independent_many_to_one,389,9,no_candidate,,,,,,,,,
R3C4,independent_many_to_one,390,9,no_candidate,,,,,,,,,
R3C4,independent_many_to_one,391,9,no_candidate,,,,,,,,,
R3C4,independent_many_to_one,392,9,no_candidate,,,,,,,,,
R3C4,independent_many_to_one,393,9,no_candidate,,,,,,,,,
R3C4,independent_many_to_one,394,9,no_candidate,,,,,,,,,
R3C4,independent_many_to_one,395,9,no_candidate,,,,,,,,,
R3C4,independent_many_to_one,396,10,no_candidate,,,,,,,,,
R3C4,independent_many_to_one,397,10,no_candidate,,,,,,,,,
R3C4,independent_many_to_one,398,10,no_candidate,,,,,,,,,
R3C4,independent_many_to_one,399,10,no_candidate,,,,,,,,,
R3C4,independent_many_to_one,400,10,no_candidate,,,,,,,,,
R3C4,independent_many_to_one,401,10,no_candidate,,,,,,,,,
R3C4,independent_many_to_one,402,10,no_candidate,,,,,,,,,
R3C4,independent_many_to_one,403,10,no_candidate,,,,,,,,,
R3C4,independent_many_to_one,404,10,no_candidate,,,,,,,,,
R3C4,independent_many_to_one,405,10,no_candidate,,,,,,,,,
R3C4,independent_many_to_one,406,10,no_candidate,,,,,,,,,
R3C4,independent_many_to_one,407,10,no_candidate,,,,,,,,,
R3C4,independent_many_to_one,408,10,no_candidate,,,,,,,,,
R3C4,independent_many_to_one,409,10,no_candidate,,,,,,,,,
R3C4,independent_many_to_one,410,10,no_candidate,,,,,,,,,
R3C4,independent_many_to_one,411,10,no_candidate,,,,,,,,,
R3C4,independent_many_to_one,412,10,no_candidate,,,,,,,,,
R3C4,independent_many_to_one,413,10,no_candidate,,,,,,,,,
R3C4,independent_many_to_one,414,10,no_candidate,,,,,,,,,
R3C4,independent_many_to_one,415,10,no_candidate,,,,,,,,,
R3C4,independent_many_to_one,416,10,no_candidate,,,,,,,,,
R3C4,independent_many_to_one,417,10,no_candidate,,,,,,,,,
R3C4,independent_many_to_one,418,10,no_candidate,,,,,,,,,
R3C4,independent_many_to_one,419,10,no_candidate,,,,,,,,,
R3C4,independent_many_to_one,420,10,no_candidate,,,,,,,,,
R3C4,independent_many_to_one,421,10,no_candidate,,,,,,,,,
R3C4,independent_many_to_one,422,10,no_candidate,,,,,,,,,
R3C4,independent_many_to_one,423,10,no_candidate,,,,,,,,,
R3C4,independent_many_to_one,424,10,no_candidate,,,,,,,,,
R3C4,independent_many_to_one,425,10,no_candidate,,,,,,,,,
R3C4,independent_many_to_one,426,10,no_candidate,,,,,,,,,
R3C4,independent_many_to_one,427,10,no_candidate,,,,,,,,,
R3C4,independent_many_to_one,428,10,no_candidate,,,,,,,,,
R3C4,independent_many_to_one,429,10,no_candidate,,,,,,,,,
R3C4,independent_many_to_one,430,10,no_candidate,,,,,,,,,
R3C4,independent_many_to_one,431,10,no_candidate,,,,,,,,,
R3C4,independent_many_to_one,432,10,no_candidate,,,,,,,,,
R3C4,independent_many_to_one,433,10,no_candidate,,,,,,,,,
R3C4,independent_many_to_one,434,10,no_candidate,,,,,,,,,
R3C4,independent_many_to_one,435,10,no_candidate,,,,,,,,,
R3C4,independent_many_to_one,436,10,no_candidate,,,,,,,,,
R3C4,independent_many_to_one,437,11,no_candidate,,,,,,,,,
R3C4,independent_many_to_one,438,11,no_candidate,,,,,,,,,
R3C4,independent_many_to_one,439,11,no_candidate,,,,,,,,,
R3C4,independent_many_to_one,440,11,no_candidate,,,,,,,,,
R3C4,independent_many_to_one,441,11,no_candidate,,,,,,,,,
R3C4,independent_many_to_one,442,11,no_candidate,,,,,,,,,
R3C4,independent_many_to_one,443,11,no_candidate,,,,,,,,,
R3C4,independent_many_to_one,444,11,no_candidate,,,,,,,,,
R3C4,independent_many_to_one,445,11,no_candidate,,,,,,,,,
R3C4,independent_many_to_one,446,11,no_candidate,,,,,,,,,
R3C4,independent_many_to_one,447,11,no_candidate,,,,,,,,,
R3C4,independent_many_to_one,448,11,no_candidate,,,,,,,,,
R3C4,independent_many_to_one,449,11,no_candidate,,,,,,,,,
R3C4,independent_many_to_one,450,11,no_candidate,,,,,,,,,
R3C4,independent_many_to_one,451,11,no_candidate,,,,,,,,,
R3C4,independent_many_to_one,452,11,no_candidate,,,,,,,,,
R3C4,independent_many_to_one,453,11,no_candidate,,,,,,,,,
R3C4,independent_many_to_one,454,11,no_candidate,,,,,,,,,
R3C4,independent_many_to_one,455,11,no_candidate,,,,,,,,,
R3C4,independent_many_to_one,456,11,no_candidate,,,,,,,,,
R3C4,independent_many_to_one,457,11,no_candidate,,,,,,,,,
R3C4,independent_many_to_one,458,11,no_candidate,,,,,,,,,
R3C4,independent_many_to_one,459,11,no_candidate,,,,,,,,,
R3C4,independent_many_to_one,460,11,no_candidate,,,,,,,,,
R3C4,independent_many_to_one,461,11,no_candidate,,,,,,,,,
R3C4,independent_many_to_one,462,11,no_candidate,,,,,,,,,
R3C4,independent_many_to_one,463,11,no_candidate,,,,,,,,,
R3C4,independent_many_to_one,464,11,no_candidate,,,,,,,,,
R3C4,independent_many_to_one,465,11,no_candidate,,,,,,,,,
R3C4,independent_many_to_one,466,11,no_candidate,,,,,,,,,
R3C4,independent_many_to_one,467,11,no_candidate,,,,,,,,,
R3C4,independent_many_to_one,468,11,no_candidate,,,,,,,,,
R3C4,independent_many_to_one,469,11,no_candidate,,,,,,,,,
R3C4,independent_many_to_one,470,11,no_candidate,,,,,,,,,
R3C4,independent_many_to_one,471,11,no_candidate,,,,,,,,,
R3C4,independent_many_to_one,472,11,no_candidate,,,,,,,,,
R3C4,independent_many_to_one,473,11,no_candidate,,,,,,,,,
R3C4,independent_many_to_one,474,11,no_candidate,,,,,,,,,
R3C4,independent_many_to_one,475,11,no_candidate,,,,,,,,,
R3C4,independent_many_to_one,476,11,no_candidate,,,,,,,,,
R3C4,independent_many_to_one,477,11,no_candidate,,,,,,,,,
R3C4,independent_many_to_one,478,12,no_candidate,,,,,,,,,
R3C4,independent_many_to_one,479,12,no_candidate,,,,,,,,,
R3C4,independent_many_to_one,480,12,no_candidate,,,,,,,,,
R3C4,independent_many_to_one,481,12,no_candidate,,,,,,,,,
R3C4,independent_many_to_one,482,12,no_candidate,,,,,,,,,
R3C4,independent_many_to_one,483,12,no_candidate,,,,,,,,,
R3C4,independent_many_to_one,484,12,no_candidate,,,,,,,,,
R3C4,independent_many_to_one,485,12,no_candidate,,,,,,,,,
R3C4,independent_many_to_one,486,12,no_candidate,,,,,,,,,
R3C4,independent_many_to_one,487,12,no_candidate,,,,,,,,,
R3C4,independent_many_to_one,488,12,no_candidate,,,,,,,,,
R3C4,independent_many_to_one,489,12,no_candidate,,,,,,,,,
R3C4,independent_many_to_one,490,12,no_candidate,,,,,,,,,
R3C4,independent_many_to_one,491,12,no_candidate,,,,,,,,,
R3C4,independent_many_to_one,492,12,no_candidate,,,,,,,,,
R3C4,independent_many_to_one,493,12,no_candidate,,,,,,,,,
R3C4,independent_many_to_one,494,12,no_candidate,,,,,,,,,
R3C4,independent_many_to_one,495,12,no_candidate,,,,,,,,,
R3C4,independent_many_to_one,496,12,no_candidate,,,,,,,,,
R3C4,independent_many_to_one,497,12,no_candidate,,,,,,,,,
R3C4,independent_many_to_one,498,12,no_candidate,,,,,,,,,
R3C4,independent_many_to_one,499,13,no_candidate,,,,,,,,,
R3C4,independent_many_to_one,500,13,no_candidate,,,,,,,,,
R3C4,independent_many_to_one,501,13,no_candidate,,,,,,,,,
R3C4,independent_many_to_one,502,13,no_candidate,,,,,,,,,
R3C4,independent_many_to_one,503,13,no_candidate,,,,,,,,,
R3C4,independent_many_to_one,504,13,no_candidate,,,,,,,,,
R3C4,independent_many_to_one,505,13,no_candidate,,,,,,,,,
R3C4,independent_many_to_one,506,13,no_candidate,,,,,,,,,
R3C4,independent_many_to_one,507,13,no_candidate,,,,,,,,,
R3C4,independent_many_to_one,508,13,no_candidate,,,,,,,,,
R3C4,independent_many_to_one,509,13,no_candidate,,,,,,,,,
R3C4,independent_many_to_one,510,13,no_candidate,,,,,,,,,
R3C4,independent_many_to_one,511,13,no_candidate,,,,,,,,,
R3C4,independent_many_to_one,512,13,no_candidate,,,,,,,,,
R3C4,independent_many_to_one,513,13,no_candidate,,,,,,,,,
R3C4,independent_many_to_one,514,13,no_candidate,,,,,,,,,
R3C4,independent_many_to_one,515,13,no_candidate,,,,,,,,,
R3C4,independent_many_to_one,516,13,no_candidate,,,,,,,,,
R3C4,independent_many_to_one,517,13,no_candidate,,,,,,,,,
R3C4,independent_many_to_one,518,13,no_candidate,,,,,,,,,
R3C4,independent_many_to_one,519,13,no_candidate,,,,,,,,,
R3C4,independent_many_to_one,520,13,no_candidate,,,,,,,,,
R3C4,independent_many_to_one,521,13,no_candidate,,,,,,,,,
R3C4,independent_many_to_one,522,13,no_candidate,,,,,,,,,
R3C4,independent_many_to_one,523,13,no_candidate,,,,,,,,,
R3C4,independent_many_to_one,524,14,no_candidate,,,,,,,,,
R3C4,independent_many_to_one,525,14,no_candidate,,,,,,,,,
R3C4,independent_many_to_one,526,14,no_candidate,,,,,,,,,
R3C4,independent_many_to_one,527,14,no_candidate,,,,,,,,,
R3C4,independent_many_to_one,528,14,no_candidate,,,,,,,,,
R3C4,independent_many_to_one,529,14,no_candidate,,,,,,,,,
R3C4,independent_many_to_one,530,14,no_candidate,,,,,,,,,
R3C4,independent_many_to_one,531,14,no_candidate,,,,,,,,,
R3C4,independent_many_to_one,532,14,no_candidate,,,,,,,,,
R3C4,independent_many_to_one,533,14,no_candidate,,,,,,,,,
R3C4,independent_many_to_one,534,14,no_candidate,,,,,,,,,
R3C4,independent_many_to_one,535,14,no_candidate,,,,,,,,,
R3C4,independent_many_to_one,536,14,no_candidate,,,,,,,,,
R3C4,independent_many_to_one,537,14,no_candidate,,,,,,,,,
R3C4,independent_many_to_one,538,14,no_candidate,,,,,,,,,
R3C4,independent_many_to_one,539,14,no_candidate,,,,,,,,,
R3C4,independent_many_to_one,540,14,no_candidate,,,,,,,,,
R3C4,independent_many_to_one,541,14,no_candidate,,,,,,,,,
R3C4,independent_many_to_one,542,14,no_candidate,,,,,,,,,
R3C4,independent_many_to_one,543,15,no_candidate,,,,,,,,,
R3C4,independent_many_to_one,544,15,no_candidate,,,,,,,,,
R3C4,independent_many_to_one,545,15,no_candidate,,,,,,,,,
R3C4,independent_many_to_one,546,15,no_candidate,,,,,,,,,
R3C4,independent_many_to_one,547,15,no_candidate,,,,,,,,,
R3C4,independent_many_to_one,548,15,no_candidate,,,,,,,,,
R3C4,independent_many_to_one,549,15,no_candidate,,,,,,,,,
R3C4,independent_many_to_one,550,15,no_candidate,,,,,,,,,
R3C4,independent_many_to_one,551,15,no_candidate,,,,,,,,,
R3C4,independent_many_to_one,552,15,no_candidate,,,,,,,,,
R3C4,independent_many_to_one,553,15,no_candidate,,,,,,,,,
R3C4,independent_many_to_one,554,15,no_candidate,,,,,,,,,
R3C4,independent_many_to_one,555,15,no_candidate,,,,,,,,,
R3C4,independent_many_to_one,556,15,no_candidate,,,,,,,,,
R3C4,independent_many_to_one,557,15,no_candidate,,,,,,,,,
R3C4,independent_many_to_one,558,15,no_candidate,,,,,,,,,
R3C4,independent_many_to_one,559,15,no_candidate,,,,,,,,,
R3C4,independent_many_to_one,560,15,no_candidate,,,,,,,,,
R3C4,independent_many_to_one,561,15,no_candidate,,,,,,,,,
R3C4,independent_many_to_one,562,15,no_candidate,,,,,,,,,
R3C4,independent_many_to_one,563,15,no_candidate,,,,,,,,,
R3C4,independent_many_to_one,564,15,no_candidate,,,,,,,,,
R3C4,independent_many_to_one,565,16,no_candidate,,,,,,,,,
R3C4,independent_many_to_one,566,16,no_candidate,,,,,,,,,
R3C4,independent_many_to_one,567,16,no_candidate,,,,,,,,,
R3C4,independent_many_to_one,568,16,no_candidate,,,,,,,,,
R3C4,independent_many_to_one,569,16,no_candidate,,,,,,,,,
R3C4,independent_many_to_one,570,16,no_candidate,,,,,,,,,
R3C4,independent_many_to_one,571,16,no_candidate,,,,,,,,,
R3C4,independent_many_to_one,572,16,no_candidate,,,,,,,,,
R3C4,independent_many_to_one,573,16,no_candidate,,,,,,,,,
R3C4,independent_many_to_one,574,16,no_candidate,,,,,,,,,
R3C4,independent_many_to_one,575,16,no_candidate,,,,,,,,,
R3C4,independent_many_to_one,576,16,no_candidate,,,,,,,,,
R3C4,independent_many_to_one,577,16,no_candidate,,,,,,,,,
R3C4,independent_many_to_one,578,16,no_candidate,,,,,,,,,
R3C4,independent_many_to_one,579,16,no_candidate,,,,,,,,,
R3C4,independent_many_to_one,580,16,no_candidate,,,,,,,,,
R3C4,independent_many_to_one,581,16,no_candidate,,,,,,,,,
R3C4,independent_many_to_one,582,17,no_candidate,,,,,,,,,
R3C4,independent_many_to_one,583,17,no_candidate,,,,,,,,,
R3C4,independent_many_to_one,584,17,no_candidate,,,,,,,,,
R3C4,independent_many_to_one,585,17,no_candidate,,,,,,,,,
R3C4,independent_many_to_one,586,17,no_candidate,,,,,,,,,
R3C4,independent_many_to_one,587,17,no_candidate,,,,,,,,,
R3C4,independent_many_to_one,588,17,no_candidate,,,,,,,,,
R3C4,independent_many_to_one,589,17,no_candidate,,,,,,,,,
R3C4,independent_many_to_one,590,17,no_candidate,,,,,,,,,
R3C4,independent_many_to_one,591,17,no_candidate,,,,,,,,,
R3C4,independent_many_to_one,592,17,no_candidate,,,,,,,,,
R3C4,independent_many_to_one,593,17,no_candidate,,,,,,,,,
R3C4,independent_many_to_one,594,17,no_candidate,,,,,,,,,
R3C4,independent_many_to_one,595,18,no_candidate,,,,,,,,,
R3C4,independent_many_to_one,596,18,no_candidate,,,,,,,,,
R3C4,independent_many_to_one,597,18,no_candidate,,,,,,,,,
R3C4,independent_many_to_one,598,18,no_candidate,,,,,,,,,
R3C4,independent_many_to_one,599,19,no_candidate,,,,,,,,,
R3C4,independent_many_to_one,600,19,no_candidate,,,,,,,,,
R3C4,independent_many_to_one,601,20,no_candidate,,,,,,,,,
R3C4,global_one_to_one,0,0,seed,,,,,0.0,-35.3204126934,0.0,0.0,
R3C4,global_one_to_one,1,0,seed,,,,,0.0,81.9496567324,0.0,0.0,
R3C4,global_one_to_one,2,0,seed,,,,,0.0,-20.1704174118,0.0,0.0,
R3C4,global_one_to_one,3,0,seed,,,,,0.0,-17.5040737731,0.0,0.0,
R3C4,global_one_to_one,4,0,seed,,,,,0.0,39.5929034831,0.0,0.0,
R3C4,global_one_to_one,5,0,seed,,,,,0.0,-16.5099558393,0.0,0.0,
R3C4,global_one_to_one,6,0,seed,,,,,0.0,-18.3691911415,0.0,0.0,
R3C4,global_one_to_one,7,0,seed,,,,,0.0,-52.5251367382,0.0,0.0,
R3C4,global_one_to_one,8,0,seed,,,,,0.0,-55.945212132,0.0,0.0,
R3C4,global_one_to_one,9,0,seed,,,,,0.0,44.4559489475,0.0,0.0,
R3C4,global_one_to_one,10,0,seed,,,,,0.0,-66.8557682855,0.0,0.0,
R3C4,global_one_to_one,11,0,seed,,,,,0.0,13.3824633838,0.0,0.0,
R3C4,global_one_to_one,12,0,seed,,,,,0.0,77.4926676152,0.0,0.0,
R3C4,global_one_to_one,13,0,seed,,,,,0.0,-1.0986837173,0.0,0.0,
R3C4,global_one_to_one,14,0,seed,,,,,0.0,-51.5878237106,0.0,0.0,
R3C4,global_one_to_one,15,0,seed,,,,,0.0,-55.0631362992,0.0,0.0,
R3C4,global_one_to_one,16,0,seed,,,,,0.0,13.1682739909,0.0,0.0,
R3C4,global_one_to_one,17,0,seed,,,,,0.0,40.4109997263,0.0,0.0,
R3C4,global_one_to_one,18,0,seed,,,,,0.0,34.7923049161,0.0,0.0,
R3C4,global_one_to_one,19,0,seed,,,,,0.0,-28.432110545,0.0,0.0,
R3C4,global_one_to_one,20,0,seed,,,,,0.0,-18.7519878986,0.0,0.0,
R3C4,global_one_to_one,21,0,seed,,,,,0.0,-16.3200444245,0.0,0.0,
R3C4,global_one_to_one,22,0,seed,,,,,0.0,-62.8002494392,0.0,0.0,
R3C4,global_one_to_one,23,0,seed,,,,,0.0,63.1015225154,0.0,0.0,
R3C4,global_one_to_one,24,0,seed,,,,,0.0,-88.7299659775,0.0,0.0,
R3C4,global_one_to_one,25,0,seed,,,,,0.0,-13.5941800409,0.0,0.0,
R3C4,global_one_to_one,26,0,seed,,,,,0.0,-54.5255480137,0.0,0.0,
R3C4,global_one_to_one,27,0,seed,,,,,0.0,-58.10439223,0.0,0.0,
R3C4,global_one_to_one,28,0,seed,,,,,0.0,-66.328484353,0.0,0.0,
R3C4,global_one_to_one,29,0,seed,,,,,0.0,-88.2225151857,0.0,0.0,
R3C4,global_one_to_one,30,0,seed,,,,,0.0,-88.6932011561,0.0,0.0,
R3C4,global_one_to_one,31,1,no_candidate,,,,,,,,,
R3C4,global_one_to_one,32,1,no_candidate,,,,,,,,,
R3C4,global_one_to_one,33,1,matched,2.0,6.58873009115,-16.7548896121,-16.7548896121,-16.7548896121,-36.9253070239,-16.7548896121,16.7548896121,0.747253470972
R3C4,global_one_to_one,34,1,no_candidate,,,,,,,,,
R3C4,global_one_to_one,35,1,global_unmatched,,,,,,,,,
R3C4,global_one_to_one,36,1,matched,5.0,9.93737492236,-1.32432743379,-1.32432743379,-1.32432743379,-17.8342832731,-1.32432743379,1.32432743379,0.107745402151
R3C4,global_one_to_one,37,1,no_candidate,,,,,,,,,
R3C4,global_one_to_one,38,1,matched,7.0,6.90071198238,7.97172603447,7.97172603447,7.97172603447,-44.5534107038,7.97172603447,7.97172603447,0.208713594156
R3C4,global_one_to_one,39,1,matched,9.0,8.81317321388,1.54863700191,1.54863700191,1.54863700191,46.0045859494,1.54863700191,1.54863700191,0.0872931742045
R3C4,global_one_to_one,40,1,no_candidate,,,,,,,,,
R3C4,global_one_to_one,41,1,global_unmatched,,,,,,,,,
R3C4,global_one_to_one,42,1,global_unmatched,,,,,,,,,
R3C4,global_one_to_one,43,1,no_candidate,,,,,,,,,
R3C4,global_one_to_one,44,1,matched,11.0,9.7788403905,-8.6498393795,-8.6498393795,-8.6498393795,4.7326240043,-8.6498393795,8.6498393795,0.287138499651
R3C4,global_one_to_one,45,1,matched,13.0,7.97125062316,1.45868962059,1.45868962059,1.45868962059,0.360005903295,1.45868962059,1.45868962059,0.0718261409678
R3C4,global_one_to_one,46,1,no_candidate,,,,,,,,,
R3C4,global_one_to_one,47,1,no_candidate,,,,,,,,,
R3C4,global_one_to_one,48,1,matched,18.0,14.6077729185,4.52375900655,4.52375900655,4.52375900655,39.3160639226,4.52375900655,4.52375900655,0.274508185228
R3C4,global_one_to_one,49,1,global_unmatched,,,,,,,,,
R3C4,global_one_to_one,50,1,matched,17.0,7.23429405029,4.76737763373,4.76737763373,4.76737763373,45.1783773601,4.76737763373,4.76737763373,0.111597550999
R3C4,global_one_to_one,51,1,matched,16.0,8.85507428524,-0.227120675966,-0.227120675966,-0.227120675966,12.9411533149,-0.227120675966,0.227120675966,0.082201316299
R3C4,global_one_to_one,52,1,no_candidate,,,,,,,,,
R3C4,global_one_to_one,53,1,no_candidate,,,,,,,,,
R3C4,global_one_to_one,54,1,global_ambiguity,,,,,,,,,
R3C4,global_one_to_one,55,1,global_unmatched,,,,,,,,,
R3C4,global_one_to_one,56,1,global_unmatched,,,,,,,,,
R3C4,global_one_to_one,57,1,matched,23.0,10.7738442246,-6.30331065245,-6.30331065245,-6.30331065245,56.7982118629,-6.30331065245,6.30331065245,0.220823044468
R3C4,global_one_to_one,58,1,no_candidate,,,,,,,,,
R3C4,global_one_to_one,59,1,global_unmatched,,,,,,,,,
R3C4,global_one_to_one,60,1,no_candidate,,,,,,,,,
R3C4,global_one_to_one,61,1,no_candidate,,,,,,,,,
R3C4,global_one_to_one,62,1,matched,26.0,8.51036377036,-5.6695472367,-5.6695472367,-5.6695472367,-60.1950952504,-5.6695472367,5.6695472367,0.156166314357
R3C4,global_one_to_one,63,1,global_unmatched,,,,,,,,,
R3C4,global_one_to_one,64,1,no_candidate,,,,,,,,,
R3C4,global_one_to_one,65,1,matched,27.0,8.70673142882,-7.30151366734,-7.30151366734,-7.30151366734,-65.4059058973,-7.30151366734,7.30151366734,0.212625842728
R3C4,global_one_to_one,66,1,matched,28.0,8.35348947348,-0.625772248444,-0.625772248444,-0.625772248444,-66.9542566015,-0.625772248444,0.625772248444,0.0740168888246
R3C4,global_one_to_one,67,1,global_unmatched,,,,,,,,,
R3C4,global_one_to_one,68,1,matched,29.0,7.81475116725,16.1605419671,16.1605419671,16.1605419671,-72.0619732187,16.1605419671,16.1605419671,0.71682867902
R3C4,global_one_to_one,69,1,no_candidate,,,,,,,,,
R3C4,global_one_to_one,70,2,no_candidate,,,,,,,,,
R3C4,global_one_to_one,71,2,no_candidate,,,,,,,,,
R3C4,global_one_to_one,72,2,no_candidate,,,,,,,,,
R3C4,global_one_to_one,73,2,no_candidate,,,,,,,,,
R3C4,global_one_to_one,74,2,no_candidate,,,,,,,,,
R3C4,global_one_to_one,75,2,no_candidate,,,,,,,,,
R3C4,global_one_to_one,76,2,matched,38.0,7.41827470013,-8.82570115727,-16.7974271917,-8.82570115727,-53.379111861,-0.853975122802,16.7974271917,0.252331948747
R3C4,global_one_to_one,77,2,no_candidate,,,,,,,,,
R3C4,global_one_to_one,78,2,no_candidate,,,,,,,,,
R3C4,global_one_to_one,79,2,no_candidate,,,,,,,,,
R3C4,global_one_to_one,80,2,no_candidate,,,,,,,,,
R3C4,global_one_to_one,81,2,no_candidate,,,,,,,,,
R3C4,global_one_to_one,82,2,no_candidate,,,,,,,,,
R3C4,global_one_to_one,83,2,no_candidate,,,,,,,,,
R3C4,global_one_to_one,84,2,no_candidate,,,,,,,,,
R3C4,global_one_to_one,85,2,no_candidate,,,,,,,,,
R3C4,global_one_to_one,86,2,no_candidate,,,,,,,,,
R3C4,global_one_to_one,87,2,matched,45.0,11.1159717936,-7.20752074807,-8.66621036866,-7.20752074807,-6.84751484477,-5.74883112748,8.66621036866,0.259203295058
R3C4,global_one_to_one,88,2,no_candidate,,,,,,,,,
R3C4,global_one_to_one,89,2,matched,48.0,11.9809750857,-6.62688279652,-11.1506418031,-6.62688279652,32.6891811261,-2.10312378997,11.1506418031,0.260032828229
R3C4,global_one_to_one,90,2,global_unmatched,,,,,,,,,
R3C4,global_one_to_one,91,2,no_candidate,,,,,,,,,
R3C4,global_one_to_one,92,2,matched,51.0,8.97062798241,4.85132642344,5.07844709941,4.85132642344,17.7924797384,4.62420574747,5.07844709941,0.143066748291
R3C4,global_one_to_one,93,2,no_candidate,,,,,,,,,
R3C4,global_one_to_one,94,2,no_candidate,,,,,,,,,
R3C4,global_one_to_one,95,2,no_candidate,,,,,,,,,
R3C4,global_one_to_one,96,2,no_candidate,,,,,,,,,
R3C4,global_one_to_one,97,2,no_candidate,,,,,,,,,
R3C4,global_one_to_one,98,2,global_ambiguity,,,,,,,,,
R3C4,global_one_to_one,99,2,no_candidate,,,,,,,,,
R3C4,global_one_to_one,100,2,no_candidate,,,,,,,,,
R3C4,global_one_to_one,101,2,no_candidate,,,,,,,,,
R3C4,global_one_to_one,102,2,global_unmatched,,,,,,,,,
R3C4,global_one_to_one,103,2,matched,62.0,10.3139929998,5.74566018207,11.4152074188,5.74566018207,-54.4494350683,0.0761129453712,11.4152074188,0.19387535622
R3C4,global_one_to_one,104,2,no_candidate,,,,,,,,,
R3C4,global_one_to_one,105,2,matched,66.0,11.8395996251,9.58956852229,10.2153407707,9.58956852229,-57.3646880792,8.96379627385,10.2153407707,0.376618615641
R3C4,global_one_to_one,106,2,no_candidate,,,,,,,,,
R3C4,global_one_to_one,107,2,matched,68.0,11.4136292497,-6.38710096912,-22.5476429362,-6.38710096912,-78.4490741878,9.77344099796,22.5476429362,0.238339175101
R3C4,global_one_to_one,108,2,no_candidate,,,,,,,,,
R3C4,global_one_to_one,109,2,global_unmatched,,,,,,,,,
R3C4,global_one_to_one,110,2,no_candidate,,,,,,,,,
R3C4,global_one_to_one,111,2,no_candidate,,,,,,,,,
R3C4,global_one_to_one,112,3,no_candidate,,,,,,,,,
R3C4,global_one_to_one,113,3,no_candidate,,,,,,,,,
R3C4,global_one_to_one,114,3,no_candidate,,,,,,,,,
R3C4,global_one_to_one,115,3,no_candidate,,,,,,,,,
R3C4,global_one_to_one,116,3,no_candidate,,,,,,,,,
R3C4,global_one_to_one,117,3,no_candidate,,,,,,,,,
R3C4,global_one_to_one,118,3,no_candidate,,,,,,,,,
R3C4,global_one_to_one,119,3,no_candidate,,,,,,,,,
R3C4,global_one_to_one,120,3,no_candidate,,,,,,,,,
R3C4,global_one_to_one,121,3,no_candidate,,,,,,,,,
R3C4,global_one_to_one,122,3,no_candidate,,,,,,,,,
R3C4,global_one_to_one,123,3,no_candidate,,,,,,,,,
R3C4,global_one_to_one,124,3,no_candidate,,,,,,,,,
R3C4,global_one_to_one,125,3,no_candidate,,,,,,,,,
R3C4,global_one_to_one,126,3,no_candidate,,,,,,,,,
R3C4,global_one_to_one,127,3,no_candidate,,,,,,,,,
R3C4,global_one_to_one,128,3,matched,87.0,9.083847849,-13.8315490263,-6.62402827823,-13.8315490263,-20.6790638711,-19.5803801538,22.497759395,0.56464723732
R3C4,global_one_to_one,129,3,no_candidate,,,,,,,,,
R3C4,global_one_to_one,130,3,no_candidate,,,,,,,,,
R3C4,global_one_to_one,131,3,no_candidate,,,,,,,,,
R3C4,global_one_to_one,132,3,no_candidate,,,,,,,,,
R3C4,global_one_to_one,133,3,no_candidate,,,,,,,,,
R3C4,global_one_to_one,134,3,no_candidate,,,,,,,,,
R3C4,global_one_to_one,135,3,no_candidate,,,,,,,,,
R3C4,global_one_to_one,136,3,no_candidate,,,,,,,,,
R3C4,global_one_to_one,137,3,no_candidate,,,,,,,,,
R3C4,global_one_to_one,138,3,global_unmatched,,,,,,,,,
R3C4,global_one_to_one,139,3,no_candidate,,,,,,,,,
R3C4,global_one_to_one,140,3,global_unmatched,,,,,,,,,
R3C4,global_one_to_one,141,3,no_candidate,,,,,,,,,
R3C4,global_one_to_one,142,3,no_candidate,,,,,,,,,
R3C4,global_one_to_one,143,3,matched,105.0,8.50066245939,1.59220324294,-7.99736527936,1.59220324294,-55.7724848362,10.5559995168,11.8075440137,0.0819719453528
R3C4,global_one_to_one,144,3,no_candidate,,,,,,,,,
R3C4,global_one_to_one,145,3,no_candidate,,,,,,,,,
R3C4,global_one_to_one,146,3,no_candidate,,,,,,,,,
R3C4,global_one_to_one,147,3,no_candidate,,,,,,,,,
R3C4,global_one_to_one,148,4,no_candidate,,,,,,,,,
R3C4,global_one_to_one,149,4,no_candidate,,,,,,,,,
R3C4,global_one_to_one,150,4,no_candidate,,,,,,,,,
R3C4,global_one_to_one,151,4,no_candidate,,,,,,,,,
R3C4,global_one_to_one,152,4,no_candidate,,,,,,,,,
R3C4,global_one_to_one,153,4,no_candidate,,,,,,,,,
R3C4,global_one_to_one,154,4,no_candidate,,,,,,,,,
R3C4,global_one_to_one,155,4,no_candidate,,,,,,,,,
R3C4,global_one_to_one,156,4,no_candidate,,,,,,,,,
R3C4,global_one_to_one,157,4,no_candidate,,,,,,,,,
R3C4,global_one_to_one,158,4,no_candidate,,,,,,,,,
R3C4,global_one_to_one,159,4,global_unmatched,,,,,,,,,
R3C4,global_one_to_one,160,4,global_unmatched,,,,,,,,,
R3C4,global_one_to_one,161,4,no_candidate,,,,,,,,,
R3C4,global_one_to_one,162,4,global_ambiguity,,,,,,,,,
R3C4,global_one_to_one,163,4,no_candidate,,,,,,,,,
R3C4,global_one_to_one,164,4,no_candidate,,,,,,,,,
R3C4,global_one_to_one,165,4,no_candidate,,,,,,,,,
R3C4,global_one_to_one,166,4,no_candidate,,,,,,,,,
R3C4,global_one_to_one,167,4,no_candidate,,,,,,,,,
R3C4,global_one_to_one,168,4,no_candidate,,,,,,,,,
R3C4,global_one_to_one,169,4,no_candidate,,,,,,,,,
R3C4,global_one_to_one,170,4,no_candidate,,,,,,,,,
R3C4,global_one_to_one,171,4,no_candidate,,,,,,,,,
R3C4,global_one_to_one,172,4,no_candidate,,,,,,,,,
R3C4,global_one_to_one,173,4,no_candidate,,,,,,,,,
R3C4,global_one_to_one,174,4,no_candidate,,,,,,,,,
R3C4,global_one_to_one,175,4,no_candidate,,,,,,,,,
R3C4,global_one_to_one,176,4,no_candidate,,,,,,,,,
R3C4,global_one_to_one,177,4,no_candidate,,,,,,,,,
R3C4,global_one_to_one,178,4,no_candidate,,,,,,,,,
R3C4,global_one_to_one,179,4,no_candidate,,,,,,,,,
R3C4,global_one_to_one,180,4,no_candidate,,,,,,,,,
R3C4,global_one_to_one,181,4,matched,143.0,7.83951461318,-4.29820457897,-5.89040782191,-4.29820457897,-60.0706894152,6.25779493782,16.1057485926,0.110513041742
R3C4,global_one_to_one,182,4,no_candidate,,,,,,,,,
R3C4,global_one_to_one,183,4,no_candidate,,,,,,,,,
R3C4,global_one_to_one,184,4,no_candidate,,,,,,,,,
R3C4,global_one_to_one,185,4,no_candidate,,,,,,,,,
R3C4,global_one_to_one,186,5,no_candidate,,,,,,,,,
R3C4,global_one_to_one,187,5,no_candidate,,,,,,,,,
R3C4,global_one_to_one,188,5,no_candidate,,,,,,,,,
R3C4,global_one_to_one,189,5,no_candidate,,,,,,,,,
R3C4,global_one_to_one,190,5,no_candidate,,,,,,,,,
R3C4,global_one_to_one,191,5,no_candidate,,,,,,,,,
R3C4,global_one_to_one,192,5,no_candidate,,,,,,,,,
R3C4,global_one_to_one,193,5,no_candidate,,,,,,,,,
R3C4,global_one_to_one,194,5,no_candidate,,,,,,,,,
R3C4,global_one_to_one,195,5,no_candidate,,,,,,,,,
R3C4,global_one_to_one,196,5,no_candidate,,,,,,,,,
R3C4,global_one_to_one,197,5,no_candidate,,,,,,,,,
R3C4,global_one_to_one,198,5,no_candidate,,,,,,,,,
R3C4,global_one_to_one,199,5,no_candidate,,,,,,,,,
R3C4,global_one_to_one,200,5,no_candidate,,,,,,,,,
R3C4,global_one_to_one,201,5,no_candidate,,,,,,,,,
R3C4,global_one_to_one,202,5,no_candidate,,,,,,,,,
R3C4,global_one_to_one,203,5,no_candidate,,,,,,,,,
R3C4,global_one_to_one,204,5,no_candidate,,,,,,,,,
R3C4,global_one_to_one,205,5,no_candidate,,,,,,,,,
R3C4,global_one_to_one,206,5,no_candidate,,,,,,,,,
R3C4,global_one_to_one,207,5,no_candidate,,,,,,,,,
R3C4,global_one_to_one,208,5,no_candidate,,,,,,,,,
R3C4,global_one_to_one,209,5,no_candidate,,,,,,,,,
R3C4,global_one_to_one,210,5,no_candidate,,,,,,,,,
R3C4,global_one_to_one,211,5,no_candidate,,,,,,,,,
R3C4,global_one_to_one,212,5,no_candidate,,,,,,,,,
R3C4,global_one_to_one,213,5,no_candidate,,,,,,,,,
R3C4,global_one_to_one,214,5,no_candidate,,,,,,,,,
R3C4,global_one_to_one,215,5,no_candidate,,,,,,,,,
R3C4,global_one_to_one,216,5,no_candidate,,,,,,,,,
R3C4,global_one_to_one,217,5,global_unmatched,,,,,,,,,
R3C4,global_one_to_one,218,5,matched,181.0,10.5247203609,-1.21227886325,3.08592571572,-1.21227886325,-61.2829682784,5.04551607457,17.3180274559,0.119614136135
R3C4,global_one_to_one,219,5,no_candidate,,,,,,,,,
R3C4,global_one_to_one,220,5,no_candidate,,,,,,,,,
R3C4,global_one_to_one,221,5,no_candidate,,,,,,,,,
R3C4,global_one_to_one,222,6,no_candidate,,,,,,,,,
R3C4,global_one_to_one,223,6,no_candidate,,,,,,,,,
R3C4,global_one_to_one,224,6,no_candidate,,,,,,,,,
R3C4,global_one_to_one,225,6,no_candidate,,,,,,,,,
R3C4,global_one_to_one,226,6,no_candidate,,,,,,,,,
R3C4,global_one_to_one,227,6,no_candidate,,,,,,,,,
R3C4,global_one_to_one,228,6,no_candidate,,,,,,,,,
R3C4,global_one_to_one,229,6,no_candidate,,,,,,,,,
R3C4,global_one_to_one,230,6,no_candidate,,,,,,,,,
R3C4,global_one_to_one,231,6,no_candidate,,,,,,,,,
R3C4,global_one_to_one,232,6,no_candidate,,,,,,,,,
R3C4,global_one_to_one,233,6,no_candidate,,,,,,,,,
R3C4,global_one_to_one,234,6,no_candidate,,,,,,,,,
R3C4,global_one_to_one,235,6,no_candidate,,,,,,,,,
R3C4,global_one_to_one,236,6,no_candidate,,,,,,,,,
R3C4,global_one_to_one,237,6,no_candidate,,,,,,,,,
R3C4,global_one_to_one,238,6,no_candidate,,,,,,,,,
R3C4,global_one_to_one,239,6,no_candidate,,,,,,,,,
R3C4,global_one_to_one,240,6,no_candidate,,,,,,,,,
R3C4,global_one_to_one,241,6,no_candidate,,,,,,,,,
R3C4,global_one_to_one,242,6,no_candidate,,,,,,,,,
R3C4,global_one_to_one,243,6,no_candidate,,,,,,,,,
R3C4,global_one_to_one,244,6,no_candidate,,,,,,,,,
R3C4,global_one_to_one,245,6,no_candidate,,,,,,,,,
R3C4,global_one_to_one,246,6,no_candidate,,,,,,,,,
R3C4,global_one_to_one,247,6,no_candidate,,,,,,,,,
R3C4,global_one_to_one,248,6,no_candidate,,,,,,,,,
R3C4,global_one_to_one,249,6,no_candidate,,,,,,,,,
R3C4,global_one_to_one,250,6,no_candidate,,,,,,,,,
R3C4,global_one_to_one,251,6,no_candidate,,,,,,,,,
R3C4,global_one_to_one,252,6,no_candidate,,,,,,,,,
R3C4,global_one_to_one,253,6,no_candidate,,,,,,,,,
R3C4,global_one_to_one,254,6,no_candidate,,,,,,,,,
R3C4,global_one_to_one,255,6,no_candidate,,,,,,,,,
R3C4,global_one_to_one,256,6,no_candidate,,,,,,,,,
R3C4,global_one_to_one,257,6,matched,218.0,9.53269026267,3.80667629184,5.01895515509,3.80667629184,-57.4762919866,8.85219236641,21.1247037477,0.131340743094
R3C4,global_one_to_one,258,6,no_candidate,,,,,,,,,
R3C4,global_one_to_one,259,6,no_candidate,,,,,,,,,
R3C4,global_one_to_one,260,7,no_candidate,,,,,,,,,
R3C4,global_one_to_one,261,7,no_candidate,,,,,,,,,
R3C4,global_one_to_one,262,7,no_candidate,,,,,,,,,
R3C4,global_one_to_one,263,7,no_candidate,,,,,,,,,
R3C4,global_one_to_one,264,7,no_candidate,,,,,,,,,
R3C4,global_one_to_one,265,7,no_candidate,,,,,,,,,
R3C4,global_one_to_one,266,7,no_candidate,,,,,,,,,
R3C4,global_one_to_one,267,7,no_candidate,,,,,,,,,
R3C4,global_one_to_one,268,7,no_candidate,,,,,,,,,
R3C4,global_one_to_one,269,7,no_candidate,,,,,,,,,
R3C4,global_one_to_one,270,7,no_candidate,,,,,,,,,
R3C4,global_one_to_one,271,7,no_candidate,,,,,,,,,
R3C4,global_one_to_one,272,7,no_candidate,,,,,,,,,
R3C4,global_one_to_one,273,7,no_candidate,,,,,,,,,
R3C4,global_one_to_one,274,7,no_candidate,,,,,,,,,
R3C4,global_one_to_one,275,7,no_candidate,,,,,,,,,
R3C4,global_one_to_one,276,7,no_candidate,,,,,,,,,
R3C4,global_one_to_one,277,7,no_candidate,,,,,,,,,
R3C4,global_one_to_one,278,7,no_candidate,,,,,,,,,
R3C4,global_one_to_one,279,7,no_candidate,,,,,,,,,
R3C4,global_one_to_one,280,7,no_candidate,,,,,,,,,
R3C4,global_one_to_one,281,7,no_candidate,,,,,,,,,
R3C4,global_one_to_one,282,7,no_candidate,,,,,,,,,
R3C4,global_one_to_one,283,7,no_candidate,,,,,,,,,
R3C4,global_one_to_one,284,7,no_candidate,,,,,,,,,
R3C4,global_one_to_one,285,7,no_candidate,,,,,,,,,
R3C4,global_one_to_one,286,7,no_candidate,,,,,,,,,
R3C4,global_one_to_one,287,7,no_candidate,,,,,,,,,
R3C4,global_one_to_one,288,7,no_candidate,,,,,,,,,
R3C4,global_one_to_one,289,7,no_candidate,,,,,,,,,
R3C4,global_one_to_one,290,7,no_candidate,,,,,,,,,
R3C4,global_one_to_one,291,7,no_candidate,,,,,,,,,
R3C4,global_one_to_one,292,7,no_candidate,,,,,,,,,
R3C4,global_one_to_one,293,7,no_candidate,,,,,,,,,
R3C4,global_one_to_one,294,7,no_candidate,,,,,,,,,
R3C4,global_one_to_one,295,7,no_candidate,,,,,,,,,
R3C4,global_one_to_one,296,7,no_candidate,,,,,,,,,
R3C4,global_one_to_one,297,7,no_candidate,,,,,,,,,
R3C4,global_one_to_one,298,7,no_candidate,,,,,,,,,
R3C4,global_one_to_one,299,7,no_candidate,,,,,,,,,
R3C4,global_one_to_one,300,7,no_candidate,,,,,,,,,
R3C4,global_one_to_one,301,7,no_candidate,,,,,,,,,
R3C4,global_one_to_one,302,7,no_candidate,,,,,,,,,
R3C4,global_one_to_one,303,7,no_candidate,,,,,,,,,
R3C4,global_one_to_one,304,7,no_candidate,,,,,,,,,
R3C4,global_one_to_one,305,7,no_candidate,,,,,,,,,
R3C4,global_one_to_one,306,8,no_candidate,,,,,,,,,
R3C4,global_one_to_one,307,8,no_candidate,,,,,,,,,
R3C4,global_one_to_one,308,8,no_candidate,,,,,,,,,
R3C4,global_one_to_one,309,8,no_candidate,,,,,,,,,
R3C4,global_one_to_one,310,8,no_candidate,,,,,,,,,
R3C4,global_one_to_one,311,8,no_candidate,,,,,,,,,
R3C4,global_one_to_one,312,8,no_candidate,,,,,,,,,
R3C4,global_one_to_one,313,8,no_candidate,,,,,,,,,
R3C4,global_one_to_one,314,8,no_candidate,,,,,,,,,
R3C4,global_one_to_one,315,8,no_candidate,,,,,,,,,
R3C4,global_one_to_one,316,8,no_candidate,,,,,,,,,
R3C4,global_one_to_one,317,8,no_candidate,,,,,,,,,
R3C4,global_one_to_one,318,8,no_candidate,,,,,,,,,
R3C4,global_one_to_one,319,8,no_candidate,,,,,,,,,
R3C4,global_one_to_one,320,8,no_candidate,,,,,,,,,
R3C4,global_one_to_one,321,8,no_candidate,,,,,,,,,
R3C4,global_one_to_one,322,8,no_candidate,,,,,,,,,
R3C4,global_one_to_one,323,8,no_candidate,,,,,,,,,
R3C4,global_one_to_one,324,8,no_candidate,,,,,,,,,
R3C4,global_one_to_one,325,8,no_candidate,,,,,,,,,
R3C4,global_one_to_one,326,8,no_candidate,,,,,,,,,
R3C4,global_one_to_one,327,8,no_candidate,,,,,,,,,
R3C4,global_one_to_one,328,8,no_candidate,,,,,,,,,
R3C4,global_one_to_one,329,8,no_candidate,,,,,,,,,
R3C4,global_one_to_one,330,8,no_candidate,,,,,,,,,
R3C4,global_one_to_one,331,8,no_candidate,,,,,,,,,
R3C4,global_one_to_one,332,8,no_candidate,,,,,,,,,
R3C4,global_one_to_one,333,8,no_candidate,,,,,,,,,
R3C4,global_one_to_one,334,8,no_candidate,,,,,,,,,
R3C4,global_one_to_one,335,8,no_candidate,,,,,,,,,
R3C4,global_one_to_one,336,8,no_candidate,,,,,,,,,
R3C4,global_one_to_one,337,8,no_candidate,,,,,,,,,
R3C4,global_one_to_one,338,8,no_candidate,,,,,,,,,
R3C4,global_one_to_one,339,8,no_candidate,,,,,,,,,
R3C4,global_one_to_one,340,8,no_candidate,,,,,,,,,
R3C4,global_one_to_one,341,8,no_candidate,,,,,,,,,
R3C4,global_one_to_one,342,8,no_candidate,,,,,,,,,
R3C4,global_one_to_one,343,8,no_candidate,,,,,,,,,
R3C4,global_one_to_one,344,8,no_candidate,,,,,,,,,
R3C4,global_one_to_one,345,8,no_candidate,,,,,,,,,
R3C4,global_one_to_one,346,8,no_candidate,,,,,,,,,
R3C4,global_one_to_one,347,8,no_candidate,,,,,,,,,
R3C4,global_one_to_one,348,8,no_candidate,,,,,,,,,
R3C4,global_one_to_one,349,8,no_candidate,,,,,,,,,
R3C4,global_one_to_one,350,9,no_candidate,,,,,,,,,
R3C4,global_one_to_one,351,9,no_candidate,,,,,,,,,
R3C4,global_one_to_one,352,9,no_candidate,,,,,,,,,
R3C4,global_one_to_one,353,9,no_candidate,,,,,,,,,
R3C4,global_one_to_one,354,9,no_candidate,,,,,,,,,
R3C4,global_one_to_one,355,9,no_candidate,,,,,,,,,
R3C4,global_one_to_one,356,9,no_candidate,,,,,,,,,
R3C4,global_one_to_one,357,9,no_candidate,,,,,,,,,
R3C4,global_one_to_one,358,9,no_candidate,,,,,,,,,
R3C4,global_one_to_one,359,9,no_candidate,,,,,,,,,
R3C4,global_one_to_one,360,9,no_candidate,,,,,,,,,
R3C4,global_one_to_one,361,9,no_candidate,,,,,,,,,
R3C4,global_one_to_one,362,9,no_candidate,,,,,,,,,
R3C4,global_one_to_one,363,9,no_candidate,,,,,,,,,
R3C4,global_one_to_one,364,9,no_candidate,,,,,,,,,
R3C4,global_one_to_one,365,9,no_candidate,,,,,,,,,
R3C4,global_one_to_one,366,9,no_candidate,,,,,,,,,
R3C4,global_one_to_one,367,9,no_candidate,,,,,,,,,
R3C4,global_one_to_one,368,9,no_candidate,,,,,,,,,
R3C4,global_one_to_one,369,9,no_candidate,,,,,,,,,
R3C4,global_one_to_one,370,9,no_candidate,,,,,,,,,
R3C4,global_one_to_one,371,9,no_candidate,,,,,,,,,
R3C4,global_one_to_one,372,9,no_candidate,,,,,,,,,
R3C4,global_one_to_one,373,9,no_candidate,,,,,,,,,
R3C4,global_one_to_one,374,9,no_candidate,,,,,,,,,
R3C4,global_one_to_one,375,9,no_candidate,,,,,,,,,
R3C4,global_one_to_one,376,9,no_candidate,,,,,,,,,
R3C4,global_one_to_one,377,9,no_candidate,,,,,,,,,
R3C4,global_one_to_one,378,9,no_candidate,,,,,,,,,
R3C4,global_one_to_one,379,9,no_candidate,,,,,,,,,
R3C4,global_one_to_one,380,9,no_candidate,,,,,,,,,
R3C4,global_one_to_one,381,9,no_candidate,,,,,,,,,
R3C4,global_one_to_one,382,9,no_candidate,,,,,,,,,
R3C4,global_one_to_one,383,9,no_candidate,,,,,,,,,
R3C4,global_one_to_one,384,9,no_candidate,,,,,,,,,
R3C4,global_one_to_one,385,9,no_candidate,,,,,,,,,
R3C4,global_one_to_one,386,9,no_candidate,,,,,,,,,
R3C4,global_one_to_one,387,9,no_candidate,,,,,,,,,
R3C4,global_one_to_one,388,9,no_candidate,,,,,,,,,
R3C4,global_one_to_one,389,9,no_candidate,,,,,,,,,
R3C4,global_one_to_one,390,9,no_candidate,,,,,,,,,
R3C4,global_one_to_one,391,9,no_candidate,,,,,,,,,
R3C4,global_one_to_one,392,9,no_candidate,,,,,,,,,
R3C4,global_one_to_one,393,9,no_candidate,,,,,,,,,
R3C4,global_one_to_one,394,9,no_candidate,,,,,,,,,
R3C4,global_one_to_one,395,9,no_candidate,,,,,,,,,
R3C4,global_one_to_one,396,10,no_candidate,,,,,,,,,
R3C4,global_one_to_one,397,10,no_candidate,,,,,,,,,
R3C4,global_one_to_one,398,10,no_candidate,,,,,,,,,
R3C4,global_one_to_one,399,10,no_candidate,,,,,,,,,
R3C4,global_one_to_one,400,10,no_candidate,,,,,,,,,
R3C4,global_one_to_one,401,10,no_candidate,,,,,,,,,
R3C4,global_one_to_one,402,10,no_candidate,,,,,,,,,
R3C4,global_one_to_one,403,10,no_candidate,,,,,,,,,
R3C4,global_one_to_one,404,10,no_candidate,,,,,,,,,
R3C4,global_one_to_one,405,10,no_candidate,,,,,,,,,
R3C4,global_one_to_one,406,10,no_candidate,,,,,,,,,
R3C4,global_one_to_one,407,10,no_candidate,,,,,,,,,
R3C4,global_one_to_one,408,10,no_candidate,,,,,,,,,
R3C4,global_one_to_one,409,10,no_candidate,,,,,,,,,
R3C4,global_one_to_one,410,10,no_candidate,,,,,,,,,
R3C4,global_one_to_one,411,10,no_candidate,,,,,,,,,
R3C4,global_one_to_one,412,10,no_candidate,,,,,,,,,
R3C4,global_one_to_one,413,10,no_candidate,,,,,,,,,
R3C4,global_one_to_one,414,10,no_candidate,,,,,,,,,
R3C4,global_one_to_one,415,10,no_candidate,,,,,,,,,
R3C4,global_one_to_one,416,10,no_candidate,,,,,,,,,
R3C4,global_one_to_one,417,10,no_candidate,,,,,,,,,
R3C4,global_one_to_one,418,10,no_candidate,,,,,,,,,
R3C4,global_one_to_one,419,10,no_candidate,,,,,,,,,
R3C4,global_one_to_one,420,10,no_candidate,,,,,,,,,
R3C4,global_one_to_one,421,10,no_candidate,,,,,,,,,
R3C4,global_one_to_one,422,10,no_candidate,,,,,,,,,
R3C4,global_one_to_one,423,10,no_candidate,,,,,,,,,
R3C4,global_one_to_one,424,10,no_candidate,,,,,,,,,
R3C4,global_one_to_one,425,10,no_candidate,,,,,,,,,
R3C4,global_one_to_one,426,10,no_candidate,,,,,,,,,
R3C4,global_one_to_one,427,10,no_candidate,,,,,,,,,
R3C4,global_one_to_one,428,10,no_candidate,,,,,,,,,
R3C4,global_one_to_one,429,10,no_candidate,,,,,,,,,
R3C4,global_one_to_one,430,10,no_candidate,,,,,,,,,
R3C4,global_one_to_one,431,10,no_candidate,,,,,,,,,
R3C4,global_one_to_one,432,10,no_candidate,,,,,,,,,
R3C4,global_one_to_one,433,10,no_candidate,,,,,,,,,
R3C4,global_one_to_one,434,10,no_candidate,,,,,,,,,
R3C4,global_one_to_one,435,10,no_candidate,,,,,,,,,
R3C4,global_one_to_one,436,10,no_candidate,,,,,,,,,
R3C4,global_one_to_one,437,11,no_candidate,,,,,,,,,
R3C4,global_one_to_one,438,11,no_candidate,,,,,,,,,
R3C4,global_one_to_one,439,11,no_candidate,,,,,,,,,
R3C4,global_one_to_one,440,11,no_candidate,,,,,,,,,
R3C4,global_one_to_one,441,11,no_candidate,,,,,,,,,
R3C4,global_one_to_one,442,11,no_candidate,,,,,,,,,
R3C4,global_one_to_one,443,11,no_candidate,,,,,,,,,
R3C4,global_one_to_one,444,11,no_candidate,,,,,,,,,
R3C4,global_one_to_one,445,11,no_candidate,,,,,,,,,
R3C4,global_one_to_one,446,11,no_candidate,,,,,,,,,
R3C4,global_one_to_one,447,11,no_candidate,,,,,,,,,
R3C4,global_one_to_one,448,11,no_candidate,,,,,,,,,
R3C4,global_one_to_one,449,11,no_candidate,,,,,,,,,
R3C4,global_one_to_one,450,11,no_candidate,,,,,,,,,
R3C4,global_one_to_one,451,11,no_candidate,,,,,,,,,
R3C4,global_one_to_one,452,11,no_candidate,,,,,,,,,
R3C4,global_one_to_one,453,11,no_candidate,,,,,,,,,
R3C4,global_one_to_one,454,11,no_candidate,,,,,,,,,
R3C4,global_one_to_one,455,11,no_candidate,,,,,,,,,
R3C4,global_one_to_one,456,11,no_candidate,,,,,,,,,
R3C4,global_one_to_one,457,11,no_candidate,,,,,,,,,
R3C4,global_one_to_one,458,11,no_candidate,,,,,,,,,
R3C4,global_one_to_one,459,11,no_candidate,,,,,,,,,
R3C4,global_one_to_one,460,11,no_candidate,,,,,,,,,
R3C4,global_one_to_one,461,11,no_candidate,,,,,,,,,
R3C4,global_one_to_one,462,11,no_candidate,,,,,,,,,
R3C4,global_one_to_one,463,11,no_candidate,,,,,,,,,
R3C4,global_one_to_one,464,11,no_candidate,,,,,,,,,
R3C4,global_one_to_one,465,11,no_candidate,,,,,,,,,
R3C4,global_one_to_one,466,11,no_candidate,,,,,,,,,
R3C4,global_one_to_one,467,11,no_candidate,,,,,,,,,
R3C4,global_one_to_one,468,11,no_candidate,,,,,,,,,
R3C4,global_one_to_one,469,11,no_candidate,,,,,,,,,
R3C4,global_one_to_one,470,11,no_candidate,,,,,,,,,
R3C4,global_one_to_one,471,11,no_candidate,,,,,,,,,
R3C4,global_one_to_one,472,11,no_candidate,,,,,,,,,
R3C4,global_one_to_one,473,11,no_candidate,,,,,,,,,
R3C4,global_one_to_one,474,11,no_candidate,,,,,,,,,
R3C4,global_one_to_one,475,11,no_candidate,,,,,,,,,
R3C4,global_one_to_one,476,11,no_candidate,,,,,,,,,
R3C4,global_one_to_one,477,11,no_candidate,,,,,,,,,
R3C4,global_one_to_one,478,12,no_candidate,,,,,,,,,
R3C4,global_one_to_one,479,12,no_candidate,,,,,,,,,
R3C4,global_one_to_one,480,12,no_candidate,,,,,,,,,
R3C4,global_one_to_one,481,12,no_candidate,,,,,,,,,
R3C4,global_one_to_one,482,12,no_candidate,,,,,,,,,
R3C4,global_one_to_one,483,12,no_candidate,,,,,,,,,
R3C4,global_one_to_one,484,12,no_candidate,,,,,,,,,
R3C4,global_one_to_one,485,12,no_candidate,,,,,,,,,
R3C4,global_one_to_one,486,12,no_candidate,,,,,,,,,
R3C4,global_one_to_one,487,12,no_candidate,,,,,,,,,
R3C4,global_one_to_one,488,12,no_candidate,,,,,,,,,
R3C4,global_one_to_one,489,12,no_candidate,,,,,,,,,
R3C4,global_one_to_one,490,12,no_candidate,,,,,,,,,
R3C4,global_one_to_one,491,12,no_candidate,,,,,,,,,
R3C4,global_one_to_one,492,12,no_candidate,,,,,,,,,
R3C4,global_one_to_one,493,12,no_candidate,,,,,,,,,
R3C4,global_one_to_one,494,12,no_candidate,,,,,,,,,
R3C4,global_one_to_one,495,12,no_candidate,,,,,,,,,
R3C4,global_one_to_one,496,12,no_candidate,,,,,,,,,
R3C4,global_one_to_one,497,12,no_candidate,,,,,,,,,
R3C4,global_one_to_one,498,12,no_candidate,,,,,,,,,
R3C4,global_one_to_one,499,13,no_candidate,,,,,,,,,
R3C4,global_one_to_one,500,13,no_candidate,,,,,,,,,
R3C4,global_one_to_one,501,13,no_candidate,,,,,,,,,
R3C4,global_one_to_one,502,13,no_candidate,,,,,,,,,
R3C4,global_one_to_one,503,13,no_candidate,,,,,,,,,
R3C4,global_one_to_one,504,13,no_candidate,,,,,,,,,
R3C4,global_one_to_one,505,13,no_candidate,,,,,,,,,
R3C4,global_one_to_one,506,13,no_candidate,,,,,,,,,
R3C4,global_one_to_one,507,13,no_candidate,,,,,,,,,
R3C4,global_one_to_one,508,13,no_candidate,,,,,,,,,
R3C4,global_one_to_one,509,13,no_candidate,,,,,,,,,
R3C4,global_one_to_one,510,13,no_candidate,,,,,,,,,
R3C4,global_one_to_one,511,13,no_candidate,,,,,,,,,
R3C4,global_one_to_one,512,13,no_candidate,,,,,,,,,
R3C4,global_one_to_one,513,13,no_candidate,,,,,,,,,
R3C4,global_one_to_one,514,13,no_candidate,,,,,,,,,
R3C4,global_one_to_one,515,13,no_candidate,,,,,,,,,
R3C4,global_one_to_one,516,13,no_candidate,,,,,,,,,
R3C4,global_one_to_one,517,13,no_candidate,,,,,,,,,
R3C4,global_one_to_one,518,13,no_candidate,,,,,,,,,
R3C4,global_one_to_one,519,13,no_candidate,,,,,,,,,
R3C4,global_one_to_one,520,13,no_candidate,,,,,,,,,
R3C4,global_one_to_one,521,13,no_candidate,,,,,,,,,
R3C4,global_one_to_one,522,13,no_candidate,,,,,,,,,
R3C4,global_one_to_one,523,13,no_candidate,,,,,,,,,
R3C4,global_one_to_one,524,14,no_candidate,,,,,,,,,
R3C4,global_one_to_one,525,14,no_candidate,,,,,,,,,
R3C4,global_one_to_one,526,14,no_candidate,,,,,,,,,
R3C4,global_one_to_one,527,14,no_candidate,,,,,,,,,
R3C4,global_one_to_one,528,14,no_candidate,,,,,,,,,
R3C4,global_one_to_one,529,14,no_candidate,,,,,,,,,
R3C4,global_one_to_one,530,14,no_candidate,,,,,,,,,
R3C4,global_one_to_one,531,14,no_candidate,,,,,,,,,
R3C4,global_one_to_one,532,14,no_candidate,,,,,,,,,
R3C4,global_one_to_one,533,14,no_candidate,,,,,,,,,
R3C4,global_one_to_one,534,14,no_candidate,,,,,,,,,
R3C4,global_one_to_one,535,14,no_candidate,,,,,,,,,
R3C4,global_one_to_one,536,14,no_candidate,,,,,,,,,
R3C4,global_one_to_one,537,14,no_candidate,,,,,,,,,
R3C4,global_one_to_one,538,14,no_candidate,,,,,,,,,
R3C4,global_one_to_one,539,14,no_candidate,,,,,,,,,
R3C4,global_one_to_one,540,14,no_candidate,,,,,,,,,
R3C4,global_one_to_one,541,14,no_candidate,,,,,,,,,
R3C4,global_one_to_one,542,14,no_candidate,,,,,,,,,
R3C4,global_one_to_one,543,15,no_candidate,,,,,,,,,
R3C4,global_one_to_one,544,15,no_candidate,,,,,,,,,
R3C4,global_one_to_one,545,15,no_candidate,,,,,,,,,
R3C4,global_one_to_one,546,15,no_candidate,,,,,,,,,
R3C4,global_one_to_one,547,15,no_candidate,,,,,,,,,
R3C4,global_one_to_one,548,15,no_candidate,,,,,,,,,
R3C4,global_one_to_one,549,15,no_candidate,,,,,,,,,
R3C4,global_one_to_one,550,15,no_candidate,,,,,,,,,
R3C4,global_one_to_one,551,15,no_candidate,,,,,,,,,
R3C4,global_one_to_one,552,15,no_candidate,,,,,,,,,
R3C4,global_one_to_one,553,15,no_candidate,,,,,,,,,
R3C4,global_one_to_one,554,15,no_candidate,,,,,,,,,
R3C4,global_one_to_one,555,15,no_candidate,,,,,,,,,
R3C4,global_one_to_one,556,15,no_candidate,,,,,,,,,
R3C4,global_one_to_one,557,15,no_candidate,,,,,,,,,
R3C4,global_one_to_one,558,15,no_candidate,,,,,,,,,
R3C4,global_one_to_one,559,15,no_candidate,,,,,,,,,
R3C4,global_one_to_one,560,15,no_candidate,,,,,,,,,
R3C4,global_one_to_one,561,15,no_candidate,,,,,,,,,
R3C4,global_one_to_one,562,15,no_candidate,,,,,,,,,
R3C4,global_one_to_one,563,15,no_candidate,,,,,,,,,
R3C4,global_one_to_one,564,15,no_candidate,,,,,,,,,
R3C4,global_one_to_one,565,16,no_candidate,,,,,,,,,
R3C4,global_one_to_one,566,16,no_candidate,,,,,,,,,
R3C4,global_one_to_one,567,16,no_candidate,,,,,,,,,
R3C4,global_one_to_one,568,16,no_candidate,,,,,,,,,
R3C4,global_one_to_one,569,16,no_candidate,,,,,,,,,
R3C4,global_one_to_one,570,16,no_candidate,,,,,,,,,
R3C4,global_one_to_one,571,16,no_candidate,,,,,,,,,
R3C4,global_one_to_one,572,16,no_candidate,,,,,,,,,
R3C4,global_one_to_one,573,16,no_candidate,,,,,,,,,
R3C4,global_one_to_one,574,16,no_candidate,,,,,,,,,
R3C4,global_one_to_one,575,16,no_candidate,,,,,,,,,
R3C4,global_one_to_one,576,16,no_candidate,,,,,,,,,
R3C4,global_one_to_one,577,16,no_candidate,,,,,,,,,
R3C4,global_one_to_one,578,16,no_candidate,,,,,,,,,
R3C4,global_one_to_one,579,16,no_candidate,,,,,,,,,
R3C4,global_one_to_one,580,16,no_candidate,,,,,,,,,
R3C4,global_one_to_one,581,16,no_candidate,,,,,,,,,
R3C4,global_one_to_one,582,17,no_candidate,,,,,,,,,
R3C4,global_one_to_one,583,17,no_candidate,,,,,,,,,
R3C4,global_one_to_one,584,17,no_candidate,,,,,,,,,
R3C4,global_one_to_one,585,17,no_candidate,,,,,,,,,
R3C4,global_one_to_one,586,17,no_candidate,,,,,,,,,
R3C4,global_one_to_one,587,17,no_candidate,,,,,,,,,
R3C4,global_one_to_one,588,17,no_candidate,,,,,,,,,
R3C4,global_one_to_one,589,17,no_candidate,,,,,,,,,
R3C4,global_one_to_one,590,17,no_candidate,,,,,,,,,
R3C4,global_one_to_one,591,17,no_candidate,,,,,,,,,
R3C4,global_one_to_one,592,17,no_candidate,,,,,,,,,
R3C4,global_one_to_one,593,17,no_candidate,,,,,,,,,
R3C4,global_one_to_one,594,17,no_candidate,,,,,,,,,
R3C4,global_one_to_one,595,18,no_candidate,,,,,,,,,
R3C4,global_one_to_one,596,18,no_candidate,,,,,,,,,
R3C4,global_one_to_one,597,18,no_candidate,,,,,,,,,
R3C4,global_one_to_one,598,18,no_candidate,,,,,,,,,
R3C4,global_one_to_one,599,19,no_candidate,,,,,,,,,
R3C4,global_one_to_one,600,19,no_candidate,,,,,,,,,
R3C4,global_one_to_one,601,20,no_candidate,,,,,,,,,
R4C6,reciprocal_one_to_one,0,0,seed,,,,,0.0,54.2872417476,0.0,0.0,
R4C6,reciprocal_one_to_one,1,0,seed,,,,,0.0,-80.8102167029,0.0,0.0,
R4C6,reciprocal_one_to_one,2,0,seed,,,,,0.0,-85.7125032668,0.0,0.0,
R4C6,reciprocal_one_to_one,3,0,seed,,,,,0.0,58.9187893866,0.0,0.0,
R4C6,reciprocal_one_to_one,4,0,seed,,,,,0.0,50.832847493,0.0,0.0,
R4C6,reciprocal_one_to_one,5,0,seed,,,,,0.0,68.2169516206,0.0,0.0,
R4C6,reciprocal_one_to_one,6,0,seed,,,,,0.0,-87.7193377521,0.0,0.0,
R4C6,reciprocal_one_to_one,7,0,seed,,,,,0.0,-81.1867499662,0.0,0.0,
R4C6,reciprocal_one_to_one,8,0,seed,,,,,0.0,-64.2709369417,0.0,0.0,
R4C6,reciprocal_one_to_one,9,0,seed,,,,,0.0,24.3816375877,0.0,0.0,
R4C6,reciprocal_one_to_one,10,0,seed,,,,,0.0,-48.5701789439,0.0,0.0,
R4C6,reciprocal_one_to_one,11,0,seed,,,,,0.0,72.7760570792,0.0,0.0,
R4C6,reciprocal_one_to_one,12,0,seed,,,,,0.0,84.3481395358,0.0,0.0,
R4C6,reciprocal_one_to_one,13,0,seed,,,,,0.0,-17.6706643808,0.0,0.0,
R4C6,reciprocal_one_to_one,14,0,seed,,,,,0.0,-39.7820203644,0.0,0.0,
R4C6,reciprocal_one_to_one,15,0,seed,,,,,0.0,88.8548559927,0.0,0.0,
R4C6,reciprocal_one_to_one,16,0,seed,,,,,0.0,-72.312192707,0.0,0.0,
R4C6,reciprocal_one_to_one,17,0,seed,,,,,0.0,54.5358555695,0.0,0.0,
R4C6,reciprocal_one_to_one,18,0,seed,,,,,0.0,-72.4759309659,0.0,0.0,
R4C6,reciprocal_one_to_one,19,0,seed,,,,,0.0,-72.0021424194,0.0,0.0,
R4C6,reciprocal_one_to_one,20,0,seed,,,,,0.0,-54.1984775638,0.0,0.0,
R4C6,reciprocal_one_to_one,21,0,seed,,,,,0.0,5.14718842942,0.0,0.0,
R4C6,reciprocal_one_to_one,22,0,seed,,,,,0.0,-7.20698788827,0.0,0.0,
R4C6,reciprocal_one_to_one,23,0,seed,,,,,0.0,-5.17622347848,0.0,0.0,
R4C6,reciprocal_one_to_one,24,0,seed,,,,,0.0,-4.37508361472,0.0,0.0,
R4C6,reciprocal_one_to_one,25,0,seed,,,,,0.0,-6.58477841756,0.0,0.0,
R4C6,reciprocal_one_to_one,26,0,seed,,,,,0.0,23.5483219915,0.0,0.0,
R4C6,reciprocal_one_to_one,27,0,seed,,,,,0.0,27.6803086122,0.0,0.0,
R4C6,reciprocal_one_to_one,28,1,no_candidate,,,,,,,,,
R4C6,reciprocal_one_to_one,29,1,inner_ambiguity,,,,,,,,,
R4C6,reciprocal_one_to_one,30,1,inner_ambiguity,,,,,,,,,
R4C6,reciprocal_one_to_one,31,1,matched,8.0,7.97083675571,-12.8433328033,-12.8433328033,-12.8433328033,-77.114269745,-12.8433328033,12.8433328033,0.478877790305
R4C6,reciprocal_one_to_one,32,1,matched,9.0,7.98917938799,2.72094257918,2.72094257918,2.72094257918,27.1025801669,2.72094257918,2.72094257918,0.085315031066
R4C6,reciprocal_one_to_one,33,1,no_candidate,,,,,,,,,
R4C6,reciprocal_one_to_one,34,1,no_candidate,,,,,,,,,
R4C6,reciprocal_one_to_one,35,1,matched,13.0,8.9951060821,-9.55245156775,-9.55245156775,-9.55245156775,-27.2231159485,-9.55245156775,9.55245156775,0.312811949339
R4C6,reciprocal_one_to_one,36,1,matched,14.0,7.54963057625,-8.85491904321,-8.85491904321,-8.85491904321,-48.6369394076,-8.85491904321,8.85491904321,0.255681318692
R4C6,reciprocal_one_to_one,37,1,matched,20.0,15.1384241559,4.60517626956,4.60517626956,4.60517626956,-49.5933012942,4.60517626956,4.60517626956,0.292887956189
R4C6,reciprocal_one_to_one,38,1,no_candidate,,,,,,,,,
R4C6,reciprocal_one_to_one,39,1,no_candidate,,,,,,,,,
R4C6,reciprocal_one_to_one,40,1,no_candidate,,,,,,,,,
R4C6,reciprocal_one_to_one,41,1,no_candidate,,,,,,,,,
R4C6,reciprocal_one_to_one,42,1,matched,21.0,10.978142237,11.4821897271,11.4821897271,11.4821897271,16.6293781565,11.4821897271,11.4821897271,0.455746746703
R4C6,reciprocal_one_to_one,43,1,no_candidate,,,,,,,,,
R4C6,reciprocal_one_to_one,44,1,claimed_by_other,,,,,,,,,
R4C6,reciprocal_one_to_one,45,1,claimed_by_other,,,,,,,,,
R4C6,reciprocal_one_to_one,46,1,matched,24.0,8.69183093391,0.694124092627,0.694124092627,0.694124092627,-3.68095952209,0.694124092627,0.694124092627,0.0802787608322
R4C6,reciprocal_one_to_one,47,1,matched,26.0,8.12025678888,-5.65660139952,-5.65660139952,-5.65660139952,17.8917205919,-5.65660139952,5.65660139952,0.149009202649
R4C6,reciprocal_one_to_one,48,1,claimed_by_other,,,,,,,,,
R4C6,reciprocal_one_to_one,49,1,claimed_by_other,,,,,,,,,
R4C6,reciprocal_one_to_one,50,2,no_candidate,,,,,,,,,
R4C6,reciprocal_one_to_one,51,2,no_candidate,,,,,,,,,
R4C6,reciprocal_one_to_one,52,2,no_candidate,,,,,,,,,
R4C6,reciprocal_one_to_one,53,2,matched,31.0,8.6922835056,7.16309862718,20.0064314304,7.16309862718,-69.9511711178,-5.68023417609,20.0064314304,0.207357429837
R4C6,reciprocal_one_to_one,54,2,matched,32.0,8.75035751555,7.23728427456,4.51634169538,7.23728427456,34.3398644414,9.95822685375,9.95822685375,0.211088429919
R4C6,reciprocal_one_to_one,55,2,claimed_by_other,,,,,,,,,
R4C6,reciprocal_one_to_one,56,2,no_candidate,,,,,,,,,
R4C6,reciprocal_one_to_one,57,2,matched,35.0,7.60109039767,-8.62400337884,0.928448188909,-8.62400337884,-35.8471193274,-18.1764549466,18.1764549466,0.246406971146
R4C6,reciprocal_one_to_one,58,2,no_candidate,,,,,,,,,
R4C6,reciprocal_one_to_one,59,2,no_candidate,,,,,,,,,
R4C6,reciprocal_one_to_one,60,2,no_candidate,,,,,,,,,
R4C6,reciprocal_one_to_one,61,2,matched,42.0,9.09947302365,-10.7511223173,-22.2333120444,-10.7511223173,5.87825583918,0.73106740976,22.2333120444,0.375631823046
R4C6,reciprocal_one_to_one,62,2,no_candidate,,,,,,,,,
R4C6,reciprocal_one_to_one,63,2,no_candidate,,,,,,,,,
R4C6,reciprocal_one_to_one,64,2,no_candidate,,,,,,,,,
R4C6,reciprocal_one_to_one,65,2,no_candidate,,,,,,,,,
R4C6,reciprocal_one_to_one,66,2,no_candidate,,,,,,,,,
R4C6,reciprocal_one_to_one,67,3,no_candidate,,,,,,,,,
R4C6,reciprocal_one_to_one,68,3,no_candidate,,,,,,,,,
R4C6,reciprocal_one_to_one,69,3,no_candidate,,,,,,,,,
R4C6,reciprocal_one_to_one,70,3,no_candidate,,,,,,,,,
R4C6,reciprocal_one_to_one,71,3,matched,53.0,8.48352821763,13.3940180808,6.23091945367,13.3940180808,-56.557153037,7.71378390476,33.4004495113,0.523828873686
R4C6,reciprocal_one_to_one,72,3,no_candidate,,,,,,,,,
R4C6,reciprocal_one_to_one,73,3,matched,57.0,7.44646309446,5.51192938338,14.1359327622,5.51192938338,-30.335189944,-12.6645255632,23.68838433,0.13399143144
R4C6,reciprocal_one_to_one,74,3,no_candidate,,,,,,,,,
R4C6,reciprocal_one_to_one,75,3,no_candidate,,,,,,,,,
R4C6,reciprocal_one_to_one,76,3,no_candidate,,,,,,,,,
R4C6,reciprocal_one_to_one,77,3,no_candidate,,,,,,,,,
R4C6,reciprocal_one_to_one,78,3,claimed_by_other,,,,,,,,,
R4C6,reciprocal_one_to_one,79,3,matched,61.0,8.55308509147,0.316206254186,11.0673285715,0.316206254186,6.19446209336,1.04727366395,22.5495182986,0.0768198646864
R4C6,reciprocal_one_to_one,80,3,no_candidate,,,,,,,,,
R4C6,reciprocal_one_to_one,81,3,no_candidate,,,,,,,,,
R4C6,reciprocal_one_to_one,82,3,no_candidate,,,,,,,,,
R4C6,reciprocal_one_to_one,83,3,no_candidate,,,,,,,,,
R4C6,reciprocal_one_to_one,84,3,no_candidate,,,,,,,,,
R4C6,reciprocal_one_to_one,85,4,no_candidate,,,,,,,,,
R4C6,reciprocal_one_to_one,86,4,no_candidate,,,,,,,,,
R4C6,reciprocal_one_to_one,87,4,no_candidate,,,,,,,,,
R4C6,reciprocal_one_to_one,88,4,no_candidate,,,,,,,,,
R4C6,reciprocal_one_to_one,89,4,no_candidate,,,,,,,,,
R4C6,reciprocal_one_to_one,90,4,no_candidate,,,,,,,,,
R4C6,reciprocal_one_to_one,91,4,no_candidate,,,,,,,,,
R4C6,reciprocal_one_to_one,92,4,no_candidate,,,,,,,,,
R4C6,reciprocal_one_to_one,93,4,no_candidate,,,,,,,,,
R4C6,reciprocal_one_to_one,94,4,no_candidate,,,,,,,,,
R4C6,reciprocal_one_to_one,95,4,no_candidate,,,,,,,,,
R4C6,reciprocal_one_to_one,96,4,matched,79.0,9.00305722891,6.40413921934,6.08793296515,6.40413921934,12.5986013127,7.45141288328,28.9536575179,0.187370905538
R4C6,reciprocal_one_to_one,97,4,no_candidate,,,,,,,,,
R4C6,reciprocal_one_to_one,98,4,no_candidate,,,,,,,,,
R4C6,reciprocal_one_to_one,99,4,no_candidate,,,,,,,,,
R4C6,reciprocal_one_to_one,100,4,no_candidate,,,,,,,,,
R4C6,reciprocal_one_to_one,101,4,no_candidate,,,,,,,,,
R4C6,reciprocal_one_to_one,102,4,no_candidate,,,,,,,,,
R4C6,reciprocal_one_to_one,103,5,no_candidate,,,,,,,,,
R4C6,reciprocal_one_to_one,104,5,no_candidate,,,,,,,,,
R4C6,reciprocal_one_to_one,105,5,no_candidate,,,,,,,,,
R4C6,reciprocal_one_to_one,106,5,no_candidate,,,,,,,,,
R4C6,reciprocal_one_to_one,107,5,no_candidate,,,,,,,,,
R4C6,reciprocal_one_to_one,108,5,no_candidate,,,,,,,,,
R4C6,reciprocal_one_to_one,109,5,no_candidate,,,,,,,,,
R4C6,reciprocal_one_to_one,110,5,no_candidate,,,,,,,,,
R4C6,reciprocal_one_to_one,111,5,no_candidate,,,,,,,,,
R4C6,reciprocal_one_to_one,112,5,no_candidate,,,,,,,,,
R4C6,reciprocal_one_to_one,113,5,claimed_by_other,,,,,,,,,
R4C6,reciprocal_one_to_one,114,5,matched,96.0,7.40626564018,-1.34986635987,-7.75400557921,-1.34986635987,11.2487349528,6.10154652341,30.3035238778,0.0619684558663
R4C6,reciprocal_one_to_one,115,5,no_candidate,,,,,,,,,
R4C6,reciprocal_one_to_one,116,5,no_candidate,,,,,,,,,
R4C6,reciprocal_one_to_one,117,5,no_candidate,,,,,,,,,
R4C6,reciprocal_one_to_one,118,5,no_candidate,,,,,,,,,
R4C6,reciprocal_one_to_one,119,5,no_candidate,,,,,,,,,
R4C6,reciprocal_one_to_one,120,5,no_candidate,,,,,,,,,
R4C6,reciprocal_one_to_one,121,5,no_candidate,,,,,,,,,
R4C6,reciprocal_one_to_one,122,5,no_candidate,,,,,,,,,
R4C6,reciprocal_one_to_one,123,5,no_candidate,,,,,,,,,
R4C6,reciprocal_one_to_one,124,6,no_candidate,,,,,,,,,
R4C6,reciprocal_one_to_one,125,6,no_candidate,,,,,,,,,
R4C6,reciprocal_one_to_one,126,6,no_candidate,,,,,,,,,
R4C6,reciprocal_one_to_one,127,6,no_candidate,,,,,,,,,
R4C6,reciprocal_one_to_one,128,6,no_candidate,,,,,,,,,
R4C6,reciprocal_one_to_one,129,6,no_candidate,,,,,,,,,
R4C6,reciprocal_one_to_one,130,6,no_candidate,,,,,,,,,
R4C6,reciprocal_one_to_one,131,6,no_candidate,,,,,,,,,
R4C6,reciprocal_one_to_one,132,6,no_candidate,,,,,,,,,
R4C6,reciprocal_one_to_one,133,6,no_candidate,,,,,,,,,
R4C6,reciprocal_one_to_one,134,6,no_candidate,,,,,,,,,
R4C6,reciprocal_one_to_one,135,6,no_candidate,,,,,,,,,
R4C6,reciprocal_one_to_one,136,6,no_candidate,,,,,,,,,
R4C6,reciprocal_one_to_one,137,6,no_candidate,,,,,,,,,
R4C6,reciprocal_one_to_one,138,6,no_candidate,,,,,,,,,
R4C6,reciprocal_one_to_one,139,6,no_candidate,,,,,,,,,
R4C6,reciprocal_one_to_one,140,6,no_candidate,,,,,,,,,
R4C6,reciprocal_one_to_one,141,7,no_candidate,,,,,,,,,
R4C6,reciprocal_one_to_one,142,7,no_candidate,,,,,,,,,
R4C6,reciprocal_one_to_one,143,7,no_candidate,,,,,,,,,
R4C6,reciprocal_one_to_one,144,7,no_candidate,,,,,,,,,
R4C6,reciprocal_one_to_one,145,7,no_candidate,,,,,,,,,
R4C6,reciprocal_one_to_one,146,7,no_candidate,,,,,,,,,
R4C6,reciprocal_one_to_one,147,7,no_candidate,,,,,,,,,
R4C6,reciprocal_one_to_one,148,7,no_candidate,,,,,,,,,
R4C6,reciprocal_one_to_one,149,7,no_candidate,,,,,,,,,
R4C6,reciprocal_one_to_one,150,7,no_candidate,,,,,,,,,
R4C6,reciprocal_one_to_one,151,7,no_candidate,,,,,,,,,
R4C6,reciprocal_one_to_one,152,7,no_candidate,,,,,,,,,
R4C6,reciprocal_one_to_one,153,7,no_candidate,,,,,,,,,
R4C6,reciprocal_one_to_one,154,8,no_candidate,,,,,,,,,
R4C6,reciprocal_one_to_one,155,8,no_candidate,,,,,,,,,
R4C6,reciprocal_one_to_one,156,8,no_candidate,,,,,,,,,
R4C6,reciprocal_one_to_one,157,8,no_candidate,,,,,,,,,
R4C6,reciprocal_one_to_one,158,8,no_candidate,,,,,,,,,
R4C6,reciprocal_one_to_one,159,8,no_candidate,,,,,,,,,
R4C6,reciprocal_one_to_one,160,8,no_candidate,,,,,,,,,
R4C6,reciprocal_one_to_one,161,8,no_candidate,,,,,,,,,
R4C6,reciprocal_one_to_one,162,8,no_candidate,,,,,,,,,
R4C6,reciprocal_one_to_one,163,8,no_candidate,,,,,,,,,
R4C6,reciprocal_one_to_one,164,8,no_candidate,,,,,,,,,
R4C6,reciprocal_one_to_one,165,8,no_candidate,,,,,,,,,
R4C6,reciprocal_one_to_one,166,8,no_candidate,,,,,,,,,
R4C6,reciprocal_one_to_one,167,8,no_candidate,,,,,,,,,
R4C6,reciprocal_one_to_one,168,8,no_candidate,,,,,,,,,
R4C6,reciprocal_one_to_one,169,8,no_candidate,,,,,,,,,
R4C6,reciprocal_one_to_one,170,8,no_candidate,,,,,,,,,
R4C6,reciprocal_one_to_one,171,9,no_candidate,,,,,,,,,
R4C6,reciprocal_one_to_one,172,9,no_candidate,,,,,,,,,
R4C6,reciprocal_one_to_one,173,9,no_candidate,,,,,,,,,
R4C6,reciprocal_one_to_one,174,9,no_candidate,,,,,,,,,
R4C6,reciprocal_one_to_one,175,9,no_candidate,,,,,,,,,
R4C6,reciprocal_one_to_one,176,9,no_candidate,,,,,,,,,
R4C6,reciprocal_one_to_one,177,9,no_candidate,,,,,,,,,
R4C6,reciprocal_one_to_one,178,9,no_candidate,,,,,,,,,
R4C6,reciprocal_one_to_one,179,9,no_candidate,,,,,,,,,
R4C6,reciprocal_one_to_one,180,9,no_candidate,,,,,,,,,
R4C6,reciprocal_one_to_one,181,10,no_candidate,,,,,,,,,
R4C6,reciprocal_one_to_one,182,10,no_candidate,,,,,,,,,
R4C6,reciprocal_one_to_one,183,10,no_candidate,,,,,,,,,
R4C6,reciprocal_one_to_one,184,10,no_candidate,,,,,,,,,
R4C6,reciprocal_one_to_one,185,10,no_candidate,,,,,,,,,
R4C6,reciprocal_one_to_one,186,10,no_candidate,,,,,,,,,
R4C6,reciprocal_one_to_one,187,10,no_candidate,,,,,,,,,
R4C6,reciprocal_one_to_one,188,10,no_candidate,,,,,,,,,
R4C6,reciprocal_one_to_one,189,11,no_candidate,,,,,,,,,
R4C6,reciprocal_one_to_one,190,11,no_candidate,,,,,,,,,
R4C6,reciprocal_one_to_one,191,11,no_candidate,,,,,,,,,
R4C6,reciprocal_one_to_one,192,11,no_candidate,,,,,,,,,
R4C6,reciprocal_one_to_one,193,11,no_candidate,,,,,,,,,
R4C6,reciprocal_one_to_one,194,11,no_candidate,,,,,,,,,
R4C6,reciprocal_one_to_one,195,11,no_candidate,,,,,,,,,
R4C6,reciprocal_one_to_one,196,11,no_candidate,,,,,,,,,
R4C6,reciprocal_one_to_one,197,11,no_candidate,,,,,,,,,
R4C6,reciprocal_one_to_one,198,12,no_candidate,,,,,,,,,
R4C6,reciprocal_one_to_one,199,12,no_candidate,,,,,,,,,
R4C6,independent_many_to_one,0,0,seed,,,,,0.0,54.2872417476,0.0,0.0,
R4C6,independent_many_to_one,1,0,seed,,,,,0.0,-80.8102167029,0.0,0.0,
R4C6,independent_many_to_one,2,0,seed,,,,,0.0,-85.7125032668,0.0,0.0,
R4C6,independent_many_to_one,3,0,seed,,,,,0.0,58.9187893866,0.0,0.0,
R4C6,independent_many_to_one,4,0,seed,,,,,0.0,50.832847493,0.0,0.0,
R4C6,independent_many_to_one,5,0,seed,,,,,0.0,68.2169516206,0.0,0.0,
R4C6,independent_many_to_one,6,0,seed,,,,,0.0,-87.7193377521,0.0,0.0,
R4C6,independent_many_to_one,7,0,seed,,,,,0.0,-81.1867499662,0.0,0.0,
R4C6,independent_many_to_one,8,0,seed,,,,,0.0,-64.2709369417,0.0,0.0,
R4C6,independent_many_to_one,9,0,seed,,,,,0.0,24.3816375877,0.0,0.0,
R4C6,independent_many_to_one,10,0,seed,,,,,0.0,-48.5701789439,0.0,0.0,
R4C6,independent_many_to_one,11,0,seed,,,,,0.0,72.7760570792,0.0,0.0,
R4C6,independent_many_to_one,12,0,seed,,,,,0.0,84.3481395358,0.0,0.0,
R4C6,independent_many_to_one,13,0,seed,,,,,0.0,-17.6706643808,0.0,0.0,
R4C6,independent_many_to_one,14,0,seed,,,,,0.0,-39.7820203644,0.0,0.0,
R4C6,independent_many_to_one,15,0,seed,,,,,0.0,88.8548559927,0.0,0.0,
R4C6,independent_many_to_one,16,0,seed,,,,,0.0,-72.312192707,0.0,0.0,
R4C6,independent_many_to_one,17,0,seed,,,,,0.0,54.5358555695,0.0,0.0,
R4C6,independent_many_to_one,18,0,seed,,,,,0.0,-72.4759309659,0.0,0.0,
R4C6,independent_many_to_one,19,0,seed,,,,,0.0,-72.0021424194,0.0,0.0,
R4C6,independent_many_to_one,20,0,seed,,,,,0.0,-54.1984775638,0.0,0.0,
R4C6,independent_many_to_one,21,0,seed,,,,,0.0,5.14718842942,0.0,0.0,
R4C6,independent_many_to_one,22,0,seed,,,,,0.0,-7.20698788827,0.0,0.0,
R4C6,independent_many_to_one,23,0,seed,,,,,0.0,-5.17622347848,0.0,0.0,
R4C6,independent_many_to_one,24,0,seed,,,,,0.0,-4.37508361472,0.0,0.0,
R4C6,independent_many_to_one,25,0,seed,,,,,0.0,-6.58477841756,0.0,0.0,
R4C6,independent_many_to_one,26,0,seed,,,,,0.0,23.5483219915,0.0,0.0,
R4C6,independent_many_to_one,27,0,seed,,,,,0.0,27.6803086122,0.0,0.0,
R4C6,independent_many_to_one,28,1,no_candidate,,,,,,,,,
R4C6,independent_many_to_one,29,1,matched,7.0,7.77269485217,6.21131992664,6.21131992664,6.21131992664,-74.9754300396,6.21131992664,6.21131992664,0.159685976057
R4C6,independent_many_to_one,30,1,matched,7.0,6.72817894045,6.27603102669,6.27603102669,6.27603102669,-74.9107189395,6.27603102669,6.27603102669,0.145852777058
R4C6,independent_many_to_one,31,1,matched,8.0,7.97083675571,-12.8433328033,-12.8433328033,-12.8433328033,-77.114269745,-12.8433328033,12.8433328033,0.478877790305
R4C6,independent_many_to_one,32,1,matched,9.0,7.98917938799,2.72094257918,2.72094257918,2.72094257918,27.1025801669,2.72094257918,2.72094257918,0.085315031066
R4C6,independent_many_to_one,33,1,no_candidate,,,,,,,,,
R4C6,independent_many_to_one,34,1,no_candidate,,,,,,,,,
R4C6,independent_many_to_one,35,1,matched,13.0,8.9951060821,-9.55245156775,-9.55245156775,-9.55245156775,-27.2231159485,-9.55245156775,9.55245156775,0.312811949339
R4C6,independent_many_to_one,36,1,matched,14.0,7.54963057625,-8.85491904321,-8.85491904321,-8.85491904321,-48.6369394076,-8.85491904321,8.85491904321,0.255681318692
R4C6,independent_many_to_one,37,1,matched,20.0,15.1384241559,4.60517626956,4.60517626956,4.60517626956,-49.5933012942,4.60517626956,4.60517626956,0.292887956189
R4C6,independent_many_to_one,38,1,no_candidate,,,,,,,,,
R4C6,independent_many_to_one,39,1,no_candidate,,,,,,,,,
R4C6,independent_many_to_one,40,1,no_candidate,,,,,,,,,
R4C6,independent_many_to_one,41,1,no_candidate,,,,,,,,,
R4C6,independent_many_to_one,42,1,matched,21.0,10.978142237,11.4821897271,11.4821897271,11.4821897271,16.6293781565,11.4821897271,11.4821897271,0.455746746703
R4C6,independent_many_to_one,43,1,no_candidate,,,,,,,,,
R4C6,independent_many_to_one,44,1,matched,24.0,9.82624542885,-15.7575893982,-15.7575893982,-15.7575893982,-20.1326730129,-15.7575893982,15.7575893982,0.7218160156
R4C6,independent_many_to_one,45,1,matched,26.0,15.1218056138,15.5695014351,15.5695014351,15.5695014351,39.1178234266,15.5695014351,15.5695014351,0.845365918708
R4C6,independent_many_to_one,46,1,matched,24.0,8.69183093391,0.694124092627,0.694124092627,0.694124092627,-3.68095952209,0.694124092627,0.694124092627,0.0802787608322
R4C6,independent_many_to_one,47,1,matched,26.0,8.12025678888,-5.65660139952,-5.65660139952,-5.65660139952,17.8917205919,-5.65660139952,5.65660139952,0.149009202649
R4C6,independent_many_to_one,48,1,matched,26.0,8.03408513765,-9.01708071526,-9.01708071526,-9.01708071526,14.5312412762,-9.01708071526,9.01708071526,0.270828693516
R4C6,independent_many_to_one,49,1,matched,26.0,9.26909739048,-14.9860564075,-14.9860564075,-14.9860564075,8.56226558402,-14.9860564075,14.9860564075,0.651381151825
R4C6,independent_many_to_one,50,2,no_candidate,,,,,,,,,
R4C6,independent_many_to_one,51,2,matched,29.0,9.00110155073,-12.9083468104,-19.1196667371,-12.9083468104,-87.88377685,-6.69702688378,19.1196667371,0.501365097294
R4C6,independent_many_to_one,52,2,matched,29.0,8.65725677551,-15.7240934624,-21.9354133891,-15.7240934624,-90.6995235021,-9.51277353581,21.9354133891,0.696564200136
R4C6,independent_many_to_one,53,2,matched,31.0,8.6922835056,7.16309862718,20.0064314304,7.16309862718,-69.9511711178,-5.68023417609,20.0064314304,0.207357429837
R4C6,independent_many_to_one,54,2,matched,32.0,8.75035751555,7.23728427456,4.51634169538,7.23728427456,34.3398644414,9.95822685375,9.95822685375,0.211088429919
R4C6,independent_many_to_one,55,2,matched,32.0,11.644596726,7.36506579475,4.64412321557,7.36506579475,34.4676459616,10.0860083739,10.0860083739,0.277536299015
R4C6,independent_many_to_one,56,2,no_candidate,,,,,,,,,
R4C6,independent_many_to_one,57,2,matched,35.0,7.60109039767,-8.62400337884,0.928448188909,-8.62400337884,-35.8471193274,-18.1764549466,18.1764549466,0.246406971146
R4C6,independent_many_to_one,58,2,no_candidate,,,,,,,,,
R4C6,independent_many_to_one,59,2,no_candidate,,,,,,,,,
R4C6,independent_many_to_one,60,2,no_candidate,,,,,,,,,
R4C6,independent_many_to_one,61,2,matched,42.0,9.09947302365,-10.7511223173,-22.2333120444,-10.7511223173,5.87825583918,0.73106740976,22.2333120444,0.375631823046
R4C6,independent_many_to_one,62,2,no_candidate,,,,,,,,,
R4C6,independent_many_to_one,63,2,no_candidate,,,,,,,,,
R4C6,independent_many_to_one,64,2,matched,45.0,8.21501104855,14.929330336,-0.640171099113,14.929330336,54.0471537626,30.4988317711,30.4988317711,0.627848698707
R4C6,independent_many_to_one,65,2,no_candidate,,,,,,,,,
R4C6,independent_many_to_one,66,2,no_candidate,,,,,,,,,
R4C6,independent_many_to_one,67,3,no_candidate,,,,,,,,,
R4C6,independent_many_to_one,68,3,matched,52.0,10.8236696506,-8.58972033741,7.13437312504,-8.58972033741,-99.2892438395,-18.1024938732,30.5251337265,0.307078304397
R4C6,independent_many_to_one,69,3,no_candidate,,,,,,,,,
R4C6,independent_many_to_one,70,3,no_candidate,,,,,,,,,
R4C6,independent_many_to_one,71,3,matched,53.0,8.48352821763,13.3940180808,6.23091945367,13.3940180808,-56.557153037,7.71378390476,33.4004495113,0.523828873686
R4C6,independent_many_to_one,72,3,matched,55.0,7.54018268524,-0.587047405438,-7.95211320019,-0.587047405438,33.8805985562,9.4989609685,10.6730557794,0.0603696807376
R4C6,independent_many_to_one,73,3,matched,57.0,7.44646309446,5.51192938338,14.1359327622,5.51192938338,-30.335189944,-12.6645255632,23.68838433,0.13399143144
R4C6,independent_many_to_one,74,3,no_candidate,,,,,,,,,
R4C6,independent_many_to_one,75,3,no_candidate,,,,,,,,,
R4C6,independent_many_to_one,76,3,no_candidate,,,,,,,,,
R4C6,independent_many_to_one,77,3,no_candidate,,,,,,,,,
R4C6,independent_many_to_one,78,3,matched,61.0,13.9276380373,7.39311060706,18.1442329244,7.39311060706,13.2713664462,8.12417801682,29.6264226515,0.339678584328
R4C6,independent_many_to_one,79,3,matched,61.0,8.55308509147,0.316206254186,11.0673285715,0.316206254186,6.19446209336,1.04727366395,22.5495182986,0.0768198646864
R4C6,independent_many_to_one,80,3,no_candidate,,,,,,,,,
R4C6,independent_many_to_one,81,3,no_candidate,,,,,,,,,
R4C6,independent_many_to_one,82,3,matched,64.0,8.0236338131,-1.48028979801,-16.409620134,-1.48028979801,52.5668639645,29.0185419731,31.9791215691,0.0728618187725
R4C6,independent_many_to_one,83,3,no_candidate,,,,,,,,,
R4C6,independent_many_to_one,84,3,no_candidate,,,,,,,,,
R4C6,independent_many_to_one,85,4,no_candidate,,,,,,,,,
R4C6,independent_many_to_one,86,4,no_candidate,,,,,,,,,
R4C6,independent_many_to_one,87,4,no_candidate,,,,,,,,,
R4C6,independent_many_to_one,88,4,no_candidate,,,,,,,,,
R4C6,independent_many_to_one,89,4,no_candidate,,,,,,,,,
R4C6,independent_many_to_one,90,4,no_candidate,,,,,,,,,
R4C6,independent_many_to_one,91,4,matched,72.0,8.68829349592,-3.22374031077,-2.63669290533,-3.22374031077,30.6568582454,6.27522065773,13.8967960901,0.104991143333
R4C6,independent_many_to_one,92,4,no_candidate,,,,,,,,,
R4C6,independent_many_to_one,93,4,no_candidate,,,,,,,,,
R4C6,independent_many_to_one,94,4,no_candidate,,,,,,,,,
R4C6,independent_many_to_one,95,4,no_candidate,,,,,,,,,
R4C6,independent_many_to_one,96,4,matched,79.0,9.00305722891,6.40413921934,6.08793296515,6.40413921934,12.5986013127,7.45141288328,28.9536575179,0.187370905538
R4C6,independent_many_to_one,97,4,no_candidate,,,,,,,,,
R4C6,independent_many_to_one,98,4,no_candidate,,,,,,,,,
R4C6,independent_many_to_one,99,4,no_candidate,,,,,,,,,
R4C6,independent_many_to_one,100,4,no_candidate,,,,,,,,,
R4C6,independent_many_to_one,101,4,no_candidate,,,,,,,,,
R4C6,independent_many_to_one,102,4,no_candidate,,,,,,,,,
R4C6,independent_many_to_one,103,5,no_candidate,,,,,,,,,
R4C6,independent_many_to_one,104,5,no_candidate,,,,,,,,,
R4C6,independent_many_to_one,105,5,no_candidate,,,,,,,,,
R4C6,independent_many_to_one,106,5,no_candidate,,,,,,,,,
R4C6,independent_many_to_one,107,5,no_candidate,,,,,,,,,
R4C6,independent_many_to_one,108,5,no_candidate,,,,,,,,,
R4C6,independent_many_to_one,109,5,matched,91.0,8.83210090337,-8.08315342154,-4.85941311078,-8.08315342154,22.5737048239,-1.80793276381,21.9799495117,0.244990479383
R4C6,independent_many_to_one,110,5,no_candidate,,,,,,,,,
R4C6,independent_many_to_one,111,5,no_candidate,,,,,,,,,
R4C6,independent_many_to_one,112,5,no_candidate,,,,,,,,,
R4C6,independent_many_to_one,113,5,matched,96.0,9.41654120174,-5.35469222549,-11.7588314448,-5.35469222549,7.24390908721,2.09672065779,34.3083497434,0.164491936716
R4C6,independent_many_to_one,114,5,matched,96.0,7.40626564018,-1.34986635987,-7.75400557921,-1.34986635987,11.2487349528,6.10154652341,30.3035238778,0.0619684558663
R4C6,independent_many_to_one,115,5,no_candidate,,,,,,,,,
R4C6,independent_many_to_one,116,5,no_candidate,,,,,,,,,
R4C6,independent_many_to_one,117,5,no_candidate,,,,,,,,,
R4C6,independent_many_to_one,118,5,no_candidate,,,,,,,,,
R4C6,independent_many_to_one,119,5,no_candidate,,,,,,,,,
R4C6,independent_many_to_one,120,5,no_candidate,,,,,,,,,
R4C6,independent_many_to_one,121,5,no_candidate,,,,,,,,,
R4C6,independent_many_to_one,122,5,no_candidate,,,,,,,,,
R4C6,independent_many_to_one,123,5,no_candidate,,,,,,,,,
R4C6,independent_many_to_one,124,6,no_candidate,,,,,,,,,
R4C6,independent_many_to_one,125,6,no_candidate,,,,,,,,,
R4C6,independent_many_to_one,126,6,no_candidate,,,,,,,,,
R4C6,independent_many_to_one,127,6,no_candidate,,,,,,,,,
R4C6,independent_many_to_one,128,6,no_candidate,,,,,,,,,
R4C6,independent_many_to_one,129,6,no_candidate,,,,,,,,,
R4C6,independent_many_to_one,130,6,no_candidate,,,,,,,,,
R4C6,independent_many_to_one,131,6,no_candidate,,,,,,,,,
R4C6,independent_many_to_one,132,6,no_candidate,,,,,,,,,
R4C6,independent_many_to_one,133,6,no_candidate,,,,,,,,,
R4C6,independent_many_to_one,134,6,no_candidate,,,,,,,,,
R4C6,independent_many_to_one,135,6,no_candidate,,,,,,,,,
R4C6,independent_many_to_one,136,6,no_candidate,,,,,,,,,
R4C6,independent_many_to_one,137,6,no_candidate,,,,,,,,,
R4C6,independent_many_to_one,138,6,no_candidate,,,,,,,,,
R4C6,independent_many_to_one,139,6,no_candidate,,,,,,,,,
R4C6,independent_many_to_one,140,6,no_candidate,,,,,,,,,
R4C6,independent_many_to_one,141,7,no_candidate,,,,,,,,,
R4C6,independent_many_to_one,142,7,no_candidate,,,,,,,,,
R4C6,independent_many_to_one,143,7,no_candidate,,,,,,,,,
R4C6,independent_many_to_one,144,7,no_candidate,,,,,,,,,
R4C6,independent_many_to_one,145,7,no_candidate,,,,,,,,,
R4C6,independent_many_to_one,146,7,no_candidate,,,,,,,,,
R4C6,independent_many_to_one,147,7,no_candidate,,,,,,,,,
R4C6,independent_many_to_one,148,7,no_candidate,,,,,,,,,
R4C6,independent_many_to_one,149,7,no_candidate,,,,,,,,,
R4C6,independent_many_to_one,150,7,no_candidate,,,,,,,,,
R4C6,independent_many_to_one,151,7,no_candidate,,,,,,,,,
R4C6,independent_many_to_one,152,7,no_candidate,,,,,,,,,
R4C6,independent_many_to_one,153,7,no_candidate,,,,,,,,,
R4C6,independent_many_to_one,154,8,no_candidate,,,,,,,,,
R4C6,independent_many_to_one,155,8,no_candidate,,,,,,,,,
R4C6,independent_many_to_one,156,8,no_candidate,,,,,,,,,
R4C6,independent_many_to_one,157,8,no_candidate,,,,,,,,,
R4C6,independent_many_to_one,158,8,no_candidate,,,,,,,,,
R4C6,independent_many_to_one,159,8,no_candidate,,,,,,,,,
R4C6,independent_many_to_one,160,8,no_candidate,,,,,,,,,
R4C6,independent_many_to_one,161,8,no_candidate,,,,,,,,,
R4C6,independent_many_to_one,162,8,no_candidate,,,,,,,,,
R4C6,independent_many_to_one,163,8,no_candidate,,,,,,,,,
R4C6,independent_many_to_one,164,8,no_candidate,,,,,,,,,
R4C6,independent_many_to_one,165,8,no_candidate,,,,,,,,,
R4C6,independent_many_to_one,166,8,no_candidate,,,,,,,,,
R4C6,independent_many_to_one,167,8,no_candidate,,,,,,,,,
R4C6,independent_many_to_one,168,8,no_candidate,,,,,,,,,
R4C6,independent_many_to_one,169,8,no_candidate,,,,,,,,,
R4C6,independent_many_to_one,170,8,no_candidate,,,,,,,,,
R4C6,independent_many_to_one,171,9,no_candidate,,,,,,,,,
R4C6,independent_many_to_one,172,9,no_candidate,,,,,,,,,
R4C6,independent_many_to_one,173,9,no_candidate,,,,,,,,,
R4C6,independent_many_to_one,174,9,no_candidate,,,,,,,,,
R4C6,independent_many_to_one,175,9,no_candidate,,,,,,,,,
R4C6,independent_many_to_one,176,9,no_candidate,,,,,,,,,
R4C6,independent_many_to_one,177,9,no_candidate,,,,,,,,,
R4C6,independent_many_to_one,178,9,no_candidate,,,,,,,,,
R4C6,independent_many_to_one,179,9,no_candidate,,,,,,,,,
R4C6,independent_many_to_one,180,9,no_candidate,,,,,,,,,
R4C6,independent_many_to_one,181,10,no_candidate,,,,,,,,,
R4C6,independent_many_to_one,182,10,no_candidate,,,,,,,,,
R4C6,independent_many_to_one,183,10,no_candidate,,,,,,,,,
R4C6,independent_many_to_one,184,10,no_candidate,,,,,,,,,
R4C6,independent_many_to_one,185,10,no_candidate,,,,,,,,,
R4C6,independent_many_to_one,186,10,no_candidate,,,,,,,,,
R4C6,independent_many_to_one,187,10,no_candidate,,,,,,,,,
R4C6,independent_many_to_one,188,10,no_candidate,,,,,,,,,
R4C6,independent_many_to_one,189,11,no_candidate,,,,,,,,,
R4C6,independent_many_to_one,190,11,no_candidate,,,,,,,,,
R4C6,independent_many_to_one,191,11,no_candidate,,,,,,,,,
R4C6,independent_many_to_one,192,11,no_candidate,,,,,,,,,
R4C6,independent_many_to_one,193,11,no_candidate,,,,,,,,,
R4C6,independent_many_to_one,194,11,no_candidate,,,,,,,,,
R4C6,independent_many_to_one,195,11,no_candidate,,,,,,,,,
R4C6,independent_many_to_one,196,11,no_candidate,,,,,,,,,
R4C6,independent_many_to_one,197,11,no_candidate,,,,,,,,,
R4C6,independent_many_to_one,198,12,no_candidate,,,,,,,,,
R4C6,independent_many_to_one,199,12,no_candidate,,,,,,,,,
R4C6,global_one_to_one,0,0,seed,,,,,0.0,54.2872417476,0.0,0.0,
R4C6,global_one_to_one,1,0,seed,,,,,0.0,-80.8102167029,0.0,0.0,
R4C6,global_one_to_one,2,0,seed,,,,,0.0,-85.7125032668,0.0,0.0,
R4C6,global_one_to_one,3,0,seed,,,,,0.0,58.9187893866,0.0,0.0,
R4C6,global_one_to_one,4,0,seed,,,,,0.0,50.832847493,0.0,0.0,
R4C6,global_one_to_one,5,0,seed,,,,,0.0,68.2169516206,0.0,0.0,
R4C6,global_one_to_one,6,0,seed,,,,,0.0,-87.7193377521,0.0,0.0,
R4C6,global_one_to_one,7,0,seed,,,,,0.0,-81.1867499662,0.0,0.0,
R4C6,global_one_to_one,8,0,seed,,,,,0.0,-64.2709369417,0.0,0.0,
R4C6,global_one_to_one,9,0,seed,,,,,0.0,24.3816375877,0.0,0.0,
R4C6,global_one_to_one,10,0,seed,,,,,0.0,-48.5701789439,0.0,0.0,
R4C6,global_one_to_one,11,0,seed,,,,,0.0,72.7760570792,0.0,0.0,
R4C6,global_one_to_one,12,0,seed,,,,,0.0,84.3481395358,0.0,0.0,
R4C6,global_one_to_one,13,0,seed,,,,,0.0,-17.6706643808,0.0,0.0,
R4C6,global_one_to_one,14,0,seed,,,,,0.0,-39.7820203644,0.0,0.0,
R4C6,global_one_to_one,15,0,seed,,,,,0.0,88.8548559927,0.0,0.0,
R4C6,global_one_to_one,16,0,seed,,,,,0.0,-72.312192707,0.0,0.0,
R4C6,global_one_to_one,17,0,seed,,,,,0.0,54.5358555695,0.0,0.0,
R4C6,global_one_to_one,18,0,seed,,,,,0.0,-72.4759309659,0.0,0.0,
R4C6,global_one_to_one,19,0,seed,,,,,0.0,-72.0021424194,0.0,0.0,
R4C6,global_one_to_one,20,0,seed,,,,,0.0,-54.1984775638,0.0,0.0,
R4C6,global_one_to_one,21,0,seed,,,,,0.0,5.14718842942,0.0,0.0,
R4C6,global_one_to_one,22,0,seed,,,,,0.0,-7.20698788827,0.0,0.0,
R4C6,global_one_to_one,23,0,seed,,,,,0.0,-5.17622347848,0.0,0.0,
R4C6,global_one_to_one,24,0,seed,,,,,0.0,-4.37508361472,0.0,0.0,
R4C6,global_one_to_one,25,0,seed,,,,,0.0,-6.58477841756,0.0,0.0,
R4C6,global_one_to_one,26,0,seed,,,,,0.0,23.5483219915,0.0,0.0,
R4C6,global_one_to_one,27,0,seed,,,,,0.0,27.6803086122,0.0,0.0,
R4C6,global_one_to_one,28,1,no_candidate,,,,,,,,,
R4C6,global_one_to_one,29,1,global_unmatched,,,,,,,,,
R4C6,global_one_to_one,30,1,global_ambiguity,,,,,,,,,
R4C6,global_one_to_one,31,1,matched,8.0,7.97083675571,-12.8433328033,-12.8433328033,-12.8433328033,-77.114269745,-12.8433328033,12.8433328033,0.478877790305
R4C6,global_one_to_one,32,1,matched,9.0,7.98917938799,2.72094257918,2.72094257918,2.72094257918,27.1025801669,2.72094257918,2.72094257918,0.085315031066
R4C6,global_one_to_one,33,1,no_candidate,,,,,,,,,
R4C6,global_one_to_one,34,1,no_candidate,,,,,,,,,
R4C6,global_one_to_one,35,1,matched,13.0,8.9951060821,-9.55245156775,-9.55245156775,-9.55245156775,-27.2231159485,-9.55245156775,9.55245156775,0.312811949339
R4C6,global_one_to_one,36,1,matched,14.0,7.54963057625,-8.85491904321,-8.85491904321,-8.85491904321,-48.6369394076,-8.85491904321,8.85491904321,0.255681318692
R4C6,global_one_to_one,37,1,matched,20.0,15.1384241559,4.60517626956,4.60517626956,4.60517626956,-49.5933012942,4.60517626956,4.60517626956,0.292887956189
R4C6,global_one_to_one,38,1,no_candidate,,,,,,,,,
R4C6,global_one_to_one,39,1,no_candidate,,,,,,,,,
R4C6,global_one_to_one,40,1,no_candidate,,,,,,,,,
R4C6,global_one_to_one,41,1,no_candidate,,,,,,,,,
R4C6,global_one_to_one,42,1,matched,21.0,10.978142237,11.4821897271,11.4821897271,11.4821897271,16.6293781565,11.4821897271,11.4821897271,0.455746746703
R4C6,global_one_to_one,43,1,no_candidate,,,,,,,,,
R4C6,global_one_to_one,44,1,global_unmatched,,,,,,,,,
R4C6,global_one_to_one,45,1,global_unmatched,,,,,,,,,
R4C6,global_one_to_one,46,1,matched,24.0,8.69183093391,0.694124092627,0.694124092627,0.694124092627,-3.68095952209,0.694124092627,0.694124092627,0.0802787608322
R4C6,global_one_to_one,47,1,matched,26.0,8.12025678888,-5.65660139952,-5.65660139952,-5.65660139952,17.8917205919,-5.65660139952,5.65660139952,0.149009202649
R4C6,global_one_to_one,48,1,global_unmatched,,,,,,,,,
R4C6,global_one_to_one,49,1,global_unmatched,,,,,,,,,
R4C6,global_one_to_one,50,2,no_candidate,,,,,,,,,
R4C6,global_one_to_one,51,2,no_candidate,,,,,,,,,
R4C6,global_one_to_one,52,2,no_candidate,,,,,,,,,
R4C6,global_one_to_one,53,2,matched,31.0,8.6922835056,7.16309862718,20.0064314304,7.16309862718,-69.9511711178,-5.68023417609,20.0064314304,0.207357429837
R4C6,global_one_to_one,54,2,matched,32.0,8.75035751555,7.23728427456,4.51634169538,7.23728427456,34.3398644414,9.95822685375,9.95822685375,0.211088429919
R4C6,global_one_to_one,55,2,global_unmatched,,,,,,,,,
R4C6,global_one_to_one,56,2,no_candidate,,,,,,,,,
R4C6,global_one_to_one,57,2,matched,35.0,7.60109039767,-8.62400337884,0.928448188909,-8.62400337884,-35.8471193274,-18.1764549466,18.1764549466,0.246406971146
R4C6,global_one_to_one,58,2,no_candidate,,,,,,,,,
R4C6,global_one_to_one,59,2,no_candidate,,,,,,,,,
R4C6,global_one_to_one,60,2,no_candidate,,,,,,,,,
R4C6,global_one_to_one,61,2,matched,42.0,9.09947302365,-10.7511223173,-22.2333120444,-10.7511223173,5.87825583918,0.73106740976,22.2333120444,0.375631823046
R4C6,global_one_to_one,62,2,no_candidate,,,,,,,,,
R4C6,global_one_to_one,63,2,no_candidate,,,,,,,,,
R4C6,global_one_to_one,64,2,no_candidate,,,,,,,,,
R4C6,global_one_to_one,65,2,no_candidate,,,,,,,,,
R4C6,global_one_to_one,66,2,no_candidate,,,,,,,,,
R4C6,global_one_to_one,67,3,no_candidate,,,,,,,,,
R4C6,global_one_to_one,68,3,no_candidate,,,,,,,,,
R4C6,global_one_to_one,69,3,no_candidate,,,,,,,,,
R4C6,global_one_to_one,70,3,no_candidate,,,,,,,,,
R4C6,global_one_to_one,71,3,matched,53.0,8.48352821763,13.3940180808,6.23091945367,13.3940180808,-56.557153037,7.71378390476,33.4004495113,0.523828873686
R4C6,global_one_to_one,72,3,no_candidate,,,,,,,,,
R4C6,global_one_to_one,73,3,matched,57.0,7.44646309446,5.51192938338,14.1359327622,5.51192938338,-30.335189944,-12.6645255632,23.68838433,0.13399143144
R4C6,global_one_to_one,74,3,no_candidate,,,,,,,,,
R4C6,global_one_to_one,75,3,no_candidate,,,,,,,,,
R4C6,global_one_to_one,76,3,no_candidate,,,,,,,,,
R4C6,global_one_to_one,77,3,no_candidate,,,,,,,,,
R4C6,global_one_to_one,78,3,global_unmatched,,,,,,,,,
R4C6,global_one_to_one,79,3,matched,61.0,8.55308509147,0.316206254186,11.0673285715,0.316206254186,6.19446209336,1.04727366395,22.5495182986,0.0768198646864
R4C6,global_one_to_one,80,3,no_candidate,,,,,,,,,
R4C6,global_one_to_one,81,3,no_candidate,,,,,,,,,
R4C6,global_one_to_one,82,3,no_candidate,,,,,,,,,
R4C6,global_one_to_one,83,3,no_candidate,,,,,,,,,
R4C6,global_one_to_one,84,3,no_candidate,,,,,,,,,
R4C6,global_one_to_one,85,4,no_candidate,,,,,,,,,
R4C6,global_one_to_one,86,4,no_candidate,,,,,,,,,
R4C6,global_one_to_one,87,4,no_candidate,,,,,,,,,
R4C6,global_one_to_one,88,4,no_candidate,,,,,,,,,
R4C6,global_one_to_one,89,4,no_candidate,,,,,,,,,
R4C6,global_one_to_one,90,4,no_candidate,,,,,,,,,
R4C6,global_one_to_one,91,4,no_candidate,,,,,,,,,
R4C6,global_one_to_one,92,4,no_candidate,,,,,,,,,
R4C6,global_one_to_one,93,4,no_candidate,,,,,,,,,
R4C6,global_one_to_one,94,4,no_candidate,,,,,,,,,
R4C6,global_one_to_one,95,4,no_candidate,,,,,,,,,
R4C6,global_one_to_one,96,4,matched,79.0,9.00305722891,6.40413921934,6.08793296515,6.40413921934,12.5986013127,7.45141288328,28.9536575179,0.187370905538
R4C6,global_one_to_one,97,4,no_candidate,,,,,,,,,
R4C6,global_one_to_one,98,4,no_candidate,,,,,,,,,
R4C6,global_one_to_one,99,4,no_candidate,,,,,,,,,
R4C6,global_one_to_one,100,4,no_candidate,,,,,,,,,
R4C6,global_one_to_one,101,4,no_candidate,,,,,,,,,
R4C6,global_one_to_one,102,4,no_candidate,,,,,,,,,
R4C6,global_one_to_one,103,5,no_candidate,,,,,,,,,
R4C6,global_one_to_one,104,5,no_candidate,,,,,,,,,
R4C6,global_one_to_one,105,5,no_candidate,,,,,,,,,
R4C6,global_one_to_one,106,5,no_candidate,,,,,,,,,
R4C6,global_one_to_one,107,5,no_candidate,,,,,,,,,
R4C6,global_one_to_one,108,5,no_candidate,,,,,,,,,
R4C6,global_one_to_one,109,5,no_candidate,,,,,,,,,
R4C6,global_one_to_one,110,5,no_candidate,,,,,,,,,
R4C6,global_one_to_one,111,5,no_candidate,,,,,,,,,
R4C6,global_one_to_one,112,5,no_candidate,,,,,,,,,
R4C6,global_one_to_one,113,5,global_unmatched,,,,,,,,,
R4C6,global_one_to_one,114,5,matched,96.0,7.40626564018,-1.34986635987,-7.75400557921,-1.34986635987,11.2487349528,6.10154652341,30.3035238778,0.0619684558663
R4C6,global_one_to_one,115,5,no_candidate,,,,,,,,,
R4C6,global_one_to_one,116,5,no_candidate,,,,,,,,,
R4C6,global_one_to_one,117,5,no_candidate,,,,,,,,,
R4C6,global_one_to_one,118,5,no_candidate,,,,,,,,,
R4C6,global_one_to_one,119,5,no_candidate,,,,,,,,,
R4C6,global_one_to_one,120,5,no_candidate,,,,,,,,,
R4C6,global_one_to_one,121,5,no_candidate,,,,,,,,,
R4C6,global_one_to_one,122,5,no_candidate,,,,,,,,,
R4C6,global_one_to_one,123,5,no_candidate,,,,,,,,,
R4C6,global_one_to_one,124,6,no_candidate,,,,,,,,,
R4C6,global_one_to_one,125,6,no_candidate,,,,,,,,,
R4C6,global_one_to_one,126,6,no_candidate,,,,,,,,,
R4C6,global_one_to_one,127,6,no_candidate,,,,,,,,,
R4C6,global_one_to_one,128,6,no_candidate,,,,,,,,,
R4C6,global_one_to_one,129,6,no_candidate,,,,,,,,,
R4C6,global_one_to_one,130,6,no_candidate,,,,,,,,,
R4C6,global_one_to_one,131,6,no_candidate,,,,,,,,,
R4C6,global_one_to_one,132,6,no_candidate,,,,,,,,,
R4C6,global_one_to_one,133,6,no_candidate,,,,,,,,,
R4C6,global_one_to_one,134,6,no_candidate,,,,,,,,,
R4C6,global_one_to_one,135,6,no_candidate,,,,,,,,,
R4C6,global_one_to_one,136,6,no_candidate,,,,,,,,,
R4C6,global_one_to_one,137,6,no_candidate,,,,,,,,,
R4C6,global_one_to_one,138,6,no_candidate,,,,,,,,,
R4C6,global_one_to_one,139,6,no_candidate,,,,,,,,,
R4C6,global_one_to_one,140,6,no_candidate,,,,,,,,,
R4C6,global_one_to_one,141,7,no_candidate,,,,,,,,,
R4C6,global_one_to_one,142,7,no_candidate,,,,,,,,,
R4C6,global_one_to_one,143,7,no_candidate,,,,,,,,,
R4C6,global_one_to_one,144,7,no_candidate,,,,,,,,,
R4C6,global_one_to_one,145,7,no_candidate,,,,,,,,,
R4C6,global_one_to_one,146,7,no_candidate,,,,,,,,,
R4C6,global_one_to_one,147,7,no_candidate,,,,,,,,,
R4C6,global_one_to_one,148,7,no_candidate,,,,,,,,,
R4C6,global_one_to_one,149,7,no_candidate,,,,,,,,,
R4C6,global_one_to_one,150,7,no_candidate,,,,,,,,,
R4C6,global_one_to_one,151,7,no_candidate,,,,,,,,,
R4C6,global_one_to_one,152,7,no_candidate,,,,,,,,,
R4C6,global_one_to_one,153,7,no_candidate,,,,,,,,,
R4C6,global_one_to_one,154,8,no_candidate,,,,,,,,,
R4C6,global_one_to_one,155,8,no_candidate,,,,,,,,,
R4C6,global_one_to_one,156,8,no_candidate,,,,,,,,,
R4C6,global_one_to_one,157,8,no_candidate,,,,,,,,,
R4C6,global_one_to_one,158,8,no_candidate,,,,,,,,,
R4C6,global_one_to_one,159,8,no_candidate,,,,,,,,,
R4C6,global_one_to_one,160,8,no_candidate,,,,,,,,,
R4C6,global_one_to_one,161,8,no_candidate,,,,,,,,,
R4C6,global_one_to_one,162,8,no_candidate,,,,,,,,,
R4C6,global_one_to_one,163,8,no_candidate,,,,,,,,,
R4C6,global_one_to_one,164,8,no_candidate,,,,,,,,,
R4C6,global_one_to_one,165,8,no_candidate,,,,,,,,,
R4C6,global_one_to_one,166,8,no_candidate,,,,,,,,,
R4C6,global_one_to_one,167,8,no_candidate,,,,,,,,,
R4C6,global_one_to_one,168,8,no_candidate,,,,,,,,,
R4C6,global_one_to_one,169,8,no_candidate,,,,,,,,,
R4C6,global_one_to_one,170,8,no_candidate,,,,,,,,,
R4C6,global_one_to_one,171,9,no_candidate,,,,,,,,,
R4C6,global_one_to_one,172,9,no_candidate,,,,,,,,,
R4C6,global_one_to_one,173,9,no_candidate,,,,,,,,,
R4C6,global_one_to_one,174,9,no_candidate,,,,,,,,,
R4C6,global_one_to_one,175,9,no_candidate,,,,,,,,,
R4C6,global_one_to_one,176,9,no_candidate,,,,,,,,,
R4C6,global_one_to_one,177,9,no_candidate,,,,,,,,,
R4C6,global_one_to_one,178,9,no_candidate,,,,,,,,,
R4C6,global_one_to_one,179,9,no_candidate,,,,,,,,,
R4C6,global_one_to_one,180,9,no_candidate,,,,,,,,,
R4C6,global_one_to_one,181,10,no_candidate,,,,,,,,,
R4C6,global_one_to_one,182,10,no_candidate,,,,,,,,,
R4C6,global_one_to_one,183,10,no_candidate,,,,,,,,,
R4C6,global_one_to_one,184,10,no_candidate,,,,,,,,,
R4C6,global_one_to_one,185,10,no_candidate,,,,,,,,,
R4C6,global_one_to_one,186,10,no_candidate,,,,,,,,,
R4C6,global_one_to_one,187,10,no_candidate,,,,,,,,,
R4C6,global_one_to_one,188,10,no_candidate,,,,,,,,,
R4C6,global_one_to_one,189,11,no_candidate,,,,,,,,,
R4C6,global_one_to_one,190,11,no_candidate,,,,,,,,,
R4C6,global_one_to_one,191,11,no_candidate,,,,,,,,,
R4C6,global_one_to_one,192,11,no_candidate,,,,,,,,,
R4C6,global_one_to_one,193,11,no_candidate,,,,,,,,,
R4C6,global_one_to_one,194,11,no_candidate,,,,,,,,,
R4C6,global_one_to_one,195,11,no_candidate,,,,,,,,,
R4C6,global_one_to_one,196,11,no_candidate,,,,,,,,,
R4C6,global_one_to_one,197,11,no_candidate,,,,,,,,,
R4C6,global_one_to_one,198,12,no_candidate,,,,,,,,,
R4C6,global_one_to_one,199,12,no_candidate,,,,,,,,,
