Metadata_Dataset,Metadata_Strain,r,K,N0,d(A)/dt Area/hour,Kmax,NumSamples,OptimizerLoss,OptimizerStatus,MAE,MSE,RMSE
S 30C,CBS11445,0.1662244939441188,2714.8168820578553,137.58375758733033,112.81726559275437,4183.333333333333,5,125037.17210030058,2,183.05486706641696,42417.17051295519,205.95429229068083
S 30C,CBS1553,0.16756800801451938,2305.176634756886,115.45923366856913,96.56846420195616,3268.0,5,69568.90859120278,2,137.7984116698975,22390.045230347045,149.63303522400074
S 30C,CBS1554,0.14602636153988394,2378.764432128401,144.66828135145295,86.84057874604964,3268.0,5,73161.496692416,2,138.71073860977486,22431.745680850436,149.77231279796155
